wav_path,start_seconds,end_seconds,label,youtube_id,source,style
wav_files/soundbible_service-bell-help_d0af11a2f9.wav,,1.5698,bell,,soundbible,bell
wav_files/soundbible_van-sliding-door_c99dcc5a48.wav,,1.7129,close,,soundbible,close
wav_files/soundbible_airplane-landing-airport_caf74bfdeb.wav,,10.0,airport,,soundbible,airport
wav_files/soundbible_van-sliding-door_54d9d362c2.wav,,1.7129,close,,soundbible,close
wav_files/soundbible_alien-spaceship-ufo_aaf641a10e.wav,,10.0,sci fi,,soundbible,sci fi
wav_files/soundbible_service-bell-help_b00353553d.wav,,1.5698,bell,,soundbible,bell
wav_files/soundbible_labrador-barking-dog_75c7915a2b.wav,,10.0,labrador,,soundbible,labrador
wav_files/soundbible_sos-morse-code_aa9bc46011.wav,,2.9379,sos,,soundbible,sos
wav_files/soundbible_muscle-car_9fce13702c.wav,,10.0,engine rev,,soundbible,engine rev
wav_files/soundbible_old-car-starting_5f05b43ae7.wav,,10.0,old,,soundbible,old
wav_files/soundbible_harley-davidson_d80877cc2d.wav,,10.0,motorcycle,,soundbible,motorcycle
wav_files/soundbible_tasmanian-devil_e192b07f32.wav,,6.5001,tasmanian devil,,soundbible,tasmanian devil
wav_files/soundbible_cartoon-birds-2_67afa781a5.wav,,6.1851,silly,,soundbible,silly
wav_files/soundbible_sos-morse-code_efbefcd2f8.wav,,2.9379,sos,,soundbible,sos
wav_files/soundbible_heavy-rain-wind_d6a4aeab1e.wav,,10.0,rain,,soundbible,rain
wav_files/soundbible_tasmanian-devil_2396a3fa78.wav,,6.5001,tasmanian devil,,soundbible,tasmanian devil
wav_files/soundbible_bells-tibetan-large_a19971a61f.wav,,10.0,bell,,soundbible,bell
wav_files/soundbible_cartoon-birds-2_fd2779a832.wav,,6.1851,silly,,soundbible,silly
wav_files/soundbible_muscle-car_2f21ca885f.wav,,10.0,engine rev,,soundbible,engine rev
wav_files/soundbible_whistling-at-girl_d4622ace68.wav,,5.5343,whistle,,soundbible,whistle
wav_files/soundbible_poker-chips_e8f67e945e.wav,,1.2761,poker,,soundbible,poker
wav_files/soundbible_alien-spaceship-ufo_1817ce1061.wav,,10.0,sci fi,,soundbible,sci fi
wav_files/soundbible_hard-shoes_73e592fe3c.wav,,9.0398,shoes walking,,soundbible,shoes walking
wav_files/soundbible_tolling-bell_cdb5548e5d.wav,,10.0,tolling bell,,soundbible,tolling bell
wav_files/soundbible_whistling-at-girl_aee4a47eb5.wav,,5.5343,whistle,,soundbible,whistle
wav_files/soundbible_hard-shoes_39392b2b65.wav,,9.0398,shoes walking,,soundbible,shoes walking
wav_files/soundbible_marbles_a071bbe68c.wav,,5.15,marble,,soundbible,marble
wav_files/soundbible_sawing-wood_6784689cb7.wav,,10.0,sawing,,soundbible,sawing
wav_files/soundbible_large-waterfall_d2db1b7b3d.wav,,10.0,waterfall,,soundbible,waterfall
wav_files/soundbible_marbles_f9d7d6acc3.wav,,5.15,marble,,soundbible,marble
wav_files/soundbible_analog-watch-alarm_46f779c472.wav,,10.0,watch,,soundbible,watch
wav_files/soundbible_sawing-wood_b0cbbe33f9.wav,,10.0,sawing,,soundbible,sawing
wav_files/soundbible_bells-tibetan-large_6f71969d7d.wav,,10.0,bell,,soundbible,bell
wav_files/soundbible_airplane-landing-airport_480456b440.wav,,10.0,airport,,soundbible,airport
wav_files/soundbible_labrador-barking-dog_dc11fd6f89.wav,,10.0,labrador,,soundbible,labrador
wav_files/soundbible_baby-music-box_8cd0a01cfd.wav,,10.0,baby,,soundbible,baby
wav_files/soundbible_analog-watch-alarm_6bc0c0fd16.wav,,10.0,watch,,soundbible,watch
wav_files/soundbible_doberman-pinscher_ebefa773ac.wav,,10.0,large dog,,soundbible,large dog
wav_files/soundbible_fire-truck-horn_3ecc100b04.wav,,8.4518,fire truck,,soundbible,fire truck
wav_files/soundbible_flock-seagulls_e80e050cc7.wav,,10.0,seagulls,,soundbible,seagulls
wav_files/soundbible_airplane-takeoff_c752b8ba8b.wav,,10.0,airplane,,soundbible,airplane
wav_files/soundbible_front-desk-bell_5fba5b0161.wav,,4.3202,front desk,,soundbible,front desk
wav_files/soundbible_baby-music-box_fffda17e04.wav,,10.0,baby,,soundbible,baby
wav_files/soundbible_cartoon-phone-ring_cedf49eb75.wav,,5.9639,phone,,soundbible,phone
wav_files/soundbible_doberman-pinscher_6e5ffe039f.wav,,10.0,large dog,,soundbible,large dog
wav_files/soundbible_formula-1-racing_ed6bbadc3d.wav,,10.0,formula 1,,soundbible,formula 1
wav_files/soundbible_front-desk-bell_751092ff37.wav,,4.3202,front desk,,soundbible,front desk
wav_files/soundbible_cartoon-phone-ring_585eff83c6.wav,,5.9639,phone,,soundbible,phone
wav_files/soundbible_tolling-bell_be8de1a16a.wav,,10.0,tolling bell,,soundbible,tolling bell
wav_files/soundbible_ice-skating_d6f020adc1.wav,,10.0,ice,,soundbible,ice
wav_files/soundbible_old-school-bell_ad424df268.wav,,10.0,school,,soundbible,school
wav_files/soundbible_air-conditioner_e02c049d48.wav,,10.0,hot,,soundbible,hot
wav_files/soundbible_water-drops_b1161bd3a8.wav,,10.0,dark,,soundbible,dark
wav_files/soundbible_police-whistle_98a3c08d31.wav,,4.9804,police,,soundbible,police
wav_files/soundbible_fire-truck-horn_833befed7a.wav,,8.4518,fire truck,,soundbible,fire truck
wav_files/soundbible_slot-machine_e3e634f7f8.wav,,7.6956,game,,soundbible,game
wav_files/soundbible_ice-cubes-glass_f42df43110.wav,,1.5665,ice cubes,,soundbible,ice cubes
wav_files/soundbible_ice-cubes-glass_f2f1cd75d0.wav,,1.5665,ice cubes,,soundbible,ice cubes
wav_files/soundbible_dial-tone-american_89715e8691.wav,,4.008,dial tone,,soundbible,dial tone
wav_files/soundbible_police-whistle_e00d280491.wav,,4.9804,police,,soundbible,police
wav_files/soundbible_formula-1-racing_c7d21b8b3b.wav,,10.0,formula 1,,soundbible,formula 1
wav_files/soundbible_old-school-bell_f3ddb19165.wav,,10.0,school,,soundbible,school
wav_files/soundbible_dixie-horn_efe9b4ebc7.wav,,2.6151,Dixie Horn,,soundbible,Dixie Horn
wav_files/soundbible_dixie-horn_74c9982366.wav,,2.6151,Dixie Horn,,soundbible,Dixie Horn
wav_files/soundbible_meadowlark_05f8b9fdae.wav,,10.0,meadowlark,,soundbible,meadowlark
wav_files/soundbible_slot-machine_c9b73c0c90.wav,,7.6956,game,,soundbible,game
wav_files/soundbible_steam-train-whistle_ef2b048ea4.wav,,6.278,train,,soundbible,train
wav_files/soundbible_large-waterfall_5528049e7f.wav,,10.0,waterfall,,soundbible,waterfall
wav_files/soundbible_submarine-diving_4fd83c8e32.wav,,9.3791,submarine,,soundbible,submarine
wav_files/soundbible_steam-train-whistle_0109fa734b.wav,,6.278,train,,soundbible,train
wav_files/soundbible_crackling-fireplace_5d7191114e.wav,,10.0,crackling,,soundbible,crackling
wav_files/soundbible_harley-davidson_76fe3b24de.wav,,10.0,motorcycle,,soundbible,motorcycle
wav_files/soundbible_submarine-diving_45fe9c4576.wav,,9.3791,submarine,,soundbible,submarine
wav_files/soundbible_street_b8bcc03f73.wav,,10.0,city,,soundbible,city
wav_files/soundbible_meadowlark_05e56d8b9d.wav,,10.0,meadowlark,,soundbible,meadowlark
wav_files/soundbible_heavy-rain-wind_26e23ceaff.wav,,10.0,rain,,soundbible,rain
wav_files/soundbible_street_c7e3fc3cc0.wav,,10.0,city,,soundbible,city
wav_files/soundbible_crackling-fireplace_dc65bcffd5.wav,,10.0,crackling,,soundbible,crackling
wav_files/soundbible_airplane-takeoff_2efcf80cf7.wav,,10.0,airplane,,soundbible,airplane
wav_files/soundbible_water-drops_bc23b584c3.wav,,10.0,dark,,soundbible,dark
wav_files/soundbible_flock-seagulls_f28858b701.wav,,10.0,seagulls,,soundbible,seagulls
wav_files/soundbible_air-conditioner_e5e57db05e.wav,,10.0,hot,,soundbible,hot
wav_files/soundbible_service-bell-help_d0af11a2f9.wav,,1.5698,bell,,soundbible,bell
wav_files/soundbible_van-sliding-door_c99dcc5a48.wav,,1.7129,close,,soundbible,close
wav_files/soundbible_poker-chips_b96d0167d3.wav,,1.2761,poker,,soundbible,poker
wav_files/soundbible_cartoon-birds-2_67afa781a5.wav,,6.1851,silly,,soundbible,silly
wav_files/soundbible_tasmanian-devil_e192b07f32.wav,,6.5001,tasmanian devil,,soundbible,tasmanian devil
wav_files/soundbible_sos-morse-code_aa9bc46011.wav,,2.9379,sos,,soundbible,sos
wav_files/soundbible_airplane-landing-airport_caf74bfdeb.wav,,10.0,airport,,soundbible,airport
wav_files/soundbible_muscle-car_9fce13702c.wav,,10.0,engine rev,,soundbible,engine rev
wav_files/soundbible_whistling-at-girl_d4622ace68.wav,,5.5343,whistle,,soundbible,whistle
wav_files/soundbible_hard-shoes_73e592fe3c.wav,,9.0398,shoes walking,,soundbible,shoes walking
wav_files/soundbible_service-bell-help_b00353553d.wav,,1.5698,bell,,soundbible,bell
wav_files/soundbible_alien-spaceship-ufo_aaf641a10e.wav,,10.0,sci fi,,soundbible,sci fi
wav_files/soundbible_poker-chips_e8f67e945e.wav,,1.2761,poker,,soundbible,poker
wav_files/soundbible_bells-tibetan-large_a19971a61f.wav,,10.0,bell,,soundbible,bell
wav_files/soundbible_van-sliding-door_54d9d362c2.wav,,1.7129,close,,soundbible,close
wav_files/soundbible_tolling-bell_cdb5548e5d.wav,,10.0,tolling bell,,soundbible,tolling bell
wav_files/soundbible_old-car-starting_5f05b43ae7.wav,,10.0,old,,soundbible,old
wav_files/soundbible_marbles_a071bbe68c.wav,,5.15,marble,,soundbible,marble
wav_files/soundbible_harley-davidson_d80877cc2d.wav,,10.0,motorcycle,,soundbible,motorcycle
wav_files/soundbible_sawing-wood_6784689cb7.wav,,10.0,sawing,,soundbible,sawing
wav_files/soundbible_whistling-at-girl_aee4a47eb5.wav,,5.5343,whistle,,soundbible,whistle
wav_files/soundbible_baby-music-box_8cd0a01cfd.wav,,10.0,baby,,soundbible,baby
wav_files/soundbible_analog-watch-alarm_46f779c472.wav,,10.0,watch,,soundbible,watch
wav_files/soundbible_sos-morse-code_efbefcd2f8.wav,,2.9379,sos,,soundbible,sos
wav_files/soundbible_large-waterfall_d2db1b7b3d.wav,,10.0,waterfall,,soundbible,waterfall
wav_files/soundbible_hard-shoes_39392b2b65.wav,,9.0398,shoes walking,,soundbible,shoes walking
wav_files/soundbible_doberman-pinscher_ebefa773ac.wav,,10.0,large dog,,soundbible,large dog
wav_files/soundbible_fire-truck-horn_3ecc100b04.wav,,8.4518,fire truck,,soundbible,fire truck
wav_files/soundbible_front-desk-bell_5fba5b0161.wav,,4.3202,front desk,,soundbible,front desk
wav_files/soundbible_tasmanian-devil_2396a3fa78.wav,,6.5001,tasmanian devil,,soundbible,tasmanian devil
wav_files/soundbible_cartoon-phone-ring_cedf49eb75.wav,,5.9639,phone,,soundbible,phone
wav_files/soundbible_ice-skating_8668727b19.wav,,10.0,ice,,soundbible,ice
wav_files/soundbible_cartoon-birds-2_fd2779a832.wav,,6.1851,silly,,soundbible,silly
wav_files/soundbible_heavy-rain-wind_d6a4aeab1e.wav,,10.0,rain,,soundbible,rain
wav_files/soundbible_muscle-car_2f21ca885f.wav,,10.0,engine rev,,soundbible,engine rev
wav_files/soundbible_front-desk-bell_751092ff37.wav,,4.3202,front desk,,soundbible,front desk
wav_files/soundbible_marbles_f9d7d6acc3.wav,,5.15,marble,,soundbible,marble
wav_files/soundbible_bells-tibetan-large_6f71969d7d.wav,,10.0,bell,,soundbible,bell
wav_files/soundbible_formula-1-racing_ed6bbadc3d.wav,,10.0,formula 1,,soundbible,formula 1
wav_files/soundbible_police-whistle_98a3c08d31.wav,,4.9804,police,,soundbible,police
wav_files/soundbible_airplane-landing-airport_480456b440.wav,,10.0,airport,,soundbible,airport
wav_files/soundbible_alien-spaceship-ufo_1817ce1061.wav,,10.0,sci fi,,soundbible,sci fi
wav_files/soundbible_flock-seagulls_e80e050cc7.wav,,10.0,seagulls,,soundbible,seagulls
wav_files/soundbible_baby-music-box_fffda17e04.wav,,10.0,baby,,soundbible,baby
wav_files/soundbible_ice-cubes-glass_f42df43110.wav,,1.5665,ice cubes,,soundbible,ice cubes
wav_files/soundbible_old-school-bell_ad424df268.wav,,10.0,school,,soundbible,school
wav_files/soundbible_dial-tone-american_89715e8691.wav,,4.008,dial tone,,soundbible,dial tone
wav_files/soundbible_air-conditioner_e02c049d48.wav,,10.0,hot,,soundbible,hot
wav_files/soundbible_slot-machine_e3e634f7f8.wav,,7.6956,game,,soundbible,game
wav_files/soundbible_dixie-horn_efe9b4ebc7.wav,,2.6151,Dixie Horn,,soundbible,Dixie Horn
wav_files/soundbible_police-whistle_e00d280491.wav,,4.9804,police,,soundbible,police
wav_files/soundbible_cartoon-phone-ring_585eff83c6.wav,,5.9639,phone,,soundbible,phone
wav_files/soundbible_doberman-pinscher_6e5ffe039f.wav,,10.0,large dog,,soundbible,large dog
wav_files/soundbible_ice-cubes-glass_f2f1cd75d0.wav,,1.5665,ice cubes,,soundbible,ice cubes
wav_files/soundbible_analog-watch-alarm_6bc0c0fd16.wav,,10.0,watch,,soundbible,watch
wav_files/soundbible_steam-train-whistle_ef2b048ea4.wav,,6.278,train,,soundbible,train
wav_files/soundbible_submarine-diving_4fd83c8e32.wav,,9.3791,submarine,,soundbible,submarine
wav_files/soundbible_dial-tone-american_af2c202e79.wav,,4.008,dial tone,,soundbible,dial tone
wav_files/soundbible_dixie-horn_74c9982366.wav,,2.6151,Dixie Horn,,soundbible,Dixie Horn
wav_files/soundbible_airplane-takeoff_c752b8ba8b.wav,,10.0,airplane,,soundbible,airplane
wav_files/soundbible_steam-train-whistle_0109fa734b.wav,,6.278,train,,soundbible,train
wav_files/soundbible_small-dog-barking_4c1f809c79.wav,,10.0,warning,,soundbible,warning
wav_files/soundbible_water-drops_b1161bd3a8.wav,,10.0,dark,,soundbible,dark
wav_files/soundbible_submarine-diving_45fe9c4576.wav,,9.3791,submarine,,soundbible,submarine
wav_files/soundbible_crackling-fireplace_5d7191114e.wav,,10.0,crackling,,soundbible,crackling
wav_files/soundbible_meadowlark_05f8b9fdae.wav,,10.0,meadowlark,,soundbible,meadowlark
wav_files/soundbible_clock-chimes-4x_22001ea24d.wav,,10.0,bell,,soundbible,bell
wav_files/soundbible_photocopy-machine_180e68e98f.wav,,10.0,photocopy,,soundbible,photocopy
wav_files/soundbible_sawing-wood_b0cbbe33f9.wav,,10.0,sawing,,soundbible,sawing
wav_files/soundbible_street_b8bcc03f73.wav,,10.0,city,,soundbible,city
wav_files/soundbible_hyena-laughing_f991dbe8ff.wav,,10.0,hyena,,soundbible,hyena
wav_files/soundbible_old-school-bell_f3ddb19165.wav,,10.0,school,,soundbible,school
wav_files/soundbible_car-drive-away_4a87f06c51.wav,,7.3564,car,,soundbible,car
wav_files/soundbible_harley-davidson_76fe3b24de.wav,,10.0,motorcycle,,soundbible,motorcycle
wav_files/soundbible_clock-chimes-4x_1d8356e1e2.wav,,10.0,bell,,soundbible,bell
wav_files/soundbible_photocopy-machine_a0ea547125.wav,,10.0,photocopy,,soundbible,photocopy
wav_files/soundbible_fast-drawing_23e6f5e7c9.wav,,10.0,artist,,soundbible,artist
wav_files/soundbible_old-car-starting_cec6ac407c.wav,,10.0,old,,soundbible,old
wav_files/soundbible_labrador-barking-dog_dc11fd6f89.wav,,10.0,labrador,,soundbible,labrador
wav_files/soundbible_human-heartbeat_b724537da4.wav,,10.0,human,,soundbible,human
wav_files/soundbible_waterphone_0a8f49c32c.wav,,10.0,waterphone,,soundbible,waterphone
wav_files/soundbible_small-dog-barking_2d4ebf987a.wav,,10.0,warning,,soundbible,warning
wav_files/soundbible_baby-heartbeat_fa211ee85a.wav,,8.9872,pregnant,,soundbible,pregnant
wav_files/soundbible_text-message-alert-5_4ddd27422d.wav,,2.0,sms alert,,soundbible,sms alert
wav_files/soundbible_car-drive-away_0be6aa5926.wav,,7.3564,car,,soundbible,car
wav_files/soundbible_electric-typewriter_486fc361dd.wav,,10.0,typing,,soundbible,typing
wav_files/soundbible_text-message-alert-4_a63be26249.wav,,2.6251,sms alert,,soundbible,sms alert
wav_files/soundbible_text-message-alert-3_227e14265a.wav,,2.0,sms alert,,soundbible,sms alert
wav_files/soundbible_party-crowd_e2fe48fe7a.wav,,10.0,crowd.congregation,,soundbible,crowd.congregation
wav_files/soundbible_text-message-alert-2_a89467d7e0.wav,,2.5,sms alert,,soundbible,sms alert
wav_files/soundbible_text-message-alert-1_1a3cf14763.wav,,2.0,sms alert,,soundbible,sms alert
wav_files/soundbible_text-message-alert-5_cafaf89e72.wav,,2.0,sms alert,,soundbible,sms alert
wav_files/soundbible_old-fashion-door-bell_3db25ab3f3.wav,,10.0,door,,soundbible,door
wav_files/soundbible_text-message-alert-1_243c574dc4.wav,,2.0,sms alert,,soundbible,sms alert
wav_files/soundbible_text-message-alert-3_bb495197de.wav,,2.0,sms alert,,soundbible,sms alert
wav_files/soundbible_text-message-alert-2_4b282fc4ff.wav,,2.5,sms alert,,soundbible,sms alert
wav_files/soundbible_crazy-bizarre-guitar_bc0c4f2221.wav,,8.4102,strange,,soundbible,strange
wav_files/soundbible_funny-voices_0cf44f3660.wav,,10.0,funny voices,,soundbible,funny voices
wav_files/soundbible_common-fart_5fc13a1c80.wav,,1.781,fart,,soundbible,fart
wav_files/soundbible_fart-squeeze-knees_9d05da8c94.wav,,2.3851,fart,,soundbible,fart
wav_files/soundbible_common-fart_ef7dea56c9.wav,,1.781,fart,,soundbible,fart
wav_files/soundbible_fart-squeeze-knees_9139640038.wav,,2.3851,fart,,soundbible,fart
wav_files/soundbible_chinese-gong_e12a49d47e.wav,,10.0,gong,,soundbible,gong
wav_files/soundbible_dogs-howling_78f9de4cdf.wav,,10.0,howling,,soundbible,howling
wav_files/soundbible_dog-panting-fast_ab8087b2d9.wav,,10.0,dog,,soundbible,dog
wav_files/soundbible_old-fashion-door-bell_de96ec64f8.wav,,10.0,door,,soundbible,door
wav_files/soundbible_airplane-takeoff_2efcf80cf7.wav,,10.0,airplane,,soundbible,airplane
wav_files/soundbible_steam-train_155be4c16e.wav,,10.0,train,,soundbible,train
wav_files/soundbible_gibbon-monkey_d412ef54b6.wav,,5.8769,gibbon,,soundbible,gibbon
wav_files/soundbible_german-shepard_ef9094c3ac.wav,,10.0,dog,,soundbible,dog
wav_files/soundbible_baby-heartbeat_43b0d99d0d.wav,,8.9872,pregnant,,soundbible,pregnant
wav_files/soundbible_foghorn-barge_7df46a3fbc.wav,,4.9589,alarm,,soundbible,alarm
wav_files/soundbible_handcuffs-clicking_d796bb9f87.wav,,10.0,security,,soundbible,security
wav_files/soundbible_guinea-pig_213a94cc77.wav,,10.0,guinea pig,,soundbible,guinea pig
wav_files/soundbible_ice-skating_d6f020adc1.wav,,10.0,ice,,soundbible,ice
wav_files/soundbible_hickory-dickory-dock_1064ce8026.wav,,10.0,kids,,soundbible,kids
wav_files/soundbible_crackling-fireplace_dc65bcffd5.wav,,10.0,crackling,,soundbible,crackling
wav_files/soundbible_grenade-launcher-2_1bf0d724d2.wav,,3.1732,weapon,,soundbible,weapon
wav_files/soundbible_outdoor-carnival_7af62495c3.wav,,10.0,circus,,soundbible,circus
wav_files/soundbible_human-heartbeat_cd9d58b035.wav,,10.0,human,,soundbible,human
wav_files/soundbible_foghorn-barge_4b30f53b4b.wav,,4.9589,alarm,,soundbible,alarm
wav_files/soundbible_baby-snoring_0c5e1f03d4.wav,,10.0,wheeze,,soundbible,wheeze
wav_files/soundbible_puppy-barking_fcd7ad830f.wav,,4.9082,puppy,,soundbible,puppy
wav_files/soundbible_chinese-gong_b1a1b20e46.wav,,10.0,gong,,soundbible,gong
wav_files/soundbible_cartoon-computer_f81643c097.wav,,10.0,computer,,soundbible,computer
wav_files/soundbible_crazy-bizarre-guitar_b57a21dedb.wav,,8.4102,strange,,soundbible,strange
wav_files/soundbible_street_c7e3fc3cc0.wav,,10.0,city,,soundbible,city
wav_files/soundbible_sad-woman-crying_e3f409d8ab.wav,,10.0,crying woman,,soundbible,crying woman
wav_files/soundbible_wolf-howling-yipping_b901932d8f.wav,,8.9923,cartoon,,soundbible,cartoon
wav_files/soundbible_snow-rock-avalanche_a1684dd755.wav,,10.0,rocks falling,,soundbible,rocks falling
wav_files/soundbible_puppy-barking_f919b152d8.wav,,4.9082,puppy,,soundbible,puppy
wav_files/soundbible_wolf-howling-yipping_3a179f89ab.wav,,8.9923,cartoon,,soundbible,cartoon
wav_files/soundbible_old-record-player_88738efe86.wav,,10.0,gramaphone,,soundbible,gramaphone
wav_files/soundbible_funny-voices_eeaf034040.wav,,10.0,funny voices,,soundbible,funny voices
wav_files/soundbible_guinea-pig_818170a8ba.wav,,10.0,guinea pig,,soundbible,guinea pig
wav_files/soundbible_cartoon-computer_9f622a5ed6.wav,,10.0,computer,,soundbible,computer
wav_files/soundbible_howler-monkeys_9c87b36715.wav,,10.0,howler monkeys,,soundbible,howler monkeys
wav_files/soundbible_dragon-fire-breath-and-roar_2f3bc1255d.wav,,5.3747,dragon,,soundbible,dragon
wav_files/soundbible_steam-train_db1ca260fd.wav,,10.0,train,,soundbible,train
wav_files/soundbible_party-crowd_e0fbcfc729.wav,,10.0,crowd.congregation,,soundbible,crowd.congregation
wav_files/soundbible_tractor-digging_d29a4c7824.wav,,10.0,construction,,soundbible,construction
wav_files/soundbible_large-waterfall_5528049e7f.wav,,10.0,waterfall,,soundbible,waterfall
wav_files/soundbible_dragon-fire-breath-and-roar_84d58949ea.wav,,5.3747,dragon,,soundbible,dragon
wav_files/soundbible_40-smith-wesson-8x_406f1e16d3.wav,,10.0,gun,,soundbible,gun
wav_files/soundbible_electric-typewriter_ca98d93c9b.wav,,10.0,typing,,soundbible,typing
wav_files/soundbible_40-smith-wesson_abc9f408ea.wav,,4.6247,gun,,soundbible,gun
wav_files/soundbible_german-shepard_59b311bab5.wav,,10.0,dog,,soundbible,dog
wav_files/soundbible_handcuffs-clicking_b327b42b8b.wav,,10.0,security,,soundbible,security
wav_files/soundbible_9mm-gunshot_c053269f39.wav,,1.7513,9mm,,soundbible,9mm
wav_files/soundbible_380-gunshot_b390b5a2e2.wav,,2.3438,9mm,,soundbible,9mm
wav_files/soundbible_40-smith-wesson-8x_40a6be9244.wav,,10.0,gun,,soundbible,gun
wav_files/soundbible_9mm-gunshot_df2f0dc0ea.wav,,1.7366,9mm,,soundbible,9mm
wav_files/soundbible_hickory-dickory-dock_3c5b48e1af.wav,,10.0,kids,,soundbible,kids
wav_files/soundbible_garbage-bag_73db02f2a2.wav,,10.0,plastic,,soundbible,plastic
wav_files/soundbible_unscrew-bulb_233338f4ea.wav,,3.0052,screwing,,soundbible,screwing
wav_files/soundbible_change-light-bulb_b4bf0ffef6.wav,,4.8599,screwing,,soundbible,screwing
wav_files/soundbible_creepy-background_79107cbc51.wav,,10.0,creepy,,soundbible,creepy
wav_files/soundbible_pouring-drink_9ba685be56.wav,,10.0,cascade,,soundbible,cascade
wav_files/soundbible_heavy-rain-wind_26e23ceaff.wav,,10.0,rain,,soundbible,rain
wav_files/soundbible_dogs-howling_2c0197dd9a.wav,,10.0,howling,,soundbible,howling
wav_files/soundbible_sad-woman-crying_0c993ef6ec.wav,,10.0,crying woman,,soundbible,crying woman
wav_files/soundbible_flush-toilet-2_ffac223d45.wav,,10.0,toilet,,soundbible,toilet
wav_files/soundbible_wind-blowing_71b37d2fdc.wav,,10.0,weather,,soundbible,weather
wav_files/soundbible_trash-bag-2_059f2dd55e.wav,,10.0,plastic,,soundbible,plastic
wav_files/soundbible_tea-pot-whistle_145ff34047.wav,,10.0,angry,,soundbible,angry
wav_files/soundbible_change-light-bulb_766c942055.wav,,4.8414,screwing,,soundbible,screwing
wav_files/soundbible_screw-in_ea40620f83.wav,,4.3374,fasten,,soundbible,fasten
wav_files/soundbible_sweeping-broom-shorter_1e11f8f3c2.wav,,7.7594,sweeper,,soundbible,sweeper
wav_files/soundbible_tension-wood-stress_5230d500a1.wav,,2.1431,tension,,soundbible,tension
wav_files/soundbible_drawing-bow-back_dd6b66e5a8.wav,,2.8484,bow,,soundbible,bow
wav_files/soundbible_screw-in_16edcfc249.wav,,4.3195,fasten,,soundbible,fasten
wav_files/soundbible_draw-bow-and-fire_95466ac3f4.wav,,4.2591,bow,,soundbible,bow
wav_files/soundbible_change-battery_16180525b2.wav,,5.8003,change,,soundbible,change
wav_files/soundbible_church-bell-chime_6a468eb96c.wav,,10.0,bell,,soundbible,bell
wav_files/soundbible_plastic-wrinkling_2ce1e94ca1.wav,,10.0,plastic,,soundbible,plastic
wav_files/soundbible_1-person-cheering_6962844cdb.wav,,2.0376,goal,,soundbible,goal
wav_files/soundbible_drawing-bow-back_fa3d85ada9.wav,,2.8235,bow,,soundbible,bow
wav_files/soundbible_1-person-cheering_08f62d8f02.wav,,1.9969,goal,,soundbible,goal
wav_files/soundbible_change-battery_f29ebd06e9.wav,,5.7825,change,,soundbible,change
wav_files/soundbible_12-ga-winchester-shotgun_f2919fca90.wav,,2.04,shotgun,,soundbible,shotgun
wav_files/soundbible_splash-rock-in-lake_a6d1cf53af.wav,,2.4556,splash,,soundbible,splash
wav_files/soundbible_splash-rock-in-lake_cc21ba792d.wav,,2.4875,splash,,soundbible,splash
wav_files/soundbible_termites-and-ants_f43be27364.wav,,7.6131,ant,,soundbible,ant
wav_files/soundbible_broom-sweeping_5f55836deb.wav,,10.0,sweeper,,soundbible,sweeper
wav_files/soundbible_am-radio-tuning_00465d1964.wav,,10.0,am,,soundbible,am
wav_files/soundbible_grim-reaper-your-soul_f2d2207d17.wav,,3.744,demon,,soundbible,demon
wav_files/soundbible_transfer-truck-drive-by_67f1464251.wav,,10.0,truck,,soundbible,truck
wav_files/soundbible_baby-snoring_3e072576fa.wav,,10.0,wheeze,,soundbible,wheeze
wav_files/soundbible_grim-reaper-your-soul_a4672f0e33.wav,,3.744,demon,,soundbible,demon
wav_files/soundbible_mossberg-500-pump-shotgun_b4c9240ce0.wav,,1.248,shotgun,,soundbible,shotgun
wav_files/soundbible_baby-just-born_98cbf2281e.wav,,10.0,newborn,,soundbible,newborn
wav_files/soundbible_maniacal-laugh-2_8aa00cca3c.wav,,4.8588,halloween,,soundbible,halloween
wav_files/soundbible_steam-engine-running_68e20d27d1.wav,,10.0,engine,,soundbible,engine
wav_files/soundbible_pouring-drink_5886307981.wav,,10.0,cascade,,soundbible,cascade
wav_files/soundbible_mossberg-500-pump-shotgun_783ee3c03d.wav,,1.2104,shotgun,,soundbible,shotgun
wav_files/soundbible_12-ga-winchester-shotgun_8a5ceecf0f.wav,,1.9929,shotgun,,soundbible,shotgun
wav_files/soundbible_night-time-storm_7ce94adc32.wav,,7.728,thunder,,soundbible,thunder
wav_files/soundbible_garbage-bag_f7a5bef429.wav,,10.0,plastic,,soundbible,plastic
wav_files/soundbible_audience-applause_bbc8250774.wav,,6.5097,audience,,soundbible,audience
wav_files/soundbible_piano-breaking_8eeaa5892c.wav,,4.1796,piano,,soundbible,piano
wav_files/soundbible_night-time-storm_73c2ea0360.wav,,7.728,thunder,,soundbible,thunder
wav_files/soundbible_cinematic-harsh-light_d1eb7d9e22.wav,,10.0,spooky,,soundbible,spooky
wav_files/soundbible_glass-ping_7e00571c73.wav,,2.3511,ping,,soundbible,ping
wav_files/soundbible_maniacal-laugh-2_05c9868955.wav,,4.8628,halloween,,soundbible,halloween
wav_files/soundbible_silly-farts_e9269a2115.wav,,4.053,fart,,soundbible,fart
wav_files/soundbible_hammering_82c75c3d5b.wav,,6.5045,hammering,,soundbible,hammering
wav_files/soundbible_coin-drop_2c52375b40.wav,,3.2392,coins,,soundbible,coins
wav_files/soundbible_audience-applause_006722b56f.wav,,6.5827,audience,,soundbible,audience
wav_files/soundbible_transfer-truck-drive-by_63dee47b81.wav,,10.0,truck,,soundbible,truck
wav_files/soundbible_glass-ping_c69a7f51f7.wav,,2.3551,ping,,soundbible,ping
wav_files/soundbible_coin-drop_2896f48578.wav,,3.1798,coins,,soundbible,coins
wav_files/soundbible_flock-seagulls_f28858b701.wav,,10.0,seagulls,,soundbible,seagulls
wav_files/soundbible_hammering_156ccd1387.wav,,6.5085,hammering,,soundbible,hammering
wav_files/soundbible_halloween-vocals_31cc7af8aa.wav,,10.0,halloween,,soundbible,halloween
wav_files/soundbible_flush-toilet-2_5fc6763008.wav,,10.0,toilet,,soundbible,toilet
wav_files/soundbible_gun-battle-sound_696236055c.wav,,10.0,guns,,soundbible,guns
wav_files/soundbible_toke-and-exhale_0009bbff9c.wav,,2.5292,smoke,,soundbible,smoke
wav_files/soundbible_toke-and-exhale_1d4348ae05.wav,,2.5292,smoke,,soundbible,smoke
wav_files/soundbible_fighter-plane-squadron_56b1986ba4.wav,,10.0,war,,soundbible,war
wav_files/soundbible_rpg-plus-shrapnel_6b1fdd2a08.wav,,7.2084,war,,soundbible,war
wav_files/soundbible_annoying-speaker-pulsing_02a972ca8d.wav,,10.0,loud,,soundbible,loud
wav_files/soundbible_helicopter-approach_224d740d86.wav,,10.0,helicopter,,soundbible,helicopter
wav_files/soundbible_crickets-chirping-at-night_c7d18f2677.wav,,10.0,crickets,,soundbible,crickets
wav_files/soundbible_tibetan-zymbel_3f13a523cb.wav,,10.0,tibetan,,soundbible,tibetan
wav_files/soundbible_shell-falling_3ec8a95157.wav,,1.4978,gun,,soundbible,gun
wav_files/soundbible_red-stag-roar_a8846f082d.wav,,10.0,animal,,soundbible,animal
wav_files/soundbible_water-drops_bc23b584c3.wav,,10.0,dark,,soundbible,dark
wav_files/soundbible_shell-falling_3b69d815db.wav,,1.4978,gun,,soundbible,gun
wav_files/soundbible_plastic-wrinkling_5db63eea21.wav,,10.0,plastic,,soundbible,plastic
wav_files/soundbible_realistic-punch_d0c8716d7e.wav,,1.0039,punch,,soundbible,punch
wav_files/soundbible_realistic-punch_6137ba6bb3.wav,,1.0039,punch,,soundbible,punch
wav_files/soundbible_broom-sweeping_b1d8c19ef3.wav,,10.0,sweeper,,soundbible,sweeper
wav_files/soundbible_45min-april-rainstorm_d4da62bb2f.wav,,10.0,audio to sleep to,,soundbible,audio to sleep to
wav_files/soundbible_railroad-crossing-bell_60206f9681.wav,,10.0,railroad,,soundbible,railroad
wav_files/soundbible_ufo-takeoff_1c482d4882.wav,,3.6338,imaginary,,soundbible,imaginary
wav_files/soundbible_metal-gong-1_92525928dc.wav,,3.1181,gong,,soundbible,gong
wav_files/soundbible_cinematic-harsh-light_281202c9c2.wav,,10.0,spooky,,soundbible,spooky
wav_files/soundbible_rpg-plus-shrapnel_2e3817f888.wav,,7.2084,war,,soundbible,war
wav_files/soundbible_gun-battle-sound_87d91dd964.wav,,10.0,guns,,soundbible,guns
wav_files/soundbible_loud-alarm-clock-buzzer_0ecbc47373.wav,,10.0,buzzer,,soundbible,buzzer
wav_files/soundbible_winchester-1873-single-shots_29f2080091.wav,,10.0,ricochet,,soundbible,ricochet
wav_files/soundbible_missile-target-trackinglock_b0c1707733.wav,,6.3217,air,,soundbible,air
wav_files/soundbible_old-movie-projector_6fd797b469.wav,,10.0,Vintage Movie Projector,,soundbible,Vintage Movie Projector
wav_files/soundbible_ufo-landing_5325daf94f.wav,,3.6338,imaginary,,soundbible,imaginary
wav_files/soundbible_ufo-takeoff_8fe7e83230.wav,,3.6338,imaginary,,soundbible,imaginary
wav_files/soundbible_red-stag-roar_0bad4ef4a6.wav,,10.0,animal,,soundbible,animal
wav_files/soundbible_missile-alert_5ed6ab38da.wav,,10.0,bomb,,soundbible,bomb
wav_files/soundbible_massive-war-with-alarm_425361a949.wav,,10.0,insane,,soundbible,insane
wav_files/soundbible_metal-gong-1_f716d7b94e.wav,,6.2574,gong,,soundbible,gong
wav_files/soundbible_evil-laugh-male-6_983be049de.wav,,4.101,evil laugh,,soundbible,evil laugh
wav_files/soundbible_evil-laugh-male-9_4b3873a726.wav,,3.6603,evil,,soundbible,evil
wav_files/soundbible_missile-target-trackinglock_53cefc6fb4.wav,,6.3097,air,,soundbible,air
wav_files/soundbible_night-rain-in-russian-city_a09b865141.wav,,10.0,rain,,soundbible,rain
wav_files/soundbible_creepy-laugh_6f93a59231.wav,,8.9629,Halloween,,soundbible,Halloween
wav_files/soundbible_steam-engine-running_b30d513e82.wav,,10.0,engine,,soundbible,engine
wav_files/soundbible_evil-laugh-male-9_a43d10e316.wav,,3.6603,evil,,soundbible,evil
wav_files/soundbible_ricochet-rapid-fire_ff08a4b303.wav,,10.0,ricochet,,soundbible,ricochet
wav_files/soundbible_fighter-plane-squadron_bd08effee9.wav,,10.0,war,,soundbible,war
wav_files/soundbible_cartoon-ricochet-2_6c3ffedb7a.wav,,10.0,ricochet,,soundbible,ricochet
wav_files/soundbible_thunder-sound-fx_0a90217e67.wav,,10.0,lightning,,soundbible,lightning
wav_files/soundbible_countdown_31ca6231fa.wav,,7.3601,countdown,,soundbible,countdown
wav_files/soundbible_incoming-suspense_504ffc6de8.wav,,2.8474,suspenseful,,soundbible,suspenseful
wav_files/soundbible_incoming-suspense_0d8f069aaa.wav,,2.8354,suspenseful,,soundbible,suspenseful
wav_files/soundbible_missile-alert_c43b764018.wav,,10.0,bomb,,soundbible,bomb
wav_files/soundbible_rapid-ricochet_57a7d9289c.wav,,10.0,rapid ricochet,,soundbible,rapid ricochet
wav_files/soundbible_news-intro_0eb9448ad2.wav,,5.2285,news,,soundbible,news
wav_files/soundbible_crickets-chirping-at-night_29834c5dc2.wav,,10.0,crickets,,soundbible,crickets
wav_files/soundbible_rooster-crowing-2_08413d6a25.wav,,2.0053,crow,,soundbible,crow
wav_files/soundbible_countdown_3215a114d1.wav,,7.3601,countdown,,soundbible,countdown
wav_files/soundbible_tree-fall-small_d79ea61fc8.wav,,6.4301,tree,,soundbible,tree
wav_files/soundbible_classic-ricochet_6046a2f534.wav,,10.0,ricochet,,soundbible,ricochet
wav_files/soundbible_rooster-crowing-2_ed721d9687.wav,,2.0053,crow,,soundbible,crow
wav_files/soundbible_demon-girls-mockingbird_7ddde0244b.wav,,10.0,scary,,soundbible,scary
wav_files/soundbible_metal-rattling_cf34d9d0ec.wav,,10.0,metal,,soundbible,metal
wav_files/soundbible_tree-fall-small_59b334cb6d.wav,,6.4301,tree,,soundbible,tree
wav_files/soundbible_slow-motion-warp_b3160b8da0.wav,,3.456,slow,,soundbible,slow
wav_files/soundbible_slow-motion-warp_5783017e9d.wav,,3.445,slow,,soundbible,slow
wav_files/soundbible_playing-pool_75b01f4c24.wav,,1.1756,pool,,soundbible,pool
wav_files/soundbible_playing-pool_fc77a8ff5a.wav,,1.1636,pool,,soundbible,pool
wav_files/soundbible_classic-ricochet_c894929960.wav,,10.0,ricochet,,soundbible,ricochet
wav_files/soundbible_metal-rattling_136240026c.wav,,10.0,metal,,soundbible,metal
wav_files/soundbible_frogs_1110a5faf9.wav,,10.0,frogs,,soundbible,frogs
wav_files/soundbible_rapid-ricochet_a2356b288d.wav,,10.0,rapid ricochet,,soundbible,rapid ricochet
wav_files/soundbible_loud-alarm-clock-buzzer_c42c86ea8e.wav,,10.0,buzzer,,soundbible,buzzer
wav_files/soundbible_evil-laugh-male-6_e6d2a07d21.wav,,4.101,evil laugh,,soundbible,evil laugh
wav_files/soundbible_news-intro_24dedb1ef7.wav,,5.2285,news,,soundbible,news
wav_files/soundbible_water_3326c51662.wav,,10.0,creek,,soundbible,creek
wav_files/soundbible_outdoor-carnival_a9de6857df.wav,,10.0,circus,,soundbible,circus
wav_files/soundbible_growling-snarling-dogs_ce9a7e53ce.wav,,10.0,growling,,soundbible,growling
wav_files/soundbible_hammering_a74e1e0686.wav,,6.9866,hammer,,soundbible,hammer
wav_files/soundbible_scratching_58bb7966d1.wav,,10.0,scratching,,soundbible,scratching
wav_files/soundbible_frying-food_a1d6f4bb2e.wav,,10.0,cook,,soundbible,cook
wav_files/soundbible_creepy-laugh_73a76a3a24.wav,,8.9629,Halloween,,soundbible,Halloween
wav_files/soundbible_kid-laugh_bd74b889e6.wav,,2.2077,kid,,soundbible,kid
wav_files/soundbible_waterphone_e792ac2e76.wav,,10.0,waterphone,,soundbible,waterphone
wav_files/soundbible_anger_a36861f5a6.wav,,10.0,male,,soundbible,male
wav_files/soundbible_sharpen-knife_03de8069b0.wav,,5.784,kitchen,,soundbible,kitchen
wav_files/soundbible_frogs_85fa917614.wav,,10.0,frogs,,soundbible,frogs
wav_files/soundbible_sniper-fire-reload_e6303a9015.wav,,3.7869,sniper,,soundbible,sniper
wav_files/soundbible_hammering_105c6670de.wav,,6.9866,hammer,,soundbible,hammer
wav_files/soundbible_ricochet-rapid-fire_fee527495a.wav,,10.0,ricochet,,soundbible,ricochet
wav_files/soundbible_howler-monkeys_f1838eee61.wav,,10.0,howler monkeys,,soundbible,howler monkeys
wav_files/soundbible_kid-laugh_889cb0ba0e.wav,,2.2077,kid,,soundbible,kid
wav_files/soundbible_sniper-fire-reload_722ffa59e2.wav,,3.7869,sniper,,soundbible,sniper
wav_files/soundbible_helicopter-against-missile_23fa1f21cd.wav,,10.0,helicopter,,soundbible,helicopter
wav_files/soundbible_atchisson-assault-shotgun_b1dd1a57c5.wav,,7.4188,gun,,soundbible,gun
wav_files/soundbible_no-mercy_16d8131f9a.wav,,5.5655,mercy,,soundbible,mercy
wav_files/soundbible_normal-shotgun_6264399da9.wav,,4.5192,gun,,soundbible,gun
wav_files/soundbible_massive-war-with-alarm_2cbf1a7cea.wav,,10.0,insane,,soundbible,insane
wav_files/soundbible_plop_81c3755ee8.wav,,3.456,plop,,soundbible,plop
wav_files/soundbible_sharpen-knife_4714d9de79.wav,,5.773,kitchen,,soundbible,kitchen
wav_files/soundbible_night-rain-in-russian-city_9c9e167dbf.wav,,10.0,rain,,soundbible,rain
wav_files/soundbible_winchester-1873-single-shots_72823c9685.wav,,10.0,ricochet,,soundbible,ricochet
wav_files/soundbible_helicopter-against-missile_fa65b01e42.wav,,10.0,helicopter,,soundbible,helicopter
wav_files/soundbible_growling-snarling-dogs_18e9c8c208.wav,,10.0,growling,,soundbible,growling
wav_files/soundbible_thunder-strike-2_6b1f965a45.wav,,10.0,thunder storm,,soundbible,thunder storm
wav_files/soundbible_kid-says-hey-4x_9fd1900d13.wav,,6.8791,hello,,soundbible,hello
wav_files/soundbible_plop_7c61a9d2bc.wav,,3.445,plop,,soundbible,plop
wav_files/soundbible_sad-male_3fcdc50f09.wav,,10.0,sad,,soundbible,sad
wav_files/soundbible_helicopter-approach_3763f44a71.wav,,10.0,helicopter,,soundbible,helicopter
wav_files/soundbible_thunder-strike-1_542496b521.wav,,10.0,thunder storm,,soundbible,thunder storm
wav_files/soundbible_cartoon-ricochet-2_023134cdbe.wav,,10.0,ricochet,,soundbible,ricochet
wav_files/soundbible_laughter_718253ff36.wav,,10.0,laughter,,soundbible,laughter
wav_files/soundbible_daydreaming_f6c8e00a04.wav,,10.0,tinkle,,soundbible,tinkle
wav_files/soundbible_a-z-vocalized_358cdc0014.wav,,10.0,alphabet,,soundbible,alphabet
wav_files/soundbible_0-9-male-vocalized_0fec3ff414.wav,,10.0,zero,,soundbible,zero
wav_files/soundbible_normal-shotgun_d5d980fc44.wav,,4.5072,gun,,soundbible,gun
wav_files/soundbible_rain-background_15ed1a698f.wav,,10.0,rain,,soundbible,rain
wav_files/soundbible_railroad-crossing-bell_7b40dbcd0a.wav,,10.0,railroad,,soundbible,railroad
wav_files/soundbible_kid-says-hey-4x_6796e12016.wav,,6.8791,hello,,soundbible,hello
wav_files/soundbible_gun-shot_59713bbd17.wav,,3.0481,military,,soundbible,military
wav_files/soundbible_kid-laugh-long_f0a7108326.wav,,10.0,kid,,soundbible,kid
wav_files/soundbible_gun-shot_ed1295017b.wav,,3.0481,military,,soundbible,military
wav_files/soundbible_colt-45_ac0be93c15.wav,,10.0,colt 45,,soundbible,colt 45
wav_files/soundbible_strange-alien_d2254b6f2e.wav,,10.0,alien,,soundbible,alien
wav_files/soundbible_dark-laugh_f48e011558.wav,,3.1696,evil,,soundbible,evil
wav_files/soundbible_scratching_9d1d0232cf.wav,,10.0,scratching,,soundbible,scratching
wav_files/soundbible_0-9-male-vocalized_649b49859e.wav,,10.0,zero,,soundbible,zero
wav_files/soundbible_city-centre_205c162524.wav,,7.0,city,,soundbible,city
wav_files/soundbible_dark-laugh_ff7f831e0a.wav,,3.1696,evil,,soundbible,evil
wav_files/soundbible_school-fire-alarm_6aae92f064.wav,,10.0,fire,,soundbible,fire
wav_files/soundbible_gun-fire_bbf86b0ce3.wav,,3.7142,gun,,soundbible,gun
wav_files/soundbible_anger_efd073817f.wav,,10.0,male,,soundbible,male
wav_files/soundbible_cha-ching-register_1f790b4bb7.wav,,2.0778,cash,,soundbible,cash
wav_files/soundbible_frying-food_41b9e4c450.wav,,10.0,cook,,soundbible,cook
wav_files/soundbible_cha-ching-register_37866220a2.wav,,2.0778,cash,,soundbible,cash
wav_files/soundbible_gun-fire_ba22af778e.wav,,3.7142,gun,,soundbible,gun
wav_files/soundbible_shotgun-reload-old_da9bd0d7be.wav,,1.0211,shotgun,,soundbible,shotgun
wav_files/soundbible_rain_09c6f914b3.wav,,10.0,rain,,soundbible,rain
wav_files/soundbible_wind-blowing_2084c19425.wav,,10.0,weather,,soundbible,weather
wav_files/soundbible_phone-vibrating_63609bf168.wav,,7.8548,phone,,soundbible,phone
wav_files/soundbible_crowd-applause_9b36a90d27.wav,,10.0,large auditorium,,soundbible,large auditorium
wav_files/soundbible_city-centre_3a0625a2ac.wav,,7.0,city,,soundbible,city
wav_files/soundbible_pin-dropping_34736cb1e6.wav,,1.2915,pin,,soundbible,pin
wav_files/soundbible_sad-male_57bced8171.wav,,10.0,sad,,soundbible,sad
wav_files/soundbible_thunder-strike-2_18d6ab164a.wav,,10.0,thunder storm,,soundbible,thunder storm
wav_files/soundbible_pin-dropping_5166af8f0b.wav,,1.2915,pin,,soundbible,pin
wav_files/soundbible_50-sniper-shot_60867cb342.wav,,1.7743,sniper,,soundbible,sniper
wav_files/soundbible_elaborate-thunder_85e9ff21a6.wav,,10.0,thunder storm,,soundbible,thunder storm
wav_files/soundbible_sounds-of-war-v-10_21dab6c22e.wav,,10.0,war,,soundbible,war
wav_files/soundbible_demon-girls-mockingbird_a163302505.wav,,10.0,scary,,soundbible,scary
wav_files/soundbible_shotgun-reload-old_f0f84e3af5.wav,,1.0211,shotgun,,soundbible,shotgun
wav_files/soundbible_rockslide-small_02feee71c1.wav,,2.8213,rock,,soundbible,rock
wav_files/soundbible_bomb-exploding_19cc163192.wav,,5.5532,bomb,,soundbible,bomb
wav_files/soundbible_chopping-wood-2_986740cfc8.wav,,6.223,wood,,soundbible,wood
wav_files/soundbible_woah-male_64b25db5e6.wav,,3.081,wow,,soundbible,wow
wav_files/soundbible_phone-vibrating_6d02e31ec9.wav,,7.8548,phone,,soundbible,phone
wav_files/soundbible_bomb-exploding_fb72659d8b.wav,,5.5532,bomb,,soundbible,bomb
wav_files/soundbible_rockslide-small_fb86dba919.wav,,2.8213,rock,,soundbible,rock
wav_files/soundbible_gum-bubble-pop_7e6fcdc8ac.wav,,1.3281,gum,,soundbible,gum
wav_files/soundbible_tongue-rolling_ad79cb1057.wav,,10.0,tongue,,soundbible,tongue
wav_files/soundbible_chopping-wood-2_8a726d9cd0.wav,,6.223,wood,,soundbible,wood
wav_files/soundbible_evil-laugh-2_9e98d1a0b7.wav,,2.6863,evil,,soundbible,evil
wav_files/soundbible_atomic-bomb_ead360d4e1.wav,,10.0,atom,,soundbible,atom
wav_files/soundbible_woah-male_d7f977225b.wav,,3.081,wow,,soundbible,wow
wav_files/soundbible_cartoon-running_466c2cdf3a.wav,,3.0303,cartoon,,soundbible,cartoon
wav_files/soundbible_gum-bubble-pop_b0fa334f41.wav,,1.3281,gum,,soundbible,gum
wav_files/soundbible_50-sniper-shot_a380c4f399.wav,,1.7743,sniper,,soundbible,sniper
wav_files/soundbible_evil-laugh-2_a0f245d6aa.wav,,2.6863,evil,,soundbible,evil
wav_files/soundbible_finger-snapping_62a4ff94dc.wav,,3.0303,finger,,soundbible,finger
wav_files/soundbible_bubble-gum-pop_2333288426.wav,,2.769,gum,,soundbible,gum
wav_files/soundbible_air-wrench-short_db0b349242.wav,,1.5549,change tire,,soundbible,change tire
wav_files/soundbible_falcon_70cff64c2f.wav,,2.9715,falcon bird,,soundbible,falcon bird
wav_files/soundbible_finger-snapping_bba611e51c.wav,,3.0183,finger,,soundbible,finger
wav_files/soundbible_laughter_681fc54092.wav,,10.0,laughter,,soundbible,laughter
wav_files/soundbible_plastic-bottle-crush_842e95f254.wav,,1.188,plastic,,soundbible,plastic
wav_files/soundbible_bubble-gum-pop_ffd8bb2d28.wav,,2.757,gum,,soundbible,gum
wav_files/soundbible_electric-razor_c1e8931134.wav,,10.0,electric,,soundbible,electric
wav_files/soundbible_pen-clicks_3f07964b3a.wav,,2.0,pen,,soundbible,pen
wav_files/soundbible_hole-punch_4550479b23.wav,,1.0,hole,,soundbible,hole
wav_files/soundbible_count-off_9ce98a4631.wav,,1.6719,count off,,soundbible,count off
wav_files/soundbible_falcon_1fd13fa766.wav,,2.9715,falcon bird,,soundbible,falcon bird
wav_files/soundbible_hole-punch_ffde0152cf.wav,,1.0,hole,,soundbible,hole
wav_files/soundbible_cartoon-running_6bf94737d4.wav,,3.0183,cartoon,,soundbible,cartoon
wav_files/soundbible_thought_9214553b7f.wav,,4.2058,thought,,soundbible,thought
wav_files/soundbible_merlin_8570a552b6.wav,,2.7189,falcon,,soundbible,falcon
wav_files/soundbible_plastic-bottle-crush_8567b720b6.wav,,1.188,plastic,,soundbible,plastic
wav_files/soundbible_crowd-applause_64a0aeb95e.wav,,10.0,large auditorium,,soundbible,large auditorium
wav_files/soundbible_pen-clicks_fad78bf5a5.wav,,2.0,pen,,soundbible,pen
wav_files/soundbible_air-wrench-short_f53c997ef0.wav,,1.5549,change tire,,soundbible,change tire
wav_files/soundbible_shotgun-reload-spas-12_4a01f88ed3.wav,,1.1274,shotgun,,soundbible,shotgun
wav_files/soundbible_merlin_e84c379c8b.wav,,2.7189,falcon,,soundbible,falcon
wav_files/soundbible_thunder-strike-1_4798004f81.wav,,10.0,thunder storm,,soundbible,thunder storm
wav_files/soundbible_shotgun-old-school_5943bf8846.wav,,1.9034,shotgun,,soundbible,shotgun
wav_files/soundbible_count-off_82e938b88a.wav,,1.6719,count off,,soundbible,count off
wav_files/soundbible_small-crowd-applause_7cfe7a39fa.wav,,7.5409,crowd,,soundbible,crowd
wav_files/soundbible_dragon-ball-z-scream-9_37c3f4038e.wav,,5.371,dbz,,soundbible,dbz
wav_files/soundbible_shotgun-12ga-fire_a320d50a21.wav,,1.9587,shotgun,,soundbible,shotgun
wav_files/soundbible_cat-meow-2_374512e1e9.wav,,5.0678,cat,,soundbible,cat
wav_files/soundbible_gun-war_d78e0d474a.wav,,10.0,gun,,soundbible,gun
wav_files/soundbible_colt-45_c8d4d47578.wav,,10.0,colt 45,,soundbible,colt 45
wav_files/soundbible_slap_f2c12613d8.wav,,1.3468,slap,,soundbible,slap
wav_files/soundbible_slap_ad5ef32ab9.wav,,1.3468,slap,,soundbible,slap
wav_files/soundbible_a-z-vocalized_51066860b9.wav,,10.0,alphabet,,soundbible,alphabet
wav_files/soundbible_shotgun-reload-spas-12_1f392f62a1.wav,,1.1274,shotgun,,soundbible,shotgun
wav_files/soundbible_fast-heel-walk_7eaa4fa08d.wav,,5.9962,walk,,soundbible,walk
wav_files/soundbible_plectron-tones_25ebad2d19.wav,,10.0,plectron,,soundbible,plectron
wav_files/soundbible_smashing_ab62d354df.wav,,2.1073,smashing,,soundbible,smashing
wav_files/soundbible_giant-monster_9f3bb2c181.wav,,6.6493,resident evil,,soundbible,resident evil
wav_files/soundbible_bats-in-cave_5c03e20b6e.wav,,4.8966,cave,,soundbible,cave
wav_files/soundbible_cat-meow-2_4254bcc422.wav,,5.0678,cat,,soundbible,cat
wav_files/soundbible_strange-alien_523640cf08.wav,,10.0,alien,,soundbible,alien
wav_files/soundbible_cave-bats_64cd4bd08c.wav,,10.0,cave,,soundbible,cave
wav_files/soundbible_rain-background_213cc52724.wav,,10.0,rain,,soundbible,rain
wav_files/soundbible_sounds-of-war-v-10_dac4084f3d.wav,,10.0,war,,soundbible,war
wav_files/soundbible_bats-in-cave_7f3e1ca31e.wav,,4.9111,cave,,soundbible,cave
wav_files/soundbible_smashing_f24ddbc954.wav,,2.1073,smashing,,soundbible,smashing
wav_files/soundbible_spaceship-takeoff_12faab7307.wav,,8.9796,alien,,soundbible,alien
wav_files/soundbible_pill-bottle_a307f0bc06.wav,,5.7944,pain,,soundbible,pain
wav_files/soundbible_tongue-rolling_4830c147e4.wav,,10.0,tongue,,soundbible,tongue
wav_files/soundbible_shotgun-old-school_2521a9f413.wav,,1.9034,shotgun,,soundbible,shotgun
wav_files/soundbible_small-crowd-applause_6ef77527e5.wav,,7.5409,crowd,,soundbible,crowd
wav_files/soundbible_rage-of-blades_d53f84965c.wav,,5.2506,blades,,soundbible,blades
wav_files/soundbible_bathroom-sink_363da1fe56.wav,,10.0,bathroom,,soundbible,bathroom
wav_files/soundbible_tornado-siren-ii_df718d6178.wav,,10.0,tornado,,soundbible,tornado
wav_files/soundbible_chipmunks-sound_e7364c2cac.wav,,10.0,funny,,soundbible,funny
wav_files/soundbible_rage-of-blades_c3a7a3d287.wav,,5.1594,blades,,soundbible,blades
wav_files/soundbible_clean-paper-rip_24d35acfde.wav,,1.1853,paper,,soundbible,paper
wav_files/soundbible_crow-call-2_9fb3d0a7c8.wav,,6.0276,crow,,soundbible,crow
wav_files/soundbible_clean-paper-rip_86a20e6ca9.wav,,1.1853,paper,,soundbible,paper
wav_files/soundbible_ocean-waves_a2ebeeb921.wav,,10.0,ocean,,soundbible,ocean
wav_files/soundbible_plectron-tones_9df31e90d1.wav,,10.0,plectron,,soundbible,plectron
wav_files/soundbible_crisp-ocean-waves_ffd2cc48b9.wav,,10.0,ocean,,soundbible,ocean
wav_files/soundbible_50-cal-casingx3_0d31ddd4f5.wav,,6.456,Bullet,,soundbible,Bullet
wav_files/soundbible_chipmunks-sound_ea6764bd9c.wav,,10.0,funny,,soundbible,funny
wav_files/soundbible_murder-at-quarry_34e26ce102.wav,,9.504,silenced,,soundbible,silenced
wav_files/soundbible_slow-paper-rip_14b69b3314.wav,,5.2964,paper,,soundbible,paper
wav_files/soundbible_cicada-3_fbb03ab9ef.wav,,2.7891,cicada,,soundbible,cicada
wav_files/soundbible_pill-bottle_3ac9517931.wav,,5.7944,pain,,soundbible,pain
wav_files/soundbible_minigun_a5f162af1c.wav,,4.827,minigun,,soundbible,minigun
wav_files/soundbible_shotgun-blast_19a9eedd3b.wav,,1.9594,shotgun,,soundbible,shotgun
wav_files/soundbible_cicada-3_1a1b666516.wav,,2.7891,cicada,,soundbible,cicada
wav_files/soundbible_crow-call-2_282cb2037e.wav,,6.0276,crow,,soundbible,crow
wav_files/soundbible_electric-razor_7f22a04668.wav,,10.0,electric,,soundbible,electric
wav_files/soundbible_shotgun-blast_72ecb2df40.wav,,1.9594,shotgun,,soundbible,shotgun
wav_files/soundbible_lock-in-load-m4_7d4818b57d.wav,,4.3214,m4,,soundbible,m4
wav_files/soundbible_hahaha_521764b311.wav,,10.0,haha,,soundbible,haha
wav_files/soundbible_hard-drive-clicking_c1ec129bdf.wav,,10.0,hard,,soundbible,hard
wav_files/soundbible_cowboy-theme_b9034d3fdf.wav,,10.0,east,,soundbible,east
wav_files/soundbible_suicide-bomber-2_eb0bca031b.wav,,9.25,suicide,,soundbible,suicide
wav_files/soundbible_thunder-hd_db4af37aa2.wav,,8.8985,thunder,,soundbible,thunder
wav_files/soundbible_rain_f44927c86f.wav,,10.0,rain,,soundbible,rain
wav_files/soundbible_intro-wind_0b9fbe5a99.wav,,10.0,wind,,soundbible,wind
wav_files/soundbible_mandatory-evacuation_4906963e7e.wav,,10.0,warning,,soundbible,warning
wav_files/soundbible_sick-villain_830f4728c3.wav,,10.0,villain,,soundbible,villain
wav_files/soundbible_minigun_91ec9d96f2.wav,,4.827,minigun,,soundbible,minigun
wav_files/soundbible_slow-paper-rip_4292a98201.wav,,5.2964,paper,,soundbible,paper
wav_files/soundbible_modern-battlefield_6612509e63.wav,,10.0,battlefield,,soundbible,battlefield
wav_files/soundbible_lock-in-load-m4_77fa4c683b.wav,,4.3214,m4,,soundbible,m4
wav_files/soundbible_50-cal-casingx3_536726996c.wav,,6.445,Bullet,,soundbible,Bullet
wav_files/soundbible_dump-truck_4cb9323de4.wav,,9.2212,construction,,soundbible,construction
wav_files/soundbible_suicide-bomber-2_3767787dd3.wav,,9.25,suicide,,soundbible,suicide
wav_files/soundbible_barreta-m9_42a3e0fafd.wav,,1.3342,weapon,,soundbible,weapon
wav_files/soundbible_bathroom-sink_4555e14690.wav,,10.0,bathroom,,soundbible,bathroom
wav_files/soundbible_mandatory-evacuation_bf73f4c2d0.wav,,10.0,warning,,soundbible,warning
wav_files/soundbible_thunder-02_dfaac40c13.wav,,4.9869,weather,,soundbible,weather
wav_files/soundbible_thunder_dab03a2f5c.wav,,10.0,weather,,soundbible,weather
wav_files/soundbible_fire-burning_1087450d1e.wav,,10.0,blaze,,soundbible,blaze
wav_files/soundbible_thunder-02_0a360925d4.wav,,4.9869,weather,,soundbible,weather
wav_files/soundbible_tribal-chanting_dad5e7b7fa.wav,,10.0,tribal,,soundbible,tribal
wav_files/soundbible_murder-at-quarry_294cd00ac3.wav,,9.493,silenced,,soundbible,silenced
wav_files/soundbible_house-on-fire_c93a037fcd.wav,,10.0,blaze,,soundbible,blaze
wav_files/soundbible_more-tribal-chanting_697ec98011.wav,,6.7412,tribal,,soundbible,tribal
wav_files/soundbible_turkey-call-2_87f29b73c4.wav,,2.675,tom,,soundbible,tom
wav_files/soundbible_helicopter-leaving_f1875f5e90.wav,,10.0,helicopter,,soundbible,helicopter
wav_files/soundbible_turkey-call-2_556c6e8906.wav,,2.675,tom,,soundbible,tom
wav_files/soundbible_abcdefg_c2c82123b1.wav,,2.8163,alphabet,,soundbible,alphabet
wav_files/soundbible_hahaha_7b4792c109.wav,,10.0,haha,,soundbible,haha
wav_files/soundbible_fire-burning_2a64f0d4a6.wav,,10.0,blaze,,soundbible,blaze
wav_files/soundbible_helicopter-circling-back_f3d4679b4b.wav,,10.0,helicopter,,soundbible,helicopter
wav_files/soundbible_helicopter-hovering_9bdc0b5c26.wav,,10.0,helicopter,,soundbible,helicopter
wav_files/soundbible_abcdefg_53ee6504e1.wav,,2.8163,alphabet,,soundbible,alphabet
wav_files/soundbible_hello-son_03bb043972.wav,,1.8782,hello,,soundbible,hello
wav_files/soundbible_more-tribal-chanting_b6f9642e08.wav,,6.7412,tribal,,soundbible,tribal
wav_files/soundbible_turkey-call_e8a3d144b8.wav,,5.8331,tom,,soundbible,tom
wav_files/soundbible_hello-son_765c5ea7b4.wav,,1.8782,hello,,soundbible,hello
wav_files/soundbible_cave-bats_cdc07800d1.wav,,10.0,cave,,soundbible,cave
wav_files/soundbible_2-crows-calling_323cad11b8.wav,,6.0276,crow,,soundbible,crow
wav_files/soundbible_2-minute-storm_8ac006201f.wav,,10.0,weather,,soundbible,weather
wav_files/soundbible_crumbling_6b5bb460ae.wav,,1.6592,crumbling,,soundbible,crumbling
wav_files/soundbible_sick-villain_6b57dd81f1.wav,,10.0,villain,,soundbible,villain
wav_files/soundbible_martian-death-ray_c6452ff1ed.wav,,1.3992,alien,,soundbible,alien
wav_files/soundbible_tribal-chanting_67338f7910.wav,,10.0,tribal,,soundbible,tribal
wav_files/soundbible_spooky-drone_2efbfd965b.wav,,10.0,horror,,soundbible,horror
wav_files/soundbible_ocean-waves_4595670ddb.wav,,10.0,ocean,,soundbible,ocean
wav_files/soundbible_martian-death-ray_c107a97dc0.wav,,1.3992,alien,,soundbible,alien
wav_files/soundbible_thunder-sound-fx_79a41d04c4.wav,,10.0,lightning,,soundbible,lightning
wav_files/soundbible_football-crowd_24055333e6.wav,,9.7366,sports,,soundbible,sports
wav_files/soundbible_turkey-call_75e6e4873c.wav,,5.8331,tom,,soundbible,tom
wav_files/soundbible_intro-wind_57b40912d0.wav,,10.0,wind,,soundbible,wind
wav_files/soundbible_modern-battlefield_2d611a50ef.wav,,10.0,battlefield,,soundbible,battlefield
wav_files/soundbible_sports-crowd_4390e52430.wav,,10.0,sports,,soundbible,sports
wav_files/soundbible_416-barrett-sniper-3x_ee93251806.wav,,4.5287,sniper,,soundbible,sniper
wav_files/soundbible_bye-bye-son_f6d2224787.wav,,1.0682,bye,,soundbible,bye
wav_files/soundbible_416-barrett-sniper-rifle_13a9e026f4.wav,,1.8194,sniper,,soundbible,sniper
wav_files/soundbible_army-strong-theme-song_a8dc2e3128.wav,,10.0,military,,soundbible,military
wav_files/soundbible_416-barrett-sniper-rifle_067a5dbfe5.wav,,1.8194,sniper,,soundbible,sniper
wav_files/soundbible_416-barrett-sniper-3x_027d4789ca.wav,,4.5287,sniper,,soundbible,sniper
wav_files/soundbible_bye-bye-son_42578b2dc1.wav,,1.0682,bye,,soundbible,bye
wav_files/soundbible_bullet-whizzing-by_5bcccd38e9.wav,,2.3219,gun,,soundbible,gun
wav_files/soundbible_scary-demon-haunting_ad90244810.wav,,10.0,halloween,,soundbible,halloween
wav_files/soundbible_spooky-drone_7cc45e3229.wav,,10.0,horror,,soundbible,horror
wav_files/soundbible_ump45-heckler-koch_add4448bf2.wav,,4.9456,ump45,,soundbible,ump45
wav_files/soundbible_jack-in-the-box_a9f59fd50a.wav,,10.0,pop goes the weasel,,soundbible,pop goes the weasel
wav_files/soundbible_bullet-whizzing-by_dd616b26b5.wav,,2.3219,gun,,soundbible,gun
wav_files/soundbible_sqeaking-door-2_f0d3c3d35f.wav,,10.0,door,,soundbible,door
wav_files/soundbible_counting-to-10_32b4a9f355.wav,,7.5934,count,,soundbible,count
wav_files/soundbible_phone-ringing-8x_a0132eb0b8.wav,,10.0,phone,,soundbible,phone
wav_files/soundbible_cargo-train_bbab03c060.wav,,10.0,metal,,soundbible,metal
wav_files/soundbible_ringing-phone_55147217ac.wav,,4.6416,phone,,soundbible,phone
wav_files/soundbible_helicopter-leaving_99cb7772e4.wav,,10.0,helicopter,,soundbible,helicopter
wav_files/soundbible_jack-in-the-box_b893a75b15.wav,,10.0,pop goes the weasel,,soundbible,pop goes the weasel
wav_files/soundbible_sqeaking-door_9d97232987.wav,,7.8663,door,,soundbible,door
wav_files/soundbible_im-superman_dc49a8d47a.wav,,9.3399,strong,,soundbible,strong
wav_files/soundbible_jack-in-the-box-fast_0094c0ee63.wav,,8.9109,pop goes the weasel,,soundbible,pop goes the weasel
wav_files/soundbible_male-cough_b2ac68ccff.wav,,1.5639,cough,,soundbible,cough
wav_files/soundbible_football-crowd_8b07d64a38.wav,,9.7366,sports,,soundbible,sports
wav_files/soundbible_cough-3x_3f7efe300e.wav,,1.8145,cough,,soundbible,cough
wav_files/soundbible_ringing-phone_50e47f9c6a.wav,,4.6416,phone,,soundbible,phone
wav_files/soundbible_mallard-duck-quacking_0b95366175.wav,,2.6106,duck,,soundbible,duck
wav_files/soundbible_male-cough_b7244d62a1.wav,,1.5639,cough,,soundbible,cough
wav_files/soundbible_cough-3x_8b5919cb1a.wav,,1.8145,cough,,soundbible,cough
wav_files/soundbible_jack-in-the-box-fast_062ef5f64a.wav,,8.9109,pop goes the weasel,,soundbible,pop goes the weasel
wav_files/soundbible_pterodactyl-screech_78dd9b65fb.wav,,6.4021,pterodactyl,,soundbible,pterodactyl
wav_files/soundbible_pissed-off-duck_cdf55d721c.wav,,2.9263,duck,,soundbible,duck
wav_files/soundbible_im-superman_1ac6e10231.wav,,9.3399,strong,,soundbible,strong
wav_files/soundbible_mallard-duck-quacking_d36f142805.wav,,2.6106,duck,,soundbible,duck
wav_files/soundbible_metroid-door_7083ae75f9.wav,,1.0699,metroid,,soundbible,metroid
wav_files/soundbible_metroid-door_2fcb519532.wav,,1.0699,metroid,,soundbible,metroid
wav_files/soundbible_helicopter-circling-back_155bf4ae65.wav,,10.0,helicopter,,soundbible,helicopter
wav_files/soundbible_pterodactyl-screech_2e9918c5eb.wav,,6.4021,pterodactyl,,soundbible,pterodactyl
wav_files/soundbible_gun-loud_82a7adf587.wav,,2.2406,pistol,,soundbible,pistol
wav_files/soundbible_thunder_d7d2c0867d.wav,,10.0,weather,,soundbible,weather
wav_files/soundbible_gun-loud_e4fb3bf523.wav,,2.2406,pistol,,soundbible,pistol
wav_files/soundbible_tibetan-zymbel_00a7ba79be.wav,,10.0,tibetan,,soundbible,tibetan
wav_files/soundbible_canadian-geese-migration_9f53925936.wav,,5.0536,canadian geese,,soundbible,canadian geese
wav_files/soundbible_kids-cheerleading_6c675e7fe1.wav,,10.0,cheer,,soundbible,cheer
wav_files/soundbible_mallard-duck_aef0680318.wav,,2.6431,duck,,soundbible,duck
wav_files/soundbible_horned-owl_8b09e14424.wav,,2.7847,horned owl,,soundbible,horned owl
wav_files/soundbible_pissed-off-duck_0fd5c72d04.wav,,2.9263,duck,,soundbible,duck
wav_files/soundbible_thunderstorm-thin_e8cb585bed.wav,,10.0,thunder,,soundbible,thunder
wav_files/soundbible_dove_808b267c7b.wav,,4.1074,morning dove,,soundbible,morning dove
wav_files/soundbible_killdeer-song_17d59f2adc.wav,,3.9914,killdeer,,soundbible,killdeer
wav_files/soundbible_more-thunder_2e553c23fe.wav,,10.0,barrage,,soundbible,barrage
wav_files/soundbible_mallard-duck_cbab61008a.wav,,2.6431,duck,,soundbible,duck
wav_files/soundbible_children-laughing_0e3ebda672.wav,,2.1923,kid,,soundbible,kid
wav_files/soundbible_dove_5ff91875c1.wav,,4.1074,morning dove,,soundbible,morning dove
wav_files/soundbible_warbling-vireo_5b8c6308ff.wav,,3.553,warbling vireo call,,soundbible,warbling vireo call
wav_files/soundbible_2-crows-calling_551f316bb5.wav,,6.0276,crow,,soundbible,crow
wav_files/soundbible_hawk-screech-valley_56e79964c1.wav,,5.0814,falcon screech,,soundbible,falcon screech
wav_files/soundbible_cargo-train_52dab35d06.wav,,10.0,metal,,soundbible,metal
wav_files/soundbible_hawk-screeching_b594203242.wav,,1.7261,falcon screech,,soundbible,falcon screech
wav_files/soundbible_horned-owl_b43d9f5989.wav,,2.7847,horned owl,,soundbible,horned owl
wav_files/soundbible_sqeaking-door-2_2864b3daff.wav,,10.0,door,,soundbible,door
wav_files/soundbible_bluejay-call-2_2b2405ea9e.wav,,7.9237,bluejay call,,soundbible,bluejay call
wav_files/soundbible_panic_e626c11e0a.wav,,2.3859,apprehension,,soundbible,apprehension
wav_files/soundbible_bluejay-call_98ffd05c77.wav,,4.9337,bluejay call,,soundbible,bluejay call
wav_files/soundbible_high-pitch-girl-laugh_8f33d201a3.wav,,1.7715,dauther,,soundbible,dauther
wav_files/soundbible_hawk-screeching_6bc4f0e991.wav,,1.7261,falcon screech,,soundbible,falcon screech
wav_files/soundbible_apprehensive_36508ca551.wav,,3.4932,apprehension,,soundbible,apprehension
wav_files/soundbible_funny-girl-laugh_558334143f.wav,,2.1923,kid,,soundbible,kid
wav_files/soundbible_more-thunder_a6c5d00b52.wav,,10.0,barrage,,soundbible,barrage
wav_files/soundbible_warbling-vireo_df76d1ee1e.wav,,3.553,warbling vireo call,,soundbible,warbling vireo call
wav_files/soundbible_end-of-game_bc1a88361a.wav,,10.0,buzzer,,soundbible,buzzer
wav_files/soundbible_more-thunder-2_21db23806c.wav,,10.0,barrage,,soundbible,barrage
wav_files/soundbible_hawk-screech-valley_c823bd21f1.wav,,5.0814,falcon screech,,soundbible,falcon screech
wav_files/soundbible_climactic-suspense_61c55655f8.wav,,2.3859,apprehension,,soundbible,apprehension
wav_files/soundbible_lightning-bolt-light-rain_8c2c8e4703.wav,,10.0,barrage,,soundbible,barrage
wav_files/soundbible_sad-trombone_420f9dc1f3.wav,,4.2058,failure,,soundbible,failure
wav_files/soundbible_killdeer-song_70bcec0a6a.wav,,3.9914,killdeer,,soundbible,killdeer
wav_files/soundbible_poltergeist_2f4b66349b.wav,,10.0,apparition,,soundbible,apparition
wav_files/soundbible_medium-rainstorm_90a836f8bc.wav,,10.0,barrage,,soundbible,barrage
wav_files/soundbible_sad-trombone_4ab59e95c4.wav,,4.151,failure,,soundbible,failure
wav_files/soundbible_funny-boy-laugh_13d1b8628f.wav,,2.5913,kid,,soundbible,kid
wav_files/soundbible_birds-after-rain_3bd571ce37.wav,,10.0,birds,,soundbible,birds
wav_files/soundbible_helicopter-hovering_96f75053ce.wav,,10.0,helicopter,,soundbible,helicopter
wav_files/soundbible_bluejay-call_f61e088ac8.wav,,4.9337,bluejay call,,soundbible,bluejay call
wav_files/soundbible_winning-triumphal-fanfare_42ff526d8f.wav,,5.3755,trumpet,,soundbible,trumpet
wav_files/soundbible_baby-boy-laugh_524111e10b.wav,,5.9416,kid,,soundbible,kid
wav_files/soundbible_funny-boy-laugh_9936f30352.wav,,2.5913,kid,,soundbible,kid
wav_files/soundbible_imac-startup-chime_a803d46575.wav,,2.1882,iMac,,soundbible,iMac
wav_files/soundbible_take-picture_08871cc28d.wav,,1.3572,photo,,soundbible,photo
wav_files/soundbible_take-picture_469ed6d347.wav,,1.3572,photo,,soundbible,photo
wav_files/soundbible_sports-crowd_dc825ba008.wav,,10.0,sports,,soundbible,sports
wav_files/soundbible_imac-startup-chime_d08eb6f393.wav,,2.1882,iMac,,soundbible,iMac
wav_files/soundbible_house-on-fire_308beebbcb.wav,,10.0,blaze,,soundbible,blaze
wav_files/soundbible_party-horn_b23a1b00b4.wav,,2.1513,horn,,soundbible,horn
wav_files/soundbible_hell_86b0755345.wav,,10.0,hell,,soundbible,hell
wav_files/soundbible_humvee_dd4aaf8f0d.wav,,4.4585,military,,soundbible,military
wav_files/soundbible_a-tone_8655cfbbc3.wav,,1.7143,default beep,,soundbible,default beep
wav_files/soundbible_police_ee70dfec4a.wav,,10.0,police,,soundbible,police
wav_files/soundbible_baby-boy-laugh_eacb573c15.wav,,4.3578,kid,,soundbible,kid
wav_files/soundbible_scary_3a4c3620eb.wav,,7.4357,Horror,,soundbible,Horror
wav_files/soundbible_enraged-zombies_2e7744db77.wav,,10.0,ambiance,,soundbible,ambiance
wav_files/soundbible_a-tone_6b6399e5a4.wav,,1.7143,default beep,,soundbible,default beep
wav_files/soundbible_train-sound-indian-railways_3f223a8eee.wav,,10.0,train sound,,soundbible,train sound
wav_files/soundbible_bunker-buster-missile_ddbee7d24f.wav,,10.0,debris,,soundbible,debris
wav_files/soundbible_rainforest-ambience_987b79e5f5.wav,,10.0,bird,,soundbible,bird
wav_files/soundbible_humvee_f5454a6538.wav,,4.4585,military,,soundbible,military
wav_files/soundbible_intro_760455607a.wav,,10.0,intro,,soundbible,intro
wav_files/soundbible_bluejay-call-2_a49af0c96f.wav,,7.9237,bluejay call,,soundbible,bluejay call
wav_files/soundbible_kid-laugh-long_4bf176a940.wav,,10.0,kid,,soundbible,kid
wav_files/soundbible_medium-rainstorm_72e526793c.wav,,10.0,barrage,,soundbible,barrage
wav_files/soundbible_poltergeist_d4cd455afc.wav,,10.0,apparition,,soundbible,apparition
wav_files/soundbible_train-hits-guy_82521b6132.wav,,10.0,train,,soundbible,train
wav_files/soundbible_versys-dual-muffler_ea86930c88.wav,,3.8219,motorcycle,,soundbible,motorcycle
wav_files/soundbible_m4a1-single_1a6f080c60.wav,,1.8968,assault,,soundbible,assault
wav_files/soundbible_wind_9bd90a0a57.wav,,10.0,wind,,soundbible,wind
wav_files/soundbible_alien-machine-gun_e2d62b8247.wav,,2.1682,alien machine gun,,soundbible,alien machine gun
wav_files/soundbible_hell_e079bd7c90.wav,,10.0,hell,,soundbible,hell
wav_files/soundbible_slowed-breathing_6cc1b346f2.wav,,10.0,slow,,soundbible,slow
wav_files/soundbible_scary-and-eerie_04f4546e0b.wav,,10.0,scary,,soundbible,scary
wav_files/soundbible_alien-machine-gun_5aa9e5f411.wav,,2.1562,alien machine gun,,soundbible,alien machine gun
wav_files/soundbible_ima-firin-my-laser_ff17fa6819.wav,,2.5078,laser,,soundbible,laser
wav_files/soundbible_cloth_6b58db4436.wav,,2.3672,cloth,,soundbible,cloth
wav_files/soundbible_explosion-ultra-bass_2388335d73.wav,,10.0,explosion,,soundbible,explosion
wav_files/soundbible_electrical-sweep_f619d20793.wav,,5.4999,xylophone,,soundbible,xylophone
wav_files/soundbible_cloth_f294903a8a.wav,,2.3672,cloth,,soundbible,cloth
wav_files/soundbible_missle-launch_70d9c144f9.wav,,4.3766,missle,,soundbible,missle
wav_files/soundbible_flashbang_f8fc06469b.wav,,2.4033,flash,,soundbible,flash
wav_files/soundbible_electrical-sweep_952a8cf0c3.wav,,5.4999,xylophone,,soundbible,xylophone
wav_files/soundbible_missle-launch_2628be5e68.wav,,4.3766,missle,,soundbible,missle
wav_files/soundbible_torture_0cae81f93d.wav,,2.8735,rebel,,soundbible,rebel
wav_files/soundbible_assembling-a-gun_0b43e21f8b.wav,,10.0,gun,,soundbible,gun
wav_files/soundbible_intro_9e5f702f41.wav,,10.0,intro,,soundbible,intro
wav_files/soundbible_loud-bang_195b2049f9.wav,,2.2204,bang,,soundbible,bang
wav_files/soundbible_water-churning_b41f891372.wav,,9.1724,water,,soundbible,water
wav_files/soundbible_torture_35ccfbb631.wav,,2.8105,rebel,,soundbible,rebel
wav_files/soundbible_sniper-rifle_b2ee96aff2.wav,,3.0564,sniper,,soundbible,sniper
wav_files/soundbible_loud-bang_6de83c2d68.wav,,2.2084,bang,,soundbible,bang
wav_files/soundbible_crisp-ocean-waves_8a312bc6cf.wav,,10.0,ocean,,soundbible,ocean
wav_files/soundbible_sniper-rifle_21dbd06863.wav,,3.0691,sniper,,soundbible,sniper
wav_files/soundbible_laughing-kookaburra-birds_4b848ab8b4.wav,,7.8629,Kookaburra,,soundbible,Kookaburra
wav_files/soundbible_annoying-alarm-clock_7694bb8566.wav,,9.8743,Loud,,soundbible,Loud
wav_files/soundbible_baby-talk_1ab42d9b3f.wav,,4.3706,baby,,soundbible,baby
wav_files/soundbible_train-hits-guy_fa6fa34e97.wav,,10.0,train,,soundbible,train
wav_files/soundbible_annoying-alien-buzzer_fefbcb7c42.wav,,10.0,siren,,soundbible,siren
wav_files/soundbible_fast-sawing_17baf2fa35.wav,,7.3552,cutting,,soundbible,cutting
wav_files/soundbible_tyrannosaurus-rex_c6a379e05b.wav,,3.6084,dinosaur,,soundbible,dinosaur
wav_files/soundbible_metal-clang_d06ac0429e.wav,,2.0,impact,,soundbible,impact
wav_files/soundbible_assembling-a-gun_16886b105f.wav,,10.0,gun,,soundbible,gun
wav_files/soundbible_laughing-kookaburra-birds_6441f3195d.wav,,7.8669,Kookaburra,,soundbible,Kookaburra
wav_files/soundbible_brush-fire_c48bd0de5d.wav,,10.0,brush fire,,soundbible,brush fire
wav_files/soundbible_cow-moo_ef7ee2569a.wav,,3.6382,cow,,soundbible,cow
wav_files/soundbible_cow-moo_a7b18749c9.wav,,3.6382,cow,,soundbible,cow
wav_files/soundbible_babbling-brook_c2ca98990e.wav,,10.0,babbling brook,,soundbible,babbling brook
wav_files/soundbible_water-churning_38fcfca744.wav,,9.1724,water,,soundbible,water
wav_files/soundbible_tea-pot-whistle_a8b7923b7a.wav,,10.0,angry,,soundbible,angry
wav_files/soundbible_strong-punch_c307ac21db.wav,,1.0012,fist,,soundbible,fist
wav_files/soundbible_laser-machine-gun_dc4f5d1c25.wav,,2.0731,laser machine gun,,soundbible,laser machine gun
wav_files/soundbible_annoying-alarm-clock_bf8f4619df.wav,,9.8104,Loud,,soundbible,Loud
wav_files/soundbible_baby-talk_212d661283.wav,,4.4148,baby,,soundbible,baby
wav_files/soundbible_strong-punch_f403ec214a.wav,,1.0012,fist,,soundbible,fist
wav_files/soundbible_fast-sawing_c8fe1ff35a.wav,,7.7968,cutting,,soundbible,cutting
wav_files/soundbible_yoda_cb33a9df33.wav,,7.6351,yoda,,soundbible,yoda
wav_files/soundbible_explosion-ultra-bass_3cda9215b8.wav,,10.0,explosion,,soundbible,explosion
wav_files/soundbible_dog-kennel_e8f4f3c8b7.wav,,10.0,dog,,soundbible,dog
wav_files/soundbible_ray-gun_19636037f9.wav,,2.2727,sci fi,,soundbible,sci fi
wav_files/soundbible_police_72f37fe896.wav,,10.0,police,,soundbible,police
wav_files/soundbible_laser-machine-gun_70415fde73.wav,,2.1679,laser machine gun,,soundbible,laser machine gun
wav_files/soundbible_laser-gun_d7455c63e7.wav,,1.6157,sci fi,,soundbible,sci fi
wav_files/soundbible_laser-cannon_9e8da621a1.wav,,1.9487,sci fi,,soundbible,sci fi
wav_files/soundbible_fire-pager_5ba0ebed78.wav,,2.5481,fire,,soundbible,fire
wav_files/soundbible_glass-break_08fe1bd97b.wav,,1.045,glass,,soundbible,glass
wav_files/soundbible_ray-gun_f6a8909471.wav,,2.1711,sci fi,,soundbible,sci fi
wav_files/soundbible_laser-gun_c1a55bbcf3.wav,,1.6157,sci fi,,soundbible,sci fi
wav_files/soundbible_babbling-brook_26e69acea5.wav,,10.0,babbling brook,,soundbible,babbling brook
wav_files/soundbible_electronic-noise_3157722430.wav,,8.8186,noise,,soundbible,noise
wav_files/soundbible_cave-in_13b81d19c7.wav,,9.853,rock,,soundbible,rock
wav_files/soundbible_15-thousand-people_5edd8e96fe.wav,,10.0,crowd,,soundbible,crowd
wav_files/soundbible_laser-cannon_0827705c97.wav,,1.9539,sci fi,,soundbible,sci fi
wav_files/soundbible_glass-breaking_eea9e8289d.wav,,2.0,glass breaking,,soundbible,glass breaking
wav_files/soundbible_brush-fire_5523e13f8c.wav,,10.0,brush fire,,soundbible,brush fire
wav_files/soundbible_spray-paint-shake_910607d278.wav,,8.5412,shake,,soundbible,shake
wav_files/soundbible_bird-in-rain_117dee1122.wav,,10.0,bird,,soundbible,bird
wav_files/soundbible_yak-52-propeller-plane_62fa4c4a59.wav,,10.0,yak 52,,soundbible,yak 52
wav_files/soundbible_car-brake-crash_9a02c57794.wav,,3.1927,car,,soundbible,car
wav_files/soundbible_door-entry-notification_9e3576191b.wav,,7.8265,door,,soundbible,door
wav_files/soundbible_car-brake-crash_fa2b0e4a42.wav,,2.7228,car,,soundbible,car
wav_files/soundbible_fire-pager_38379db9b9.wav,,2.5654,fire,,soundbible,fire
wav_files/soundbible_scary-ambiance_579c0f95db.wav,,10.0,scary,,soundbible,scary
wav_files/soundbible_your-mom_316556ef2b.wav,,1.11,your,,soundbible,your
wav_files/soundbible_your-mom_dfdaac419b.wav,,1.11,your,,soundbible,your
wav_files/soundbible_rigid-dark-pulse_7b285e4165.wav,,5.9824,dark,,soundbible,dark
wav_files/soundbible_ambience-casino_754417ff69.wav,,10.0,gambling,,soundbible,gambling
wav_files/soundbible_elaborate-thunder_aae48dfe94.wav,,10.0,thunder storm,,soundbible,thunder storm
wav_files/soundbible_door-entry-notification_055a6764d6.wav,,7.8265,door,,soundbible,door
wav_files/soundbible_alien-siren_611dfa4aea.wav,,8.904,siren,,soundbible,siren
wav_files/soundbible_davie-jones_21798e1a8d.wav,,4.2,davie,,soundbible,davie
wav_files/soundbible_hare-crishna-street-chanting_d79b023ba4.wav,,10.0,ritual,,soundbible,ritual
wav_files/soundbible_evil-droid_2222326026.wav,,5.3738,evil,,soundbible,evil
wav_files/soundbible_hitting-metal_8c70b3868b.wav,,2.856,Metal,,soundbible,Metal
wav_files/soundbible_dog-kennel_7796f6821d.wav,,10.0,dog,,soundbible,dog
wav_files/soundbible_tyrannosaurus-rex-roar_2e4c6860a1.wav,,2.0743,dinosaur,,soundbible,dinosaur
wav_files/soundbible_buzzsaw_d94fc7325f.wav,,6.9822,buzz,,soundbible,buzz
wav_files/soundbible_hockey-stick-slap-2_a4f729d552.wav,,2.0,hockey,,soundbible,hockey
wav_files/soundbible_cave-in_0bae4ec43d.wav,,9.853,rock,,soundbible,rock
wav_files/soundbible_yoda_1cc06b7520.wav,,7.6539,yoda,,soundbible,yoda
wav_files/soundbible_ship-bell_26885486fd.wav,,3.7457,large bell,,soundbible,large bell
wav_files/soundbible_tyrannosaurus-rex-roar_2a5b13fa90.wav,,2.7105,dinosaur,,soundbible,dinosaur
wav_files/soundbible_ship-brass-bell_f5549bb5b2.wav,,10.0,large bell,,soundbible,large bell
wav_files/soundbible_shooting-star_5bed29fcb5.wav,,1.1419,aurora,,soundbible,aurora
wav_files/soundbible_anvil-impact_c8021375ce.wav,,1.1769,anvil,,soundbible,anvil
wav_files/soundbible_ship-bell_8ef7a9c204.wav,,3.7457,large bell,,soundbible,large bell
wav_files/soundbible_spray-paint-shake_609d7d55d2.wav,,8.5301,shake,,soundbible,shake
wav_files/soundbible_shooting-star_18da80333c.wav,,1.1419,aurora,,soundbible,aurora
wav_files/soundbible_helicopter_dd36e8addd.wav,,7.8,helicopter,,soundbible,helicopter
wav_files/soundbible_scary-and-eerie_58899d64c1.wav,,10.0,scary,,soundbible,scary
wav_files/soundbible_ship-brass-bell_bc2acc1de0.wav,,10.0,large bell,,soundbible,large bell
wav_files/soundbible_anvil-impact_cd21c83940.wav,,1.1769,anvil,,soundbible,anvil
wav_files/soundbible_little-demon-girl-song_cfed29034d.wav,,10.0,scary,,soundbible,scary
wav_files/soundbible_davie-jones_3b2e15bcec.wav,,4.189,davie,,soundbible,davie
wav_files/soundbible_helicopter_d3b4c972c1.wav,,10.0,helicopter,,soundbible,helicopter
wav_files/soundbible_turkey-gobble_4e1cf13a30.wav,,1.3583,gobble,,soundbible,gobble
wav_files/soundbible_flute-tone_8eb782936c.wav,,10.0,flute,,soundbible,flute
wav_files/soundbible_2-minute-storm_0097e90580.wav,,10.0,weather,,soundbible,weather
wav_files/soundbible_alpaca-mating-call_76bce5e520.wav,,3.36,llamma,,soundbible,llamma
wav_files/soundbible_evil-droid_613d578336.wav,,5.3738,evil,,soundbible,evil
wav_files/soundbible_hitting-metal_06f2f5cba0.wav,,2.845,Metal,,soundbible,Metal
wav_files/soundbible_mystic-chanting-3_43ea8db780.wav,,1.6196,voice,,soundbible,voice
wav_files/soundbible_frog_113c417621.wav,,10.0,frog,,soundbible,frog
wav_files/soundbible_faulty-mechanics_775ca2fe62.wav,,9.6856,faulty mechanics,,soundbible,faulty mechanics
wav_files/soundbible_alien-siren_5237a9cd05.wav,,8.893,siren,,soundbible,siren
wav_files/soundbible_mystic-chanting-3_548fb2966d.wav,,1.6196,voice,,soundbible,voice
wav_files/soundbible_ecg_f4e7cfa789.wav,,7.1674,electrocardiography,,soundbible,electrocardiography
wav_files/soundbible_hard-drive-clicking_81e50622d9.wav,,10.0,hard,,soundbible,hard
wav_files/soundbible_train-sound-indian-railways_7767f39e6e.wav,,10.0,train sound,,soundbible,train sound
wav_files/soundbible_little-girl-talking_f83cafcddf.wav,,3.6833,girl,,soundbible,girl
wav_files/soundbible_karate-punch-suspense_adeaa11f60.wav,,3.5004,karate,,soundbible,karate
wav_files/soundbible_alpaca-mating-call_1bf40e8c09.wav,,3.36,llamma,,soundbible,llamma
wav_files/soundbible_horse-blow_587889b71c.wav,,1.184,horse,,soundbible,horse
wav_files/soundbible_little-girl-talking_89cc0c0b82.wav,,3.6198,girl,,soundbible,girl
wav_files/soundbible_15-thousand-people_4812ad679e.wav,,10.0,crowd,,soundbible,crowd
wav_files/soundbible_electric-toothbrush_a76d18ad3d.wav,,10.0,electric,,soundbible,electric
wav_files/soundbible_cordless-drill-2_6a74245074.wav,,2.0,drilling,,soundbible,drilling
wav_files/soundbible_horse-blow_b0cc02c460.wav,,1.184,horse,,soundbible,horse
wav_files/soundbible_godzilla-walking_82e94cc744.wav,,10.0,boom,,soundbible,boom
wav_files/soundbible_cordless-drill-2_bab9b99d1b.wav,,1.2211,drilling,,soundbible,drilling
wav_files/soundbible_large-stadium_e1b0e7282f.wav,,10.0,rugby,,soundbible,rugby
wav_files/soundbible_godzilla_82eb0b84b1.wav,,7.0705,monster,,soundbible,monster
wav_files/soundbible_faulty-mechanics_4bceedb6ca.wav,,9.6856,faulty mechanics,,soundbible,faulty mechanics
wav_files/soundbible_buzzsaw_ff698532e0.wav,,6.9822,buzz,,soundbible,buzz
wav_files/soundbible_godzilla-roar_1afbdecb10.wav,,10.0,monster,,soundbible,monster
wav_files/soundbible_scary-ambiance_837667e26c.wav,,10.0,scary,,soundbible,scary
wav_files/soundbible_hailstorm_3535ea1720.wav,,10.0,hail,,soundbible,hail
wav_files/soundbible_mystic-chanting-4_a38f2bbe68.wav,,6.6612,voice,,soundbible,voice
wav_files/soundbible_ambience-casino_fbe56a3ef3.wav,,10.0,gambling,,soundbible,gambling
wav_files/soundbible_strange-days_609ab26b5e.wav,,6.3486,eerie,,soundbible,eerie
wav_files/soundbible_wheres-my-mummy_693c4a6189.wav,,2.6384,Girl,,soundbible,Girl
wav_files/soundbible_baby-rattle_8e492dc4fa.wav,,3.5788,baby,,soundbible,baby
wav_files/soundbible_karate-punch-suspense_15a17d2477.wav,,3.4604,karate,,soundbible,karate
wav_files/soundbible_wheres-my-mummy_b9916ed80c.wav,,2.5909,Girl,,soundbible,Girl
wav_files/soundbible_baby-rattle_e2330ad496.wav,,3.5143,baby,,soundbible,baby
wav_files/soundbible_creaking-door-spooky_bdb77cda0a.wav,,2.6206,scary door openeing,,soundbible,scary door openeing
wav_files/soundbible_ecg_a46d3b4a52.wav,,7.1674,electrocardiography,,soundbible,electrocardiography
wav_files/soundbible_power-down_299dbaea94.wav,,9.7722,power,,soundbible,power
wav_files/soundbible_mystic-chanting-4_7962fb220f.wav,,6.6692,voice,,soundbible,voice
wav_files/soundbible_crazy-brain_a46ca3db23.wav,,10.0,crazy,,soundbible,crazy
wav_files/soundbible_frog_d4111ab241.wav,,10.0,frog,,soundbible,frog
wav_files/soundbible_dinosaur_d2506923b4.wav,,10.0,dinosaur,,soundbible,dinosaur
wav_files/soundbible_scary_4ff337312a.wav,,7.4357,Horror,,soundbible,Horror
wav_files/soundbible_electric-toothbrush_e173f05fae.wav,,10.0,electric,,soundbible,electric
wav_files/soundbible_flute-tone_5dbfa59b0c.wav,,10.0,flute,,soundbible,flute
wav_files/soundbible_shot-gun_604c69494a.wav,,2.0,10 guage,,soundbible,10 guage
wav_files/soundbible_popcorn-popping_106063e5d3.wav,,10.0,pop,,soundbible,pop
wav_files/soundbible_cow-moos-3x_37abfb0122.wav,,4.5888,cow,,soundbible,cow
wav_files/soundbible_godzilla-roar_4461b614b4.wav,,10.0,monster,,soundbible,monster
wav_files/soundbible_little-demon-girl-song_bf4b814644.wav,,10.0,scary,,soundbible,scary
wav_files/soundbible_horror-ambiance_a2335a08c5.wav,,10.0,ambiance,,soundbible,ambiance
wav_files/soundbible_kettle-whistle_2fe7f1faea.wav,,10.0,whistle,,soundbible,whistle
wav_files/soundbible_5-sec-crowd-cheer_2a667c13e5.wav,,5.3707,cheer,,soundbible,cheer
wav_files/soundbible_modem_c9d9bf5a4d.wav,,10.0,modem,,soundbible,modem
wav_files/soundbible_lever_b874c1b62a.wav,,1.7764,mechanical,,soundbible,mechanical
wav_files/soundbible_lever_ec945bffac.wav,,1.7764,mechanical,,soundbible,mechanical
wav_files/soundbible_shot-gun_5dc4587cfd.wav,,2.0898,10 guage,,soundbible,10 guage
wav_files/soundbible_public-transit-bus_e63a592662.wav,,10.0,city,,soundbible,city
wav_files/soundbible_evil-laughs_3de560c64e.wav,,10.0,evil laugh,,soundbible,evil laugh
wav_files/soundbible_godzilla_9d8122f76d.wav,,7.0705,monster,,soundbible,monster
wav_files/soundbible_train-honk-horn-clear_6537eec4a6.wav,,5.0,train honk,,soundbible,train honk
wav_files/soundbible_power-down_fd79b9f454.wav,,10.0,power,,soundbible,power
wav_files/soundbible_train-wheels-grinding_b57091dc0f.wav,,10.0,train wheels,,soundbible,train wheels
wav_files/soundbible_train-honk-horn-2x_03e09c09fb.wav,,5.0,train honk,,soundbible,train honk
wav_files/soundbible_cow-moos-3x_d73aa7b87f.wav,,5.0,cow,,soundbible,cow
wav_files/soundbible_train-approach-n-pass_27e3122619.wav,,10.0,train,,soundbible,train
wav_files/soundbible_7-days_a455461405.wav,,2.3108,human,,soundbible,human
wav_files/soundbible_5-sec-crowd-cheer_926eec275e.wav,,5.3707,cheer,,soundbible,cheer
wav_files/soundbible_train-honk-horn-2x_6246baa5e6.wav,,5.0,train honk,,soundbible,train honk
wav_files/soundbible_kettle-whistle_ceacbb9678.wav,,10.0,whistle,,soundbible,whistle
wav_files/soundbible_crazy-brain_1d47dec6bf.wav,,10.0,crazy,,soundbible,crazy
wav_files/soundbible_commedy-punch_4b16229073.wav,,1.0852,toing,,soundbible,toing
wav_files/soundbible_commedy-punch_e9c1540abf.wav,,1.0852,toing,,soundbible,toing
wav_files/soundbible_hare-crishna-street-chanting_8f1b4b0929.wav,,10.0,ritual,,soundbible,ritual
wav_files/soundbible_7-days_a05c20ed6f.wav,,2.3108,human,,soundbible,human
wav_files/soundbible_tomcat_8e7713c85b.wav,,1.979,cat,,soundbible,cat
wav_files/soundbible_hailstorm_6858d0b1b1.wav,,10.0,hail,,soundbible,hail
wav_files/soundbible_appear_f4263e87b6.wav,,6.818,appear,,soundbible,appear
wav_files/soundbible_train-honk-horn-distance_0039dd3116.wav,,5.0,train honk,,soundbible,train honk
wav_files/soundbible_horror-ambiance_ffdd74d4e9.wav,,10.0,ambiance,,soundbible,ambiance
wav_files/soundbible_cat-meowing-2_98bb62cc68.wav,,1.6106,cat,,soundbible,cat
wav_files/soundbible_6-cat-meows_18094e7838.wav,,7.9826,cat,,soundbible,cat
wav_files/soundbible_indian-bell_11ab669ae9.wav,,10.0,gong,,soundbible,gong
wav_files/soundbible_cat-meowing-2_0a8e610cd7.wav,,1.6106,cat,,soundbible,cat
wav_files/soundbible_train-wheels-grinding_930b8d5e03.wav,,10.0,train wheels,,soundbible,train wheels
wav_files/soundbible_silly-snoring_0cbf764f61.wav,,7.3143,snore,,soundbible,snore
wav_files/soundbible_tomcat_85ea190cf3.wav,,1.979,cat,,soundbible,cat
wav_files/soundbible_mystic-chanting-2_2334ac2a88.wav,,1.4977,voice,,soundbible,voice
wav_files/soundbible_radio-check_a72c2da215.wav,,10.0,radio check,,soundbible,radio check
wav_files/soundbible_train-honk-horn-clear_c0a45ca0db.wav,,5.0,train honk,,soundbible,train honk
wav_files/soundbible_gavel-bangs-4x_f2b080de36.wav,,2.0,gavel banging,,soundbible,gavel banging
wav_files/soundbible_gavel-banging_c7a2d5f710.wav,,1.1014,gavel banging,,soundbible,gavel banging
wav_files/soundbible_gavel-banging_481dea120b.wav,,2.0,gavel banging,,soundbible,gavel banging
wav_files/soundbible_appear_e9ba1977e9.wav,,6.794,appear,,soundbible,appear
wav_files/soundbible_heart-beat_c009d7c468.wav,,6.336,heartbeat,,soundbible,heartbeat
wav_files/soundbible_strange-mechanical-sound_a6b2a2528f.wav,,1.6138,mechanical,,soundbible,mechanical
wav_files/soundbible_mystic-chanting-1_36accf0a2d.wav,,1.5557,voice,,soundbible,voice
wav_files/soundbible_record-player-static_24c66bf492.wav,,10.0,static,,soundbible,static
wav_files/soundbible_movie-start-music_b73f099234.wav,,10.0,movie,,soundbible,movie
wav_files/soundbible_toy-train-whistle_40ba814dc0.wav,,9.3004,toy,,soundbible,toy
wav_files/soundbible_modem_6dd42a2e29.wav,,10.0,modem,,soundbible,modem
wav_files/soundbible_machine-sound_eadf73401f.wav,,3.3205,metal,,soundbible,metal
wav_files/soundbible_public-transit-bus_2b8b7e5848.wav,,10.0,city,,soundbible,city
wav_files/soundbible_thunderstorm-thin_ef01bb4b20.wav,,10.0,thunder,,soundbible,thunder
wav_files/soundbible_m1-garand-gunfire_ef24865141.wav,,2.1441,gun,,soundbible,gun
wav_files/soundbible_mystic-chanting-1_cf15aef82b.wav,,1.5557,voice,,soundbible,voice
wav_files/soundbible_6-cat-meows_0112c3d545.wav,,7.9826,cat,,soundbible,cat
wav_files/soundbible_birds-after-rain_dedc775bdb.wav,,10.0,birds,,soundbible,birds
wav_files/soundbible_silly-snoring_14f72b76ed.wav,,7.2621,snore,,soundbible,snore
wav_files/soundbible_puking-or-fighting_f042593e15.wav,,3.4503,puke,,soundbible,puke
wav_files/soundbible_farm_962c582fbe.wav,,10.0,farm,,soundbible,farm
wav_files/soundbible_m1-garand-gunfire_98a9ddb718.wav,,2.7063,gun,,soundbible,gun
wav_files/soundbible_restaurant-ambiance_8933bd295f.wav,,10.0,Restaurant Ambiance,,soundbible,Restaurant Ambiance
wav_files/soundbible_movie-start-music_f3c15d4963.wav,,10.0,movie,,soundbible,movie
wav_files/soundbible_mirror-breaking_0ab976335c.wav,,2.0,mirror shattering,,soundbible,mirror shattering
wav_files/soundbible_heart-beat_4b101c33a3.wav,,6.3053,heartbeat,,soundbible,heartbeat
wav_files/soundbible_sunny-day_41c8a54995.wav,,10.0,happy day,,soundbible,happy day
wav_files/soundbible_machine-sound_40101eaabc.wav,,3.3205,metal,,soundbible,metal
wav_files/soundbible_underwater-pool_e11db6babf.wav,,10.0,water,,soundbible,water
wav_files/soundbible_train-approach-n-pass_feae9fd5df.wav,,10.0,train,,soundbible,train
wav_files/soundbible_windows-95-startup_66d9541ce4.wav,,6.4523,windows,,soundbible,windows
wav_files/soundbible_house-fire-alarm_f8bd1a0afc.wav,,10.0,fire,,soundbible,fire
wav_files/soundbible_barrett-m107-sniper-rifle_96ce657565.wav,,2.7168,gun,,soundbible,gun
wav_files/soundbible_m107-50-cal-sniper-rifle-3x_ffa96a9473.wav,,7.1576,gun,,soundbible,gun
wav_files/soundbible_toy-train-whistle_5207da79a5.wav,,9.3004,toy,,soundbible,toy
wav_files/soundbible_747-jet-crash_d6e7c554ec.wav,,10.0,airplane,,soundbible,airplane
wav_files/soundbible_barrett-m107-sniper-rifle_aeb6032b3f.wav,,2.6698,gun,,soundbible,gun
wav_files/soundbible_stampede-large_e0e0ed8303.wav,,10.0,wild cattle,,soundbible,wild cattle
wav_files/soundbible_dinosaur_ae32ec104d.wav,,10.0,dinosaur,,soundbible,dinosaur
wav_files/soundbible_bouncy-bounce_a9f2d03deb.wav,,5.329,bounce,,soundbible,bounce
wav_files/soundbible_747-jet-crash_c0c372bc02.wav,,10.0,airplane,,soundbible,airplane
wav_files/soundbible_sonic-boom-massive_9ee0e9b960.wav,,7.5113,boom,,soundbible,boom
wav_files/soundbible_evil-laughs_8f5abb3d9e.wav,,10.0,evil laugh,,soundbible,evil laugh
wav_files/soundbible_dishwasher_ff261c3e71.wav,,10.0,dish,,soundbible,dish
wav_files/soundbible_indian-bell_e943c612fa.wav,,10.0,gong,,soundbible,gong
wav_files/soundbible_record-player-static_4ffdc98f4c.wav,,10.0,static,,soundbible,static
wav_files/soundbible_breaking-sound-barrier_eed8a22772.wav,,4.1894,boom,,soundbible,boom
wav_files/soundbible_small-bow-saw_b11d7224d5.wav,,8.6328,cutting,,soundbible,cutting
wav_files/soundbible_yes-male-vocal_c844481e1e.wav,,1.0188,yes,,soundbible,yes
wav_files/soundbible_police-scanner_227daa3a74.wav,,2.6703,police,,soundbible,police
wav_files/soundbible_power-up_3c5e0a1083.wav,,1.7183,power,,soundbible,power
wav_files/soundbible_radio-check_2cb2b01981.wav,,10.0,radio check,,soundbible,radio check
wav_files/soundbible_m1-garand-gun_d0a43da855.wav,,2.0,gun,,soundbible,gun
wav_files/soundbible_ovation_a0f48c56b7.wav,,3.8313,crowd,,soundbible,crowd
wav_files/soundbible_popcorn-popping_1c27f04092.wav,,10.0,pop,,soundbible,pop
wav_files/soundbible_power-up-ray_d8de6b25bc.wav,,1.272,ray,,soundbible,ray
wav_files/soundbible_church-ambiance_1befe19b74.wav,,10.0,walking,,soundbible,walking
wav_files/soundbible_snoring_58d542bb23.wav,,5.6425,snoring,,soundbible,snoring
wav_files/soundbible_police-scanner_5fcef7e812.wav,,2.6703,police,,soundbible,police
wav_files/soundbible_fluorescent-light-humming_2517be12df.wav,,10.0,electric,,soundbible,electric
wav_files/soundbible_m1-garand-gun_bdc5108314.wav,,2.1762,gun,,soundbible,gun
wav_files/soundbible_power-up_4b17b1b5b2.wav,,1.7764,power,,soundbible,power
wav_files/soundbible_torpedo-impact_78f4961552.wav,,1.1325,depth charge,,soundbible,depth charge
wav_files/soundbible_windows-95-startup_adc7e08253.wav,,6.4088,windows,,soundbible,windows
wav_files/soundbible_large-stadium_197e293400.wav,,10.0,rugby,,soundbible,rugby
wav_files/soundbible_on-the-farm_3a9f805b45.wav,,7.7835,farm,,soundbible,farm
wav_files/soundbible_ar-15-gunfire_900448185b.wav,,4.7021,gun,,soundbible,gun
wav_files/soundbible_alien-alarmdrum_42a39f887e.wav,,10.0,strange,,soundbible,strange
wav_files/soundbible_m107-50-cal-sniper-rifle-3x_5d1953fe5e.wav,,7.1288,gun,,soundbible,gun
wav_files/soundbible_female-scream-horror_6ca3296a2f.wav,,2.8213,horror,,soundbible,horror
wav_files/soundbible_female-scream-horror_2829e5c8ea.wav,,2.6313,horror,,soundbible,horror
wav_files/soundbible_power-up-ray_059d7dc533.wav,,1.26,ray,,soundbible,ray
wav_files/soundbible_submarine-creaking_e3509350b1.wav,,8.9634,submarine,,soundbible,submarine
wav_files/soundbible_dun-dun-dun_3707df286f.wav,,2.4556,dun dun dun,,soundbible,dun dun dun
wav_files/soundbible_music-box_7974498339.wav,,2.1362,music,,soundbible,music
wav_files/soundbible_small-bow-saw_1bc3706061.wav,,8.7666,cutting,,soundbible,cutting
wav_files/soundbible_dun-dun-dun_93b3dc6162.wav,,2.3612,dun dun dun,,soundbible,dun dun dun
wav_files/soundbible_restaurant-ambiance_b66447a4a8.wav,,10.0,Restaurant Ambiance,,soundbible,Restaurant Ambiance
wav_files/soundbible_sewing-machine-3_379027f106.wav,,3.9842,sewing,,soundbible,sewing
wav_files/soundbible_best-helicopter-pass_7551bafd51.wav,,10.0,space,,soundbible,space
wav_files/soundbible_freight-train_cfff9757d2.wav,,10.0,freight,,soundbible,freight
wav_files/soundbible_underwater-pool_81afe8727d.wav,,10.0,water,,soundbible,water
wav_files/soundbible_bi-polar-uncle_6b35985094.wav,,4.5856,police,,soundbible,police
wav_files/soundbible_metal-drop_7af4c58487.wav,,1.8809,metal,,soundbible,metal
wav_files/soundbible_gun-loaded-cocked-and-shot_f80617a06c.wav,,5.6164,gun,,soundbible,gun
wav_files/soundbible_metal-drop_d977d8ed32.wav,,1.8689,metal,,soundbible,metal
wav_files/soundbible_clock-strikes-twelve_804103f003.wav,,10.0,clock,,soundbible,clock
wav_files/soundbible_snoring_cbebe05d08.wav,,5.6062,snoring,,soundbible,snoring
wav_files/soundbible_sonic-boom-massive_bcb8f438be.wav,,7.3498,boom,,soundbible,boom
wav_files/soundbible_tv-static_2f5e88e7b1.wav,,4.032,static noise,,soundbible,static noise
wav_files/soundbible_slow-heartbeat_369158ecad.wav,,9.957,slow,,soundbible,slow
wav_files/soundbible_power-failure_ff71042765.wav,,2.2868,power,,soundbible,power
wav_files/soundbible_gunfire-in-crowd_4e119994a0.wav,,4.7804,violent,,soundbible,violent
wav_files/soundbible_throw-knife_3ce419a9cd.wav,,2.1421,throw,,soundbible,throw
wav_files/soundbible_ar-15-gunfire_be0cbc17e3.wav,,4.6593,gun,,soundbible,gun
wav_files/soundbible_traffic-jam-1_c90e327186.wav,,10.0,trafic,,soundbible,trafic
wav_files/soundbible_blowing-a-raspberry_ee4acbaab1.wav,,2.0637,fart,,soundbible,fart
wav_files/soundbible_church-ambiance_777be94611.wav,,10.0,walking,,soundbible,walking
wav_files/soundbible_depth-charge-2_e49c9d1d70.wav,,2.0,depth charge,,soundbible,depth charge
wav_files/soundbible_house-fire-alarm_c1a25e4184.wav,,10.0,fire,,soundbible,fire
wav_files/soundbible_computer-magic_a1c70f936c.wav,,5.0669,magic,,soundbible,magic
wav_files/soundbible_mario-jumping_23fb20de6d.wav,,2.0376,mario brothers,,soundbible,mario brothers
wav_files/soundbible_alien-alarmdrum_9e6b90c66f.wav,,10.0,strange,,soundbible,strange
wav_files/soundbible_depth-charge-2_8d8beb52a0.wav,,1.1227,depth charge,,soundbible,depth charge
wav_files/soundbible_power-failure_cd72194ff5.wav,,1.752,power,,soundbible,power
wav_files/soundbible_throw-knife_00f2aaff9e.wav,,2.0898,throw,,soundbible,throw
wav_files/soundbible_store-door-chime_34ffcf11bc.wav,,1.8547,doorbell,,soundbible,doorbell
wav_files/soundbible_electronic-chime_3b298baa96.wav,,2.1421,chime,,soundbible,chime
wav_files/soundbible_mario-jumping_5d07c6afce.wav,,2.006,mario brothers,,soundbible,mario brothers
wav_files/soundbible_sunny-day_0e05ffd14f.wav,,10.0,happy day,,soundbible,happy day
wav_files/soundbible_sewing-machine-1_99f57d3ba9.wav,,4.6821,sewing,,soundbible,sewing
wav_files/soundbible_iguana-farts-in-a-bathtub_780b7be180.wav,,2.3249,iguanna,,soundbible,iguanna
wav_files/soundbible_tv-static_308053289c.wav,,4.0078,static noise,,soundbible,static noise
wav_files/soundbible_snoring-giant_21a659bcae.wav,,10.0,sleeping,,soundbible,sleeping
wav_files/soundbible_electronic-chime_2aa64a99b3.wav,,2.0898,chime,,soundbible,chime
wav_files/soundbible_600-nitro-express_e5124fee91.wav,,1.1494,600 nitro,,soundbible,600 nitro
wav_files/soundbible_gun-loaded-cocked-and-shot_49cff2ba00.wav,,5.6044,gun,,soundbible,gun
wav_files/soundbible_fog-horn_4dfd5323df.wav,,2.5078,fog,,soundbible,fog
wav_files/soundbible_store-door-chime_1dfe17486c.wav,,1.8213,doorbell,,soundbible,doorbell
wav_files/soundbible_fog-horn_ac9ecd5ec3.wav,,2.3155,fog,,soundbible,fog
wav_files/soundbible_small-airplane-long-flyby_fc8613dbf2.wav,,10.0,air plan,,soundbible,air plan
wav_files/soundbible_on-the-farm_7a47eb2cb4.wav,,7.7845,farm,,soundbible,farm
wav_files/soundbible_computer-start-up_d4969d2aee.wav,,6.5045,computer,,soundbible,computer
wav_files/soundbible_traffic-jam-3_30ae475812.wav,,10.0,trafic,,soundbible,trafic
wav_files/soundbible_iguana-farts-in-a-bathtub_3b144d3009.wav,,2.2942,iguanna,,soundbible,iguanna
wav_files/soundbible_big-door-closed_ed722bd3e7.wav,,6.0604,door,,soundbible,door
wav_files/soundbible_hacksaw_c5e487bc14.wav,,10.0,cutting,,soundbible,cutting
wav_files/soundbible_judges-gavel_bfddedd7e3.wav,,2.0,gavel banging,,soundbible,gavel banging
wav_files/soundbible_submarine-creaking_f68e7944c4.wav,,9.4917,submarine,,soundbible,submarine
wav_files/soundbible_bi-polar-uncle_062479267e.wav,,4.4351,police,,soundbible,police
wav_files/soundbible_electric-table-saw_e449c8e8e4.wav,,7.3846,plywood,,soundbible,plywood
wav_files/soundbible_piece-of-crap_75e621f6c9.wav,,10.0,broke,,soundbible,broke
wav_files/soundbible_having-a-shower_629b0e2a55.wav,,10.0,shower,,soundbible,shower
wav_files/soundbible_sewing-machine-1_46ae222cc7.wav,,5.3032,sewing,,soundbible,sewing
wav_files/soundbible_buzz_2ff1e0a24f.wav,,7.4321,static noise,,soundbible,static noise
wav_files/soundbible_bomb-drop_1ed7bf6543.wav,,10.0,bomb,,soundbible,bomb
wav_files/soundbible_slow-heartbeat_0449222b82.wav,,9.957,slow,,soundbible,slow
wav_files/soundbible_ticking-clock_43cf0496a0.wav,,10.0,clock,,soundbible,clock
wav_files/soundbible_hearbeat-2_34ca6a9073.wav,,10.0,heart,,soundbible,heart
wav_files/soundbible_meow-mix-commercial_7e07af891d.wav,,10.0,meow,,soundbible,meow
wav_files/soundbible_siren-noise_92c7c77353.wav,,8.0,siren,,soundbible,siren
wav_files/soundbible_high-definition-machine-gun_3d8aebf413.wav,,2.3023,machine gun,,soundbible,machine gun
wav_files/soundbible_computer-start-up_97391f6389.wav,,6.4784,computer,,soundbible,computer
wav_files/soundbible_fluorescent-light-humming_f9ffa3eabb.wav,,10.0,electric,,soundbible,electric
wav_files/soundbible_high-definition-machine-gun_bdebe83f4a.wav,,7.3023,machine gun,,soundbible,machine gun
wav_files/soundbible_dtmf-tones_1535ca0440.wav,,4.0001,dtmf,,soundbible,dtmf
wav_files/soundbible_single-cow_f898cba39b.wav,,2.0,cow,,soundbible,cow
wav_files/soundbible_dtmf-tones_152cc68409.wav,,4.0001,dtmf,,soundbible,dtmf
wav_files/soundbible_record-static_70ccf97029.wav,,10.0,static noise,,soundbible,static noise
wav_files/soundbible_big-door-closed_0dbe70e4b5.wav,,6.0,door,,soundbible,door
wav_files/soundbible_buzz_acdd0a2acb.wav,,7.4329,static noise,,soundbible,static noise
wav_files/soundbible_death_ed4967a1f2.wav,,2.1134,death,,soundbible,death
wav_files/soundbible_i-will-kill-you_d5d776eca6.wav,,2.1827,death,,soundbible,death
wav_files/soundbible_fishtank-bubbles-2_f390e7a033.wav,,10.0,bubbles,,soundbible,bubbles
wav_files/soundbible_death_2cd626661a.wav,,2.1134,death,,soundbible,death
wav_files/soundbible_small-herd-cattle_58e2983607.wav,,3.5016,cow,,soundbible,cow
wav_files/soundbible_cow_43b0704784.wav,,2.0,cow,,soundbible,cow
wav_files/soundbible_baby-talk-30-sec_95bed29553.wav,,10.0,baby,,soundbible,baby
wav_files/soundbible_ticking-clock_68420d260d.wav,,10.0,clock,,soundbible,clock
wav_files/soundbible_happy-laughter_43a819d6e5.wav,,9.1965,laugh,,soundbible,laugh
wav_files/soundbible_happy-laughter_f188afcc4e.wav,,9.2354,laugh,,soundbible,laugh
wav_files/soundbible_i-will-kill-you_ea3ba09ae8.wav,,2.1827,death,,soundbible,death
wav_files/soundbible_small-herd-cattle_315d75b9aa.wav,,3.8068,cow,,soundbible,cow
wav_files/soundbible_pacman-introduction-music_5758c28e0d.wav,,4.2659,pacman,,soundbible,pacman
wav_files/soundbible_strange-static_ee53e36edf.wav,,10.0,static noise,,soundbible,static noise
wav_files/soundbible_siren-noise_217d305f31.wav,,8.0,siren,,soundbible,siren
wav_files/soundbible_cow_ac16f9e9cd.wav,,5.0,cow,,soundbible,cow
wav_files/soundbible_classroom-ambiance_96c7f18392.wav,,10.0,school,,soundbible,school
wav_files/soundbible_boxing-arena-sound_02b974eafb.wav,,2.0,fight bell,,soundbible,fight bell
wav_files/soundbible_phone-dialing-with-dialtone_00f6f4af6f.wav,,6.7015,Phone,,soundbible,Phone
wav_files/soundbible_shampoo-hair_ce91c71161.wav,,6.1762,washing,,soundbible,washing
wav_files/soundbible_boxing-arena-sound_5493afba34.wav,,1.7502,fight bell,,soundbible,fight bell
wav_files/soundbible_pacman-introduction-music_78cab29032.wav,,4.3766,pacman,,soundbible,pacman
wav_files/soundbible_steve-calling_66bd00d01d.wav,,3.3678,steve,,soundbible,steve
wav_files/soundbible_piece-of-crap_474b6f5485.wav,,10.0,broke,,soundbible,broke
wav_files/soundbible_hockey-puck-slap_7ddcc683d1.wav,,2.0,hockey,,soundbible,hockey
wav_files/soundbible_phone-dialing-with-dialtone_f99222c8c7.wav,,6.7015,Phone,,soundbible,Phone
wav_files/soundbible_cutting-tree-limb_6696712656.wav,,9.7027,cutting,,soundbible,cutting
wav_files/soundbible_steve-calling_eadaf9a4c4.wav,,3.3678,steve,,soundbible,steve
wav_files/soundbible_t-rex-roar_25f7aa8210.wav,,3.4402,t rex roar,,soundbible,t rex roar
wav_files/soundbible_crowd-at-carnival_3367f200bb.wav,,10.0,celebrate,,soundbible,celebrate
wav_files/soundbible_large-door-slam_bca742a692.wav,,3.3373,door slam,,soundbible,door slam
wav_files/soundbible_hacksaw_559267d1e1.wav,,10.0,cutting,,soundbible,cutting
wav_files/soundbible_t-rex-roar_5f9aeea646.wav,,3.5897,t rex roar,,soundbible,t rex roar
wav_files/soundbible_meow-mix-commercial_52f56958a3.wav,,10.0,meow,,soundbible,meow
wav_files/soundbible_tape-deck_e83d863a74.wav,,6.8596,tape player,,soundbible,tape player
wav_files/soundbible_electric-table-saw_4c12737ddd.wav,,7.5645,plywood,,soundbible,plywood
wav_files/soundbible_scary-scream_15bd180ce1.wav,,4.9199,scream,,soundbible,scream
wav_files/soundbible_strange-static_de81c6a168.wav,,10.0,static noise,,soundbible,static noise
wav_files/soundbible_fire-alarm_a04ff7619a.wav,,10.0,fire,,soundbible,fire
wav_files/soundbible_shampoo-hair_fd03797803.wav,,6.2717,washing,,soundbible,washing
wav_files/soundbible_ice-cubes-in-cup_b31f27d54e.wav,,2.7509,ice,,soundbible,ice
wav_files/soundbible_large-door-slam_e1c12c12a8.wav,,4.0213,door slam,,soundbible,door slam
wav_files/soundbible_m1-garand-single_9d79ac958f.wav,,1.5674,gun,,soundbible,gun
wav_files/soundbible_snoring-giant_993341e708.wav,,10.0,sleeping,,soundbible,sleeping
wav_files/soundbible_fireplace_1293713b85.wav,,10.0,fireplace,,soundbible,fireplace
wav_files/soundbible_hiking-a-trail_6cb7f63596.wav,,10.0,hiking,,soundbible,hiking
wav_files/soundbible_ice-cubes-in-cup_a9c0a3c618.wav,,2.7812,ice,,soundbible,ice
wav_files/soundbible_fishtank-bubbles-2_71d631bdaf.wav,,10.0,bubbles,,soundbible,bubbles
wav_files/soundbible_air-horn_b6c101a5ef.wav,,2.1016,Mayday,,soundbible,Mayday
wav_files/soundbible_air-horn_0020223ad2.wav,,2.769,Mayday,,soundbible,Mayday
wav_files/soundbible_scary-chainsaw_997c60e6a1.wav,,4.5609,cutting down tree,,soundbible,cutting down tree
wav_files/soundbible_baby-talk-2_831d809e2d.wav,,4.4233,baby,,soundbible,baby
wav_files/soundbible_stapling-paper_962817c4cb.wav,,2.0,office,,soundbible,office
wav_files/soundbible_tape-deck_7f33895c31.wav,,7.9151,tape player,,soundbible,tape player
wav_files/soundbible_stapler_afcbdaa3dd.wav,,2.0,office,,soundbible,office
wav_files/soundbible_parots-talking_b8ad024236.wav,,2.7624,squawking,,soundbible,squawking
wav_files/soundbible_scary-scream_eae0d3c65e.wav,,5.6876,scream,,soundbible,scream
wav_files/soundbible_classroom-ambiance_2b04a39df3.wav,,10.0,school,,soundbible,school
wav_files/soundbible_guillotine_e736516572.wav,,2.0,chop,,soundbible,chop
wav_files/soundbible_scary-chainsaw_7c07410fff.wav,,4.7622,cutting down tree,,soundbible,cutting down tree
wav_files/soundbible_hurricane_8a9e1b6fb9.wav,,10.0,hurricane,,soundbible,hurricane
wav_files/soundbible_bomb-drop_93543eaa0d.wav,,10.0,bomb,,soundbible,bomb
wav_files/soundbible_nitrous-oxide_4c669bf44b.wav,,2.7794,nitrus oxide,,soundbible,nitrus oxide
wav_files/soundbible_temple-bell_61d70e3bfd.wav,,5.0822,temple,,soundbible,temple
wav_files/soundbible_dog-bite_8f4d191568.wav,,2.0,guard dog,,soundbible,guard dog
wav_files/soundbible_guillotine_0bf997895c.wav,,1.4266,chop,,soundbible,chop
wav_files/soundbible_baby-talk-2_60d7a1c93a.wav,,4.6673,baby,,soundbible,baby
wav_files/soundbible_slurp_c8469ae464.wav,,2.0,slurp,,soundbible,slurp
wav_files/soundbible_16mm-film-projector_6e36e95e43.wav,,8.9058,old film projector,,soundbible,old film projector
wav_files/soundbible_ninja-samurai-sword_0ad1c0c7fc.wav,,2.0,chop,,soundbible,chop
wav_files/soundbible_triangle-dinner-bell_543c2638a5.wav,,4.6454,cowboy,,soundbible,cowboy
wav_files/soundbible_baby-talk-30-sec_9acf217984.wav,,10.0,baby,,soundbible,baby
wav_files/soundbible_best-helicopter-pass_4bda80f1e2.wav,,10.0,space,,soundbible,space
wav_files/soundbible_tropical-cyclone_46a5a37b21.wav,,10.0,hurricane,,soundbible,hurricane
wav_files/soundbible_slurp_bd13e4d6da.wav,,2.9143,slurp,,soundbible,slurp
wav_files/soundbible_slurping_24898bc5e9.wav,,10.0,slurp,,soundbible,slurp
wav_files/soundbible_balloon-popping_2a1ac08e2e.wav,,2.0,balloon,,soundbible,balloon
wav_files/soundbible_nitrous-oxide_04f25bf5c9.wav,,2.94,nitrus oxide,,soundbible,nitrus oxide
wav_files/soundbible_having-a-shower_cb6b5d485d.wav,,10.0,shower,,soundbible,shower
wav_files/soundbible_decapitated_e88e9b2042.wav,,2.0,chop,,soundbible,chop
wav_files/soundbible_devil-dog-crazy_d3cfb7a4ba.wav,,8.5377,guard dog,,soundbible,guard dog
wav_files/soundbible_crowd-at-carnival_ab194f6db9.wav,,10.0,celebrate,,soundbible,celebrate
wav_files/soundbible_screaming-hawk_0edf4fcd6f.wav,,3.2129,eagle,,soundbible,eagle
wav_files/soundbible_ice-cream-truck_c8c5a753e1.wav,,10.0,ice cream,,soundbible,ice cream
wav_files/soundbible_phone-ringing_7f6cb42e3d.wav,,10.0,ringing,,soundbible,ringing
wav_files/soundbible_best-cardinal-bird_80fe864b9d.wav,,3.0751,bird,,soundbible,bird
wav_files/soundbible_fireplace_4a4b0882a8.wav,,10.0,fireplace,,soundbible,fireplace
wav_files/soundbible_triangle-dinner-bell_0e9693b745.wav,,4.7916,cowboy,,soundbible,cowboy
wav_files/soundbible_waterfall_2bc61e4d3e.wav,,10.0,water,,soundbible,water
wav_files/soundbible_sewing-machine-2_912bd60810.wav,,8.1625,sewing,,soundbible,sewing
wav_files/soundbible_chopping-off-limb_71e8c2ce0a.wav,,2.0,chop,,soundbible,chop
wav_files/soundbible_screaming-hawk_c16282a40a.wav,,3.3901,eagle,,soundbible,eagle
wav_files/soundbible_neighborhood-dogs-barking_9d65ab7c1d.wav,,6.1189,woof,,soundbible,woof
wav_files/soundbible_temple-bell_3fff62c9b7.wav,,5.187,temple,,soundbible,temple
wav_files/soundbible_ice-cream-truck_3a81343e0c.wav,,10.0,ice cream,,soundbible,ice cream
wav_files/soundbible_civil-war-drummer_22e3cc17f7.wav,,10.0,civil war drum music,,soundbible,civil war drum music
wav_files/soundbible_cutting-tree-limb_1adbd02be1.wav,,9.9734,cutting,,soundbible,cutting
wav_files/soundbible_hiking-a-trail_add599b67b.wav,,10.0,hiking,,soundbible,hiking
wav_files/soundbible_best-cardinal-bird_756d5032e1.wav,,3.1328,bird,,soundbible,bird
wav_files/soundbible_cat-scream_3496ae0f67.wav,,2.0,cat,,soundbible,cat
wav_files/soundbible_rooster_2ff40624fa.wav,,2.5447,animal,,soundbible,animal
wav_files/soundbible_background-noise_580bb70ae8.wav,,5.2734,background noise,,soundbible,background noise
wav_files/soundbible_rooster_a277e0964f.wav,,2.5435,animal,,soundbible,animal
wav_files/soundbible_chopping-wood_a32b315a37.wav,,3.9574,chopping,,soundbible,chopping
wav_files/soundbible_cat-scream_d1fffa5ba7.wav,,2.016,cat,,soundbible,cat
wav_files/soundbible_large-angry-dog-2_5c413c299d.wav,,2.0,guard dog,,soundbible,guard dog
wav_files/soundbible_screaming-hawk-2_b3c732bd0d.wav,,3.8156,eagle,,soundbible,eagle
wav_files/soundbible_fire-truck-siren_44daa838e8.wav,,10.0,fire,,soundbible,fire
wav_files/soundbible_computer-error-alert_efb9eac996.wav,,5.0,blunder,,soundbible,blunder
wav_files/soundbible_slurping-2_d40a9f06f5.wav,,2.0,slurp,,soundbible,slurp
wav_files/soundbible_clock-strikes-twelve_0bea18c4e4.wav,,10.0,clock,,soundbible,clock
wav_files/soundbible_large-angry-dog-2_216020056b.wav,,1.0904,guard dog,,soundbible,guard dog
wav_files/soundbible_buzzer_0e471c4315.wav,,2.0,buzzer,,soundbible,buzzer
wav_files/soundbible_straw-slurp_691c6ad12f.wav,,10.0,slurp,,soundbible,slurp
wav_files/soundbible_old-film-projector_3311d75603.wav,,10.0,old film projector,,soundbible,old film projector
wav_files/soundbible_giggles_822202e98b.wav,,10.0,giggle,,soundbible,giggle
wav_files/soundbible_dogs-barking_3e0f79feee.wav,,7.5008,woof,,soundbible,woof
wav_files/soundbible_buzzer_55d2109d0c.wav,,1.6706,buzzer,,soundbible,buzzer
wav_files/soundbible_traffic-jam-1_f6c62e947a.wav,,10.0,trafic,,soundbible,trafic
wav_files/soundbible_slurping-2_090840c8c5.wav,,1.2123,slurp,,soundbible,slurp
wav_files/soundbible_pterodactyl-scream_27464e5676.wav,,2.2464,dinosaur,,soundbible,dinosaur
wav_files/soundbible_16mm-film-projector_d40d5374cb.wav,,8.9705,old film projector,,soundbible,old film projector
wav_files/soundbible_japanese-temple-bell-small_5453cf82a6.wav,,3.8538,temple,,soundbible,temple
wav_files/soundbible_slurping_4eda9a5599.wav,,10.0,slurp,,soundbible,slurp
wav_files/soundbible_chopping-wood_c8f613c31e.wav,,4.1579,chopping,,soundbible,chopping
wav_files/soundbible_pterodactyl-scream_662dae7d4c.wav,,2.6609,dinosaur,,soundbible,dinosaur
wav_files/soundbible_fire-trucks-sirens-2_c04b69dd49.wav,,10.0,fire,,soundbible,fire
wav_files/soundbible_rocket-thrusters_509ece3669.wav,,9.8505,rocket,,soundbible,rocket
wav_files/soundbible_zen-buddhist-temple-bell_71c6dfa499.wav,,5.7419,temple,,soundbible,temple
wav_files/soundbible_spitfire_8c11fe9edb.wav,,5.7215,fighter jet,,soundbible,fighter jet
wav_files/soundbible_rocket_0c250582fb.wav,,10.0,rocket,,soundbible,rocket
wav_files/soundbible_large-angry-dog_64b873f160.wav,,2.0,guard dog,,soundbible,guard dog
wav_files/soundbible_angry-dog_bb3132a4b3.wav,,3.8512,guard dog,,soundbible,guard dog
wav_files/soundbible_spitfire_85dec44f27.wav,,5.6889,fighter jet,,soundbible,fighter jet
wav_files/soundbible_eaglet-bird-2_9fad8a517b.wav,,2.5474,eagle,,soundbible,eagle
wav_files/soundbible_black-crows-cawing_c0086605dc.wav,,2.0,eagle,,soundbible,eagle
wav_files/soundbible_giggles_3cfbcef577.wav,,10.0,giggle,,soundbible,giggle
wav_files/soundbible_screaming-hawk-3_3f9b7c99e5.wav,,4.0614,eagle,,soundbible,eagle
wav_files/soundbible_tiger-growling_d3f977b541.wav,,2.0,lion roaring,,soundbible,lion roaring
wav_files/soundbible_black-crows-cawing_06f2dd43a0.wav,,1.7996,eagle,,soundbible,eagle
wav_files/soundbible_eaglet-bird-2_bda3e0f7d5.wav,,2.5474,eagle,,soundbible,eagle
wav_files/soundbible_lion-growling_25acaa811e.wav,,3.2505,lion roaring,,soundbible,lion roaring
wav_files/soundbible_frying-chicken_c2e29a24f1.wav,,6.6231,broil,,soundbible,broil
wav_files/soundbible_hawk-call-2x_a37f0d446f.wav,,3.2759,eagle,,soundbible,eagle
wav_files/soundbible_japanese-temple-bell-small_2020eb1a4e.wav,,3.8933,temple,,soundbible,temple
wav_files/soundbible_chicken-frying_d559decc69.wav,,6.654,broil,,soundbible,broil
wav_files/soundbible_angry-dog_28b06f0653.wav,,3.8512,guard dog,,soundbible,guard dog
wav_files/soundbible_dogs-barking_e00cb18a9e.wav,,7.7411,woof,,soundbible,woof
wav_files/soundbible_eaglet-bird_79d756b9a3.wav,,2.2261,eagle,,soundbible,eagle
wav_files/soundbible_splitting-wood_1651c225ee.wav,,6.3485,chopping,,soundbible,chopping
wav_files/soundbible_background-noise_8f49ac68b2.wav,,5.2734,background noise,,soundbible,background noise
wav_files/soundbible_zen-temple-bell_4b16716dfa.wav,,5.7461,temple,,soundbible,temple
wav_files/soundbible_dog-growl-then-bark_b0d6575fe6.wav,,2.0,guard dog,,soundbible,guard dog
wav_files/soundbible_tiger-growling_e04cf97ba7.wav,,1.4729,lion roaring,,soundbible,lion roaring
wav_files/soundbible_best-cardinal-bird-lazy_85edf9230b.wav,,3.2328,bird,,soundbible,bird
wav_files/soundbible_dog-growl-then-bark_5bdd005484.wav,,1.4751,guard dog,,soundbible,guard dog
wav_files/soundbible_zen-buddhist-temple-bell_75beaff594.wav,,5.8119,temple,,soundbible,temple
wav_files/soundbible_lion-growling_5c77db4445.wav,,3.2505,lion roaring,,soundbible,lion roaring
wav_files/soundbible_camera-flash_3f3ffa965e.wav,,2.0,camera flash,,soundbible,camera flash
wav_files/soundbible_eaglet-bird_4c2e05d3c9.wav,,2.4055,eagle,,soundbible,eagle
wav_files/soundbible_temple-bell-huge_5f9228e5b1.wav,,5.3217,temple,,soundbible,temple
wav_files/soundbible_depth-charge_18e0de6fc2.wav,,3.8221,grenade,,soundbible,grenade
wav_files/soundbible_temple-bell-bigger_c110aadcfd.wav,,5.1204,temple,,soundbible,temple
wav_files/soundbible_civil-war-drummer_80649d6a42.wav,,10.0,civil war drum music,,soundbible,civil war drum music
wav_files/soundbible_airplane-fly-over_8273e06f47.wav,,10.0,air plan,,soundbible,air plan
wav_files/soundbible_depth-charge-shorter_eb8a85a551.wav,,3.0685,grenade,,soundbible,grenade
wav_files/soundbible_frying-chicken_835cc1a0e5.wav,,6.6006,broil,,soundbible,broil
wav_files/soundbible_rocket-thrusters_40f7fc4378.wav,,10.0,rocket,,soundbible,rocket
wav_files/soundbible_grenade-explosion_27d34df131.wav,,2.4999,grenade,,soundbible,grenade
wav_files/soundbible_parakeet_b8c910584f.wav,,10.0,parakeet talking,,soundbible,parakeet talking
wav_files/soundbible_doorbell_285fff618b.wav,,2.9936,doorbell,,soundbible,doorbell
wav_files/soundbible_best-cardinal-bird-lazy_7561c0c2c4.wav,,3.2978,bird,,soundbible,bird
wav_files/soundbible_party-people_63c0cc6e1e.wav,,2.5802,party,,soundbible,party
wav_files/soundbible_western-ricochet_733a36e5f5.wav,,2.0,gun,,soundbible,gun
wav_files/soundbible_parakeet-talking_93c44bc1de.wav,,10.0,parakeet talking,,soundbible,parakeet talking
wav_files/soundbible_water-balloon_e2c7985868.wav,,2.0,water,,soundbible,water
wav_files/soundbible_depth-charge_a0c86d4401.wav,,4.5938,grenade,,soundbible,grenade
wav_files/soundbible_grenade-explosion_9a44cbe107.wav,,2.5376,grenade,,soundbible,grenade
wav_files/soundbible_phone-ringing_9daf004f1f.wav,,10.0,ringing,,soundbible,ringing
wav_files/soundbible_two-tone-doorbell_ebed3dcf9f.wav,,2.3979,doorbell,,soundbible,doorbell
wav_files/soundbible_western-ricochet_64e101a22b.wav,,1.3529,gun,,soundbible,gun
wav_files/soundbible_big-bomb_fc6ce549d7.wav,,3.6446,grenade,,soundbible,grenade
wav_files/soundbible_water-splash_af3f8d5caa.wav,,2.0,water,,soundbible,water
wav_files/soundbible_splitting-wood_d59bff16ae.wav,,7.5264,chopping,,soundbible,chopping
wav_files/soundbible_temple-bell-bigger_25e3c4b5e4.wav,,5.2899,temple,,soundbible,temple
wav_files/soundbible_depth-charge-shorter_ed59265acd.wav,,3.6646,grenade,,soundbible,grenade
wav_files/soundbible_psycho-scream_a83b30fe06.wav,,4.2309,blood curdling,,soundbible,blood curdling
wav_files/soundbible_water-balloon_b4f4fb03ca.wav,,1.6395,water,,soundbible,water
wav_files/soundbible_chicken-frying_06a445c7c9.wav,,6.654,broil,,soundbible,broil
wav_files/soundbible_monster-roar_c7b366bcd5.wav,,4.6149,zombie,,soundbible,zombie
wav_files/soundbible_water-splash_e97380e81d.wav,,1.1314,water,,soundbible,water
wav_files/soundbible_depth-charge-short_64a03365ea.wav,,2.5532,grenade,,soundbible,grenade
wav_files/soundbible_two-tone-doorbell_a3042f0a9c.wav,,2.8664,doorbell,,soundbible,doorbell
wav_files/soundbible_train-horn-low_f826a5622f.wav,,3.7559,train whistle,,soundbible,train whistle
wav_files/soundbible_train-whistle_b7eb781997.wav,,6.632,train whistle,,soundbible,train whistle
wav_files/soundbible_old-film-projector_281ec0ab97.wav,,10.0,old film projector,,soundbible,old film projector
wav_files/soundbible_mp5-firing_95db57136a.wav,,2.0,mp5 shooting,,soundbible,mp5 shooting
wav_files/soundbible_car-accelerating_afc62ff94e.wav,,10.0,car,,soundbible,car
wav_files/soundbible_p90-machine-gun-fire_67a8b39d13.wav,,2.1127,gun fight,,soundbible,gun fight
wav_files/soundbible_air-horn_1fcdd852d5.wav,,3.4641,train,,soundbible,train
wav_files/soundbible_doorbell_96a1515621.wav,,6.3158,doorbell,,soundbible,doorbell
wav_files/soundbible_party-people_068155066a.wav,,2.8664,party,,soundbible,party
wav_files/soundbible_mp5_eda1cc14b8.wav,,2.0,mp5 shooting,,soundbible,mp5 shooting
wav_files/soundbible_p90-gun-fire_5ce2140f23.wav,,2.537,gun fight,,soundbible,gun fight
wav_files/soundbible_bike-horn_26460dfe59.wav,,2.0,alert,,soundbible,alert
wav_files/soundbible_drop-metal-thing_da07a06797.wav,,2.0,metal,,soundbible,metal
wav_files/soundbible_machine-gun-assembly_ece5b57cb2.wav,,10.0,gun,,soundbible,gun
wav_files/soundbible_mp5_d53afe107e.wav,,1.6769,mp5 shooting,,soundbible,mp5 shooting
wav_files/soundbible_peacock-bird_fb47f45bd0.wav,,2.0,peacock,,soundbible,peacock
wav_files/soundbible_cupboard-door-close_6cb0d084a4.wav,,2.0,cupboard door close,,soundbible,cupboard door close
wav_files/soundbible_p90-gun-fire_4866b537ef.wav,,2.5581,gun fight,,soundbible,gun fight
wav_files/soundbible_p90-machine-gun-fire_26f13722a5.wav,,2.1707,gun fight,,soundbible,gun fight
wav_files/soundbible_large-servo-motor_a0bd4540f0.wav,,2.0,mechanical,,soundbible,mechanical
wav_files/soundbible_big-bomb_d26b3f93b7.wav,,5.6446,grenade,,soundbible,grenade
wav_files/soundbible_fire-trucks-sirens-2_c55dd6a0e4.wav,,10.0,fire,,soundbible,fire
wav_files/soundbible_elevator-ding_ec702bc9b2.wav,,2.0,bing,,soundbible,bing
wav_files/soundbible_banana-peel-slip_1c3412991f.wav,,2.0,slide,,soundbible,slide
wav_files/soundbible_liquid_61e11f905a.wav,,10.0,water,,soundbible,water
wav_files/soundbible_zen-temple-bell_a0cf1aa447.wav,,5.8119,temple,,soundbible,temple
wav_files/soundbible_kitchen-sink_383dfc90e1.wav,,10.0,water,,soundbible,water
wav_files/soundbible_kettle-whistle_6a87c43c5f.wav,,10.0,tea,,soundbible,tea
wav_files/soundbible_water-noise_a4f749b911.wav,,10.0,water,,soundbible,water
wav_files/soundbible_monster-roar_2db3f555ea.wav,,5.6486,zombie,,soundbible,zombie
wav_files/soundbible_peacock-noise_1a58628984.wav,,2.6002,peacock,,soundbible,peacock
wav_files/soundbible_air-horn_0a5d5a68d6.wav,,5.0774,train,,soundbible,train
wav_files/soundbible_stream-noise_567d87f8b3.wav,,10.0,water,,soundbible,water
wav_files/soundbible_walking-on-gravel_641a411a4b.wav,,10.0,rock,,soundbible,rock
wav_files/soundbible_water-fountain-noise_21ac355f27.wav,,10.0,water,,soundbible,water
wav_files/soundbible_large-servo-motor_2a56bbe18d.wav,,1.3071,mechanical,,soundbible,mechanical
wav_files/soundbible_peacock_3a8c0cf39b.wav,,2.7995,peacock,,soundbible,peacock
wav_files/soundbible_machine-gun-assembly_8ef8fefbbc.wav,,10.0,gun,,soundbible,gun
wav_files/soundbible_car-stalling_fcc463a6fa.wav,,2.0,engine,,soundbible,engine
wav_files/soundbible_small-electrical-motor_1e5dae1609.wav,,2.0,mechanical,,soundbible,mechanical
wav_files/soundbible_train-whistle_7b24de653f.wav,,6.8446,train whistle,,soundbible,train whistle
wav_files/soundbible_river-noise_4f68db497a.wav,,10.0,water,,soundbible,water
wav_files/soundbible_car-accelerating_3a1cb7eae2.wav,,10.0,car,,soundbible,car
wav_files/soundbible_small-electrical-motor_a1e941d6d2.wav,,1.3304,mechanical,,soundbible,mechanical
wav_files/soundbible_air-plane-ding_d58ba4884d.wav,,2.0,bing,,soundbible,bing
wav_files/soundbible_train-horn-low_5a5b114170.wav,,5.1117,train whistle,,soundbible,train whistle
wav_files/soundbible_peacock-noise_407ccc715d.wav,,2.567,peacock,,soundbible,peacock
wav_files/soundbible_class-bell_3e54aeadfa.wav,,9.0442,school,,soundbible,school
wav_files/soundbible_mechanical-arm_49f4658d6d.wav,,2.0,mechanical,,soundbible,mechanical
wav_files/soundbible_strange-slip_611df6b3ea.wav,,2.0,slide,,soundbible,slide
wav_files/soundbible_school-bell_450a700b13.wav,,9.0534,school,,soundbible,school
wav_files/soundbible_air-plane-ding_071c23fa7a.wav,,2.52,bing,,soundbible,bing
wav_files/soundbible_waterfall_d6f9b331ae.wav,,10.0,water,,soundbible,water
wav_files/soundbible_ambiance_6f47734a13.wav,,10.0,ambiance,,soundbible,ambiance
wav_files/soundbible_sharp-punch_437218faa8.wav,,2.0,batman,,soundbible,batman
wav_files/soundbible_balloon-blowing-up_20e23ffcfb.wav,,2.0,balloon blowing up,,soundbible,balloon blowing up
wav_files/soundbible_tropical-cyclone_3dcf64e98f.wav,,10.0,hurricane,,soundbible,hurricane
wav_files/soundbible_builders-drilling_2ebd62ea40.wav,,10.0,build,,soundbible,build
wav_files/soundbible_batman-punch_81337b2c98.wav,,2.0,batman,,soundbible,batman
wav_files/soundbible_strange-growl_20de1d772c.wav,,2.0,bark,,soundbible,bark
wav_files/soundbible_liquid_fdad108fe7.wav,,10.0,water,,soundbible,water
wav_files/soundbible_yahoo_4e2a5fd0fe.wav,,2.7386,yahoo,,soundbible,yahoo
wav_files/soundbible_balloon-blowing-up_0b05070068.wav,,1.8141,balloon blowing up,,soundbible,balloon blowing up
wav_files/soundbible_growling-lion_7a44dc219c.wav,,5.0,lion,,soundbible,lion
wav_files/soundbible_inflating-balloon_5de3afd2d3.wav,,2.4463,blowing bubble,,soundbible,blowing bubble
wav_files/soundbible_yahoo_04fdca68c1.wav,,4.5,yahoo,,soundbible,yahoo
wav_files/soundbible_many-punches_6331135d5f.wav,,9.2056,batman,,soundbible,batman
wav_files/soundbible_sharp-punch_8905b4b376.wav,,5.0,batman,,soundbible,batman
wav_files/soundbible_man-choking_286d365088.wav,,3.7075,choke,,soundbible,choke
wav_files/soundbible_kettle-whistle_7ad82dac75.wav,,10.0,tea,,soundbible,tea
wav_files/soundbible_lion_bc98682e45.wav,,2.5209,lion,,soundbible,lion
wav_files/soundbible_pump-shotgun-2x_fda0ba45e9.wav,,2.8381,gun,,soundbible,gun
wav_files/soundbible_inflating-balloon_1e6e5eaf0e.wav,,2.5663,blowing bubble,,soundbible,blowing bubble
wav_files/soundbible_dry-fire-gun_41497a386d.wav,,2.0,gun,,soundbible,gun
wav_files/soundbible_pop-clip-in_5c023e7c0c.wav,,2.0,gun,,soundbible,gun
wav_files/soundbible_pump-shotgun-2x_e2957d2232.wav,,3.1214,gun,,soundbible,gun
wav_files/soundbible_pop-clip-in_e7e2c9f5ff.wav,,1.0665,gun,,soundbible,gun
wav_files/soundbible_ejecting-magazine_dafb2a5874.wav,,2.0,gun,,soundbible,gun
wav_files/soundbible_stream-noise_8996817449.wav,,10.0,water,,soundbible,water
wav_files/soundbible_kitchen-sink_9442c0c85b.wav,,10.0,water,,soundbible,water
wav_files/soundbible_pump-shotgun_473f520d9a.wav,,2.0,gun,,soundbible,gun
wav_files/soundbible_shotgun_adcb98f045.wav,,2.0,gun,,soundbible,gun
wav_files/soundbible_parakeet-talking_2073d1220c.wav,,10.0,parakeet talking,,soundbible,parakeet talking
wav_files/soundbible_water-noise_e666a8754d.wav,,10.0,water,,soundbible,water
wav_files/soundbible_telephone-ring_1363ed5a9e.wav,,10.0,phone,,soundbible,phone
wav_files/soundbible_chambering-a-round_f3ece0b0ac.wav,,2.0,gun,,soundbible,gun
wav_files/soundbible_silencer-3-shots_47f3143684.wav,,2.0,gun silencer,,soundbible,gun silencer
wav_files/soundbible_phone-ringing_732a38e26d.wav,,10.0,phone,,soundbible,phone
wav_files/soundbible_loading-shotgun_46766850d5.wav,,10.0,shotgun shell,,soundbible,shotgun shell
wav_files/soundbible_hurricane_cdb57cbb42.wav,,10.0,hurricane,,soundbible,hurricane
wav_files/soundbible_silencer_1be6d8643b.wav,,2.0,gun silencer,,soundbible,gun silencer
wav_files/soundbible_500-hz-tone_0f56c6e0c5.wav,,10.0,500hz,,soundbible,500hz
wav_files/soundbible_dragon-bite_f6fe9e1bb8.wav,,2.0,dragon,,soundbible,dragon
wav_files/soundbible_pump-shotgun_6f023b9891.wav,,1.4861,gun,,soundbible,gun
wav_files/soundbible_shotgun_7ad2dfa21f.wav,,1.3526,gun,,soundbible,gun
wav_files/soundbible_batman-punch_eca08d660e.wav,,5.0,batman,,soundbible,batman
wav_files/soundbible_chainsaw-quick_5e108aa199.wav,,3.2273,chainsaw,,soundbible,chainsaw
wav_files/soundbible_cowboy-theme_89476f6d2f.wav,,10.0,east,,soundbible,east
wav_files/soundbible_motorbike_47c9a7f7fb.wav,,7.0183,motorbike,,soundbible,motorbike
wav_files/soundbible_glock-17-9mm_119f9aae3f.wav,,3.3407,glock,,soundbible,glock
wav_files/soundbible_m-82-barrett-50-cal_3178c57949.wav,,3.8542,m 82,,soundbible,m 82
wav_files/soundbible_chainsaw_e068746a34.wav,,10.0,chainsaw,,soundbible,chainsaw
wav_files/soundbible_heavy-machine-gun-fire_e4f3fe96dd.wav,,4.7423,battlefield,,soundbible,battlefield
wav_files/soundbible_50-cal-machine-gun_641c4e6932.wav,,2.2607,50 cal machine gun,,soundbible,50 cal machine gun
wav_files/soundbible_50-cal-machine-gun_5e503a6c00.wav,,2.2176,50 cal machine gun,,soundbible,50 cal machine gun
wav_files/soundbible_m-82-barrett-50-cal_dadf2d4c8d.wav,,3.8279,m 82,,soundbible,m 82
wav_files/soundbible_many-punches_36cbfa220d.wav,,9.8444,batman,,soundbible,batman
wav_files/soundbible_water-fountain-noise_e03f67303c.wav,,10.0,water,,soundbible,water
wav_files/soundbible_glock-18-full-auto_3c6da1d6af.wav,,2.1557,glock 18,,soundbible,glock 18
wav_files/soundbible_chainsaw-quick_b0a12fb367.wav,,3.2014,chainsaw,,soundbible,chainsaw
wav_files/soundbible_9mm-glock-17_fd1b4007a3.wav,,2.0,glock,,soundbible,glock
wav_files/soundbible_glock-18-full-auto_c003e7dc61.wav,,2.1131,glock 18,,soundbible,glock 18
wav_files/soundbible_car-driving_333860ba0b.wav,,10.0,car driving,,soundbible,car driving
wav_files/soundbible_glock-17-9mm_17350c895a.wav,,3.3205,glock,,soundbible,glock
wav_files/soundbible_heavy-machine-gun-fire_b0c46b8e4a.wav,,4.7045,battlefield,,soundbible,battlefield
wav_files/soundbible_quack-quack_72000060fd.wav,,2.0,duck,,soundbible,duck
wav_files/soundbible_machine-gun-fire-distance_18365b772b.wav,,2.2524,battlefield,,soundbible,battlefield
wav_files/soundbible_wolf-growling-fiercely_01aca97459.wav,,5.4716,wolf growling fiercely,,soundbible,wolf growling fiercely
wav_files/soundbible_woop-woop_fc9d0a2c31.wav,,2.0,cop,,soundbible,cop
wav_files/soundbible_channel-surfing_556a7548b9.wav,,10.0,channel surfing,,soundbible,channel surfing
wav_files/soundbible_whip-crack_bc8a85da9d.wav,,2.0,whip crack,,soundbible,whip crack
wav_files/soundbible_quack-quack_b197dda8b2.wav,,1.7129,duck,,soundbible,duck
wav_files/soundbible_class-bell_691fb3c1fc.wav,,10.0,school,,soundbible,school
wav_files/soundbible_whip-crack_ca88bae42f.wav,,1.0819,whip crack,,soundbible,whip crack
wav_files/soundbible_torpedo-launch_66f528fc61.wav,,2.1307,torpedo launch,,soundbible,torpedo launch
wav_files/soundbible_velociraptor-call_c37c65d238.wav,,2.0,jurassic park,,soundbible,jurassic park
wav_files/soundbible_motorbike_9d0ab704b9.wav,,7.0009,motorbike,,soundbible,motorbike
wav_files/soundbible_raptor-call_c804d43a98.wav,,3.5572,jurassic park,,soundbible,jurassic park
wav_files/soundbible_uzi-shooting_d4fc7f500d.wav,,2.0778,uzi,,soundbible,uzi
wav_files/soundbible_woop-woop_594d9c8e3b.wav,,1.4797,cop,,soundbible,cop
wav_files/soundbible_school-bell_80297569b2.wav,,10.0,school,,soundbible,school
wav_files/soundbible_robot-arm-moving_de4638aa5e.wav,,2.0,bionic man,,soundbible,bionic man
wav_files/soundbible_atari_0d91a6321f.wav,,2.0,1024,,soundbible,1024
wav_files/soundbible_parakeet_ddfa20971c.wav,,10.0,parakeet talking,,soundbible,parakeet talking
wav_files/soundbible_phone-ringing_a096c88bbe.wav,,10.0,phone,,soundbible,phone
wav_files/soundbible_large-industrial-robot_b09548bce7.wav,,3.5511,robot,,soundbible,robot
wav_files/soundbible_grenade_4488955578.wav,,4.5356,explosion,,soundbible,explosion
wav_files/soundbible_m16-short-burst_326cca7962.wav,,1.296,uzi,,soundbible,uzi
wav_files/soundbible_uzi-shooting_c9a300fc02.wav,,2.0492,uzi,,soundbible,uzi
wav_files/soundbible_eas-beep_aa9a9403ae.wav,,8.1907,Emergency Alert System,,soundbible,Emergency Alert System
wav_files/soundbible_robot-leg-moving_d7d913b1d9.wav,,2.0,bionic man,,soundbible,bionic man
wav_files/soundbible_robot-arm-moving_cc99ae81f7.wav,,1.9049,bionic man,,soundbible,bionic man
wav_files/soundbible_ambiance_2d8413dc9d.wav,,10.0,ambiance,,soundbible,ambiance
wav_files/soundbible_old-door-creaking_c652085b11.wav,,2.2739,rust,,soundbible,rust
wav_files/soundbible_loading-shotgun_0d956c5972.wav,,10.0,shotgun shell,,soundbible,shotgun shell
wav_files/soundbible_vintage-phone-ringing_9dd8585472.wav,,10.0,phone,,soundbible,phone
wav_files/soundbible_m16-assault-rifle_ca9652ff40.wav,,5.2826,uzi,,soundbible,uzi
wav_files/soundbible_wind_a643157b69.wav,,10.0,wind,,soundbible,wind
wav_files/soundbible_small-fireball_535c277e04.wav,,2.0,fireplace,,soundbible,fireplace
wav_files/soundbible_robot-leg-moving_6b3dff3eb7.wav,,1.9049,bionic man,,soundbible,bionic man
wav_files/soundbible_metal-latch_7a53c44afa.wav,,2.0,bar,,soundbible,bar
wav_files/soundbible_angry-cat_fd514bf55b.wav,,10.0,angry,,soundbible,angry
wav_files/soundbible_flame-arrow_10f976afb7.wav,,2.0,arrow,,soundbible,arrow
wav_files/soundbible_wolf-growling-fiercely_397441b4c3.wav,,5.4996,wolf growling fiercely,,soundbible,wolf growling fiercely
wav_files/soundbible_large-industrial-robot_aa9a84608e.wav,,3.6309,robot,,soundbible,robot
wav_files/soundbible_opening-casket_0447cc72b2.wav,,2.2738,bin,,soundbible,bin
wav_files/soundbible_large-metal-rusty-door_44fa57d137.wav,,2.4616,rust,,soundbible,rust
wav_files/soundbible_500-hz-tone_4ba2de05c9.wav,,10.0,500hz,,soundbible,500hz
wav_files/soundbible_warning-siren_d50fa36c24.wav,,7.5001,alarm,,soundbible,alarm
wav_files/soundbible_opening-casket_b35c85c9d0.wav,,2.3093,bin,,soundbible,bin
wav_files/soundbible_basement_ab76c2172a.wav,,5.6797,basement,,soundbible,basement
wav_files/soundbible_skype-feedback_150129d90b.wav,,4.7912,feedback,,soundbible,feedback
wav_files/soundbible_jiddu-krishnamurti_228d108b87.wav,,10.0,jiddu krishnamurti,,soundbible,jiddu krishnamurti
wav_files/soundbible_sliding-door_34edf139fe.wav,,3.7153,slide,,soundbible,slide
wav_files/soundbible_dying-robot_24d116eea4.wav,,3.6667,robot,,soundbible,robot
wav_files/soundbible_large-bubble_4cf385a288.wav,,2.0,bubble,,soundbible,bubble
wav_files/soundbible_grenade_d80f8c4ba5.wav,,4.9796,explosion,,soundbible,explosion
wav_files/soundbible_large-fireball_f3df289ebb.wav,,1.4998,fireplace,,soundbible,fireplace
wav_files/soundbible_large-metal-rusty-door_b92f6b6b53.wav,,3.364,rust,,soundbible,rust
wav_files/soundbible_jump_206a36e0c1.wav,,2.0,game,,soundbible,game
wav_files/soundbible_chainsaw_e4aa77864f.wav,,10.0,chainsaw,,soundbible,chainsaw
wav_files/soundbible_turkey-hen-yelping_758d2daf5e.wav,,4.3571,cluck,,soundbible,cluck
wav_files/soundbible_croaking-2x_f1fcc4325b.wav,,2.0,frog,,soundbible,frog
wav_files/soundbible_horror-movie-ambiance_01cfa56956.wav,,10.0,horror,,soundbible,horror
wav_files/soundbible_raptor-call_cfa7008a8e.wav,,3.6857,jurassic park,,soundbible,jurassic park
wav_files/soundbible_pump_aa4e7d43ad.wav,,7.9575,force out,,soundbible,force out
wav_files/soundbible_sonic-boom_57fb97b3f9.wav,,3.1381,sonic,,soundbible,sonic
wav_files/soundbible_rifle_65cafaff9b.wav,,2.3457,gun,,soundbible,gun
wav_files/soundbible_turkey-hen-yelping_e3b1a8f795.wav,,4.3293,cluck,,soundbible,cluck
wav_files/soundbible_newspaper-ticker_d89b0f45ae.wav,,10.0,news report opening,,soundbible,news report opening
wav_files/soundbible_river-noise_1a01872a4b.wav,,10.0,water,,soundbible,water
wav_files/soundbible_teeth-chatter_37fcc75f07.wav,,10.0,cold,,soundbible,cold
wav_files/soundbible_tiny-frog_c89bbd7935.wav,,2.0,frog,,soundbible,frog
wav_files/soundbible_turkey-tree-call_d927907a50.wav,,10.0,cluck,,soundbible,cluck
wav_files/soundbible_sonic-boom_925efbeabd.wav,,3.1225,sonic,,soundbible,sonic
wav_files/soundbible_frog-croaking_ce7a2cb4c0.wav,,5.797,frog,,soundbible,frog
wav_files/soundbible_basement_3c7b8cf1b9.wav,,6.006,basement,,soundbible,basement
wav_files/soundbible_suicide-bomber_192aca1193.wav,,5.4999,suicide,,soundbible,suicide
wav_files/soundbible_frog-croaking_bb9bd04885.wav,,7.7533,frog,,soundbible,frog
wav_files/soundbible_rifle_df5c0520fd.wav,,2.5404,gun,,soundbible,gun
wav_files/soundbible_world-war-2-rifle_d4bd2e392b.wav,,9.6653,gun,,soundbible,gun
wav_files/soundbible_obama-state-of-the-union-2010_b2c7d7134b.wav,,10.0,president,,soundbible,president
wav_files/soundbible_owl-hooting_c30fd99e76.wav,,10.0,owl,,soundbible,owl
wav_files/soundbible_soldiers-marching_83e0487169.wav,,10.0,soldiers marching,,soundbible,soldiers marching
wav_files/soundbible_turkey-cluck-and-purr_49ad2935fc.wav,,10.0,cluck,,soundbible,cluck
wav_files/soundbible_mortar-round_28b5732c68.wav,,2.0,tank,,soundbible,tank
wav_files/soundbible_tank-firing_afad32fc40.wav,,2.0,tank,,soundbible,tank
wav_files/soundbible_pickaxe_80fbbd0bcc.wav,,10.0,mine,,soundbible,mine
wav_files/soundbible_barred-owl-call_7233b4ef4c.wav,,8.4127,barred owl,,soundbible,barred owl
wav_files/soundbible_tape-measure_5058bfa460.wav,,5.7434,tape measure,,soundbible,tape measure
wav_files/soundbible_suicide-bomber_179a82816a.wav,,5.4799,suicide,,soundbible,suicide
wav_files/soundbible_turkey-tree-call_67c3b3891f.wav,,10.0,cluck,,soundbible,cluck
wav_files/soundbible_mortar-round_cca61f6612.wav,,1.9041,tank,,soundbible,tank
wav_files/soundbible_teeth-chatter_050b1fe52f.wav,,10.0,cold,,soundbible,cold
wav_files/soundbible_owl-hooting_56fd2ea726.wav,,10.0,owl,,soundbible,owl
wav_files/soundbible_butterfly_df85b68748.wav,,4.6049,butterfly,,soundbible,butterfly
wav_files/soundbible_small-airplane-long-flyby_b901e6a482.wav,,10.0,air plan,,soundbible,air plan
wav_files/soundbible_short-circuit_8ec3c84024.wav,,2.0,robot,,soundbible,robot
wav_files/soundbible_warning-siren_15821206c7.wav,,7.5406,alarm,,soundbible,alarm
wav_files/soundbible_newspaper-ticker_00294dd40b.wav,,10.0,news report opening,,soundbible,news report opening
wav_files/soundbible_turkey-assembly-call_e66c1c2071.wav,,10.0,cluck,,soundbible,cluck
wav_files/soundbible_tornado-siren-ii_db7ec968da.wav,,10.0,tornado,,soundbible,tornado
wav_files/soundbible_tank_3a316e0e56.wav,,10.0,tank,,soundbible,tank
wav_files/soundbible_tyrannosaurus-rex_472b4e432f.wav,,2.0,tyrannosaurus,,soundbible,tyrannosaurus
wav_files/soundbible_car-driving_d4242fb797.wav,,10.0,car driving,,soundbible,car driving
wav_files/soundbible_turkey-putt_05fdbf7915.wav,,10.0,cluck,,soundbible,cluck
wav_files/soundbible_zebra-call_19ea18b325.wav,,3.9163,zebra,,soundbible,zebra
wav_files/soundbible_what-you-eatin-daddy_218055ea76.wav,,2.8702,what you eatin,,soundbible,what you eatin
wav_files/soundbible_turkey-purring_4b60332646.wav,,8.5859,cluck,,soundbible,cluck
wav_files/soundbible_tape-measure_750314f3ae.wav,,6.0663,tape measure,,soundbible,tape measure
wav_files/soundbible_wont-start-fart_d712c9ef43.wav,,2.0,fart,,soundbible,fart
wav_files/soundbible_soldiers-marching_7798c8876b.wav,,10.0,soldiers marching,,soundbible,soldiers marching
wav_files/soundbible_hold-me-daddy_556d009109.wav,,2.0,baby,,soundbible,baby
wav_files/soundbible_hubcap-falls-off-car_3164de7af9.wav,,6.7001,hubcap,,soundbible,hubcap
wav_files/soundbible_what-you-eatin_22515248d0.wav,,2.0,what you eatin,,soundbible,what you eatin
wav_files/soundbible_turkey-gobble_e762acbedc.wav,,8.8061,owl,,soundbible,owl
wav_files/soundbible_fizzle_373ee2f302.wav,,2.0,robot,,soundbible,robot
wav_files/soundbible_that-mine_06d4c74d7e.wav,,2.2929,baby,,soundbible,baby
wav_files/soundbible_tyrannosaurus-rex_6853c38b84.wav,,2.6141,tyrannosaurus,,soundbible,tyrannosaurus
wav_files/soundbible_zebra-call_7ea1e2b2d6.wav,,3.8864,zebra,,soundbible,zebra
wav_files/soundbible_fizzle_a7ea163cfc.wav,,1.2136,robot,,soundbible,robot
wav_files/soundbible_tank_a6d9ab32b4.wav,,6.0169,tank,,soundbible,tank
wav_files/soundbible_taking-a-bite_25fd095a90.wav,,2.0,bone,,soundbible,bone
wav_files/soundbible_cargo-plane-cabin-ambiance_19f263b1fd.wav,,10.0,airplane,,soundbible,airplane
wav_files/soundbible_vintage-phone-ringing_ddb97b340f.wav,,10.0,phone,,soundbible,phone
wav_files/soundbible_turkey-gobble_66a1416ad0.wav,,8.8256,owl,,soundbible,owl
wav_files/soundbible_toddler-laugh_b94ea271cf.wav,,3.9133,laugh,,soundbible,laugh
wav_files/soundbible_sci-fi-robot_8f44eda1ad.wav,,4.1399,cpu,,soundbible,cpu
wav_files/soundbible_galloping-horse_835e688010.wav,,4.623,horse,,soundbible,horse
wav_files/soundbible_hold-me-daddy_e6b9d83bb0.wav,,5.0,baby,,soundbible,baby
wav_files/soundbible_world-war-2-rifle_06c9c6908a.wav,,9.706,gun,,soundbible,gun
wav_files/soundbible_peacock-call_5d0cc58aec.wav,,6.3005,peacock,,soundbible,peacock
wav_files/soundbible_banana-peel-slip-zip_5e87c68876.wav,,2.0,slip,,soundbible,slip
wav_files/soundbible_butterfly_355601c68f.wav,,4.6646,butterfly,,soundbible,butterfly
wav_files/soundbible_turkey-purring_1b24d5e84c.wav,,8.5412,cluck,,soundbible,cluck
wav_files/soundbible_horse-neigh_b06e012242.wav,,2.0,neigh,,soundbible,neigh
wav_files/soundbible_teacher-charlie-brown-talking_8ee5286b4d.wav,,7.5248,charlie brown,,soundbible,charlie brown
wav_files/soundbible_frog-croaking_10ec702525.wav,,5.8051,frog,,soundbible,frog
wav_files/soundbible_dying-light-bulb_d36aca56f8.wav,,2.0,light,,soundbible,light
wav_files/soundbible_taking-a-bite_63a27539b6.wav,,5.0,bone,,soundbible,bone
wav_files/soundbible_rowing-a-boat_83a4ff04a5.wav,,10.0,boat,,soundbible,boat
wav_files/soundbible_peacock-call_238c9eccae.wav,,6.337,peacock,,soundbible,peacock
wav_files/soundbible_i-love-you-daddy_0d182e7f64.wav,,2.0,baby,,soundbible,baby
wav_files/soundbible_that-mine_29c6a48273.wav,,5.0,baby,,soundbible,baby
wav_files/soundbible_what-you-eatin_f79a31a5e8.wav,,5.0,what you eatin,,soundbible,what you eatin
wav_files/soundbible_i-farted_b4085f0340.wav,,4.2919,baby,,soundbible,baby
wav_files/soundbible_hubcap-falls-off-car_e439b323d4.wav,,10.0,hubcap,,soundbible,hubcap
wav_files/soundbible_cat-meowing_436c1451dc.wav,,2.0,meow,,soundbible,meow
wav_files/soundbible_toddler-laugh_71f4450731.wav,,5.0,laugh,,soundbible,laugh
wav_files/soundbible_slide-closed_69bcc48213.wav,,2.0,slide,,soundbible,slide
wav_files/soundbible_stomach-growling_8a1c3b1cbd.wav,,2.5112,stomach growling,,soundbible,stomach growling
wav_files/soundbible_horse-neigh_3fed8d0ded.wav,,1.4,neigh,,soundbible,neigh
wav_files/soundbible_cat-meow_726e9267af.wav,,2.0,meow,,soundbible,meow
wav_files/soundbible_chamber-decompressing_ac2de9baad.wav,,2.761,alien,,soundbible,alien
wav_files/soundbible_galloping-horse_cb417012b0.wav,,5.0,horse,,soundbible,horse
wav_files/soundbible_spacecraft-hatch-opening_cf70240b89.wav,,8.4084,alien,,soundbible,alien
wav_files/soundbible_angry-squirrel_e936b4c61d.wav,,2.0,chipmunk,,soundbible,chipmunk
wav_files/soundbible_turkey-assembly-call_54b935b1d7.wav,,10.0,cluck,,soundbible,cluck
wav_files/soundbible_turkey-cluck-and-purr_5973607d57.wav,,10.0,cluck,,soundbible,cluck
wav_files/soundbible_space-ship-door-opening_8de5a73f53.wav,,10.0,alien,,soundbible,alien
wav_files/soundbible_lion-roar_a426ef7936.wav,,2.2332,cat,,soundbible,cat
wav_files/soundbible_strange-alarm_40e90f8e82.wav,,10.0,alarm,,soundbible,alarm
wav_files/soundbible_chamber-decompressing_00c124a31e.wav,,3.236,alien,,soundbible,alien
wav_files/soundbible_button-click-off_beb89a04cd.wav,,5.0,button,,soundbible,button
wav_files/soundbible_click-on_376c6df894.wav,,2.0,adjuster,,soundbible,adjuster
wav_files/soundbible_that-mommies_fed4505df4.wav,,2.0,baby,,soundbible,baby
wav_files/soundbible_turkey-putt_ba09e1eeef.wav,,10.0,cluck,,soundbible,cluck
wav_files/soundbible_i-farted_ca048944ce.wav,,5.0,baby,,soundbible,baby
wav_files/soundbible_please_f01cc5ecf3.wav,,2.0,please,,soundbible,please
wav_files/soundbible_kitten-meow_81d88fdce7.wav,,5.0,cat,,soundbible,cat
wav_files/soundbible_angry-squirrel_9c31be7539.wav,,5.0,chipmunk,,soundbible,chipmunk
wav_files/soundbible_dry-cough_486650b5b9.wav,,2.0,dr,,soundbible,dr
wav_files/soundbible_i-love-you-daddy_20d39b615c.wav,,5.0,baby,,soundbible,baby
wav_files/soundbible_alien-death-ray_03d11f4299.wav,,2.0,sci fi,,soundbible,sci fi
wav_files/soundbible_metal-reflect_9bd5aa2123.wav,,2.0,burst,,soundbible,burst
wav_files/soundbible_dog-growl_6a90a379cc.wav,,5.0,chow,,soundbible,chow
wav_files/soundbible_harpoon_cbc41a61fa.wav,,2.0,harpoon,,soundbible,harpoon
wav_files/soundbible_angry-chipmunk_470584aa65.wav,,2.509,chipmunk,,soundbible,chipmunk
wav_files/soundbible_dry-cough_97aa3c52ee.wav,,5.0,dr,,soundbible,dr
wav_files/soundbible_goofy-laugh_7ff5c6a067.wav,,5.0,goofy laugh,,soundbible,goofy laugh
wav_files/soundbible_please_d76464b2ec.wav,,5.0,please,,soundbible,please
wav_files/soundbible_rowing-a-boat_c6ad5a6d47.wav,,10.0,boat,,soundbible,boat
wav_files/soundbible_click-on_d95c19c186.wav,,5.0,adjuster,,soundbible,adjuster
wav_files/soundbible_robot-computing_464da15dd7.wav,,2.7812,cpu,,soundbible,cpu
wav_files/soundbible_angry-chipmunk_cc8fc768ac.wav,,2.4904,chipmunk,,soundbible,chipmunk
wav_files/soundbible_swimming-pool-ambiance_6feb67b03d.wav,,10.0,walla,,soundbible,walla
wav_files/soundbible_10-guage-shotgun_fa20b3b610.wav,,2.0,gun,,soundbible,gun
wav_files/soundbible_cat-meow_66629b4eac.wav,,5.0,meow,,soundbible,meow
wav_files/soundbible_city-ambiance_4639bcfb44.wav,,10.0,walla,,soundbible,walla
wav_files/soundbible_roaring-lion_a88602e6ee.wav,,5.0,cat,,soundbible,cat
wav_files/soundbible_metal-reflect_cb949a136f.wav,,5.0,burst,,soundbible,burst
wav_files/soundbible_alien-death-ray_504bad4b5e.wav,,5.0,sci fi,,soundbible,sci fi
wav_files/soundbible_merry-christmas_2c49b4c38a.wav,,2.0,santa clause,,soundbible,santa clause
wav_files/soundbible_that-mommies_b8e5006cf1.wav,,5.0,baby,,soundbible,baby
wav_files/soundbible_sunday-church-ambiance_16535293b3.wav,,10.0,walla,,soundbible,walla
wav_files/soundbible_tick-tock_515c6c534c.wav,,5.1849,tick tock,,soundbible,tick tock
wav_files/soundbible_sleigh-bells-ringing_9e5c138026.wav,,4.8207,santa clause,,soundbible,santa clause
wav_files/soundbible_jolly-laugh_55ff7bf6b0.wav,,2.5097,santa clause,,soundbible,santa clause
wav_files/soundbible_santa-clause-jolly-laugh_3c3b7a8e5b.wav,,3.8056,santa clause,,soundbible,santa clause
wav_files/soundbible_10-guage-shotgun_cc15fc09cd.wav,,1.2846,gun,,soundbible,gun
wav_files/soundbible_shopping-mall-ambiance_f591aae662.wav,,10.0,walla,,soundbible,walla
wav_files/soundbible_auditorium-applause_d9bdd3d9ae.wav,,10.0,auditorium,,soundbible,auditorium
wav_files/soundbible_bleep_da17a60203.wav,,2.0,bell sound,,soundbible,bell sound
wav_files/soundbible_horror-movie-ambiance_8551146522.wav,,10.0,horror,,soundbible,horror
wav_files/soundbible_merry-christmas_bed313fc58.wav,,5.0,santa clause,,soundbible,santa clause
wav_files/soundbible_smoke-alarm_7735f14ebf.wav,,5.7787,fireplace,,soundbible,fireplace
wav_files/soundbible_beep_b5227765c9.wav,,2.0,bell sound,,soundbible,bell sound
wav_files/soundbible_spacecraft-hatch-opening_53c4a84d65.wav,,10.0,alien,,soundbible,alien
wav_files/soundbible_jolly-laugh_6a1d16ef21.wav,,5.0,santa clause,,soundbible,santa clause
wav_files/soundbible_teacher-charlie-brown-talking_adbe928667.wav,,10.0,charlie brown,,soundbible,charlie brown
wav_files/soundbible_message-from-santa-clause_14b6d6f7ec.wav,,10.0,santa clause,,soundbible,santa clause
wav_files/soundbible_tick-tock_0e592fe081.wav,,5.4012,tick tock,,soundbible,tick tock
wav_files/soundbible_pouring-hot-tea_feba15eeeb.wav,,5.5878,tea,,soundbible,tea
wav_files/soundbible_can-you-hear-me-now_4f831eeda6.wav,,2.0,can you hear me,,soundbible,can you hear me
wav_files/soundbible_smoke-alarm_8ee51a855f.wav,,5.8099,fireplace,,soundbible,fireplace
wav_files/soundbible_walking_e161c70c9f.wav,,8.086,walk,,soundbible,walk
wav_files/soundbible_pterodactyl_ff0f38475e.wav,,2.0,dinosaur,,soundbible,dinosaur
wav_files/soundbible_flushing-the-toilet_d2d66979f9.wav,,10.0,toilet,,soundbible,toilet
wav_files/soundbible_baby-chicks_6154369c57.wav,,2.0,baby chicks,,soundbible,baby chicks
wav_files/soundbible_red-tailed-hawk_2379f7d48b.wav,,2.0,Buteo jamaicensis,,soundbible,Buteo jamaicensis
wav_files/soundbible_osprey-call_fb5e1b3018.wav,,9.8323,Pandion haliaetus,,soundbible,Pandion haliaetus
wav_files/soundbible_ho-ho-ho-st-nick_88f58cdf4f.wav,,5.0,santa clause,,soundbible,santa clause
wav_files/soundbible_red-tailed-hawk_084ab58e6d.wav,,2.0071,Buteo jamaicensis,,soundbible,Buteo jamaicensis
wav_files/soundbible_hawk-call_0ebba58f68.wav,,2.0,broad winged hawk,,soundbible,broad winged hawk
wav_files/soundbible_broad-winged-hawk_629d1d42b9.wav,,2.0,broad winged hawk,,soundbible,broad winged hawk
wav_files/soundbible_red-shouldered-hawk_a284c8cfa3.wav,,8.6062,Pandion haliaetus,,soundbible,Pandion haliaetus
wav_files/soundbible_wind_a3325fd988.wav,,7.991,air,,soundbible,air
wav_files/soundbible_common-tern-warning-call_068900ad65.wav,,2.0,warning,,soundbible,warning
wav_files/soundbible_bomb_7cf97765a2.wav,,2.0,time bomb,,soundbible,time bomb
wav_files/soundbible_broad-winged-hawk_04b3fd14f3.wav,,1.2944,broad winged hawk,,soundbible,broad winged hawk
wav_files/soundbible_common-tern-warning-call_939437d16f.wav,,1.5445,warning,,soundbible,warning
wav_files/soundbible_sleigh-bells-ringing_de6de78ae8.wav,,4.7846,santa clause,,soundbible,santa clause
wav_files/soundbible_hawk-call_1d13b6938a.wav,,1.0835,broad winged hawk,,soundbible,broad winged hawk
wav_files/soundbible_water-drop-sound-high_1e08034d6b.wav,,2.0,water,,soundbible,water
wav_files/soundbible_dove_8a745ad43f.wav,,10.0,dove,,soundbible,dove
wav_files/soundbible_brant-goose_4bab1e2a5a.wav,,2.0,brent goose,,soundbible,brent goose
wav_files/soundbible_baby-chicks_b82cd36388.wav,,5.0,baby chicks,,soundbible,baby chicks
wav_files/soundbible_random-son-talk_c231bbbbc6.wav,,10.0,baby,,soundbible,baby
wav_files/soundbible_40-cal-gun-shot-x3_eb821db06b.wav,,2.0,desert eagle,,soundbible,desert eagle
wav_files/soundbible_brant-goose_fe74e49cea.wav,,1.1281,brent goose,,soundbible,brent goose
wav_files/soundbible_machine-gun-burst-50-cal_c5b04c3803.wav,,2.0,desert eagle,,soundbible,desert eagle
wav_files/soundbible_siren_c3eb139c89.wav,,4.645,police,,soundbible,police
wav_files/soundbible_moose_bac38bc5da.wav,,10.0,moose,,soundbible,moose
wav_files/soundbible_mallard-duck-call_ba3028b7fe.wav,,5.7177,mallard duck,,soundbible,mallard duck
wav_files/soundbible_40-cal-gun-shot-x3_64e4e248ba.wav,,1.726,desert eagle,,soundbible,desert eagle
wav_files/soundbible_moose-call_b892ef5141.wav,,10.0,moose,,soundbible,moose
wav_files/soundbible_tank_9550563aac.wav,,10.0,tank,,soundbible,tank
wav_files/soundbible_pair-of-laughing-gulls_f3e1e0a628.wav,,2.0,laughing gull,,soundbible,laughing gull
wav_files/soundbible_bomb_ffc5f01131.wav,,1.6519,time bomb,,soundbible,time bomb
wav_files/soundbible_walking_e2f2ff078d.wav,,8.0606,walk,,soundbible,walk
wav_files/soundbible_pig-oink_60d194b68c.wav,,2.0,pig,,soundbible,pig
wav_files/soundbible_pig-oinking_4aa8b6f4f6.wav,,2.0,pig,,soundbible,pig
wav_files/soundbible_machine-gun-burst-50-cal_1fabaf0a5c.wav,,1.9607,desert eagle,,soundbible,desert eagle
wav_files/soundbible_swimming-pool-ambiance_6af5a9c0d8.wav,,10.0,walla,,soundbible,walla
wav_files/soundbible_rooster-crow_43482046ee.wav,,2.0,rooster,,soundbible,rooster
wav_files/soundbible_mallard-duck-call_95fc190700.wav,,5.6891,mallard duck,,soundbible,mallard duck
wav_files/soundbible_metal-clang_c28090860b.wav,,2.0,blast,,soundbible,blast
wav_files/soundbible_red-shouldered-hawk_f7165f72a0.wav,,8.7541,Pandion haliaetus,,soundbible,Pandion haliaetus
wav_files/soundbible_geese-flying_c853cc77a4.wav,,6.1046,canadian geese honk,,soundbible,canadian geese honk
wav_files/soundbible_siren_ff5e3059f3.wav,,4.6251,police,,soundbible,police
wav_files/soundbible_wetlands_b410b0bb9a.wav,,10.0,swamp,,soundbible,swamp
wav_files/soundbible_rooster-crow_fb410f5a5c.wav,,1.879,rooster,,soundbible,rooster
wav_files/soundbible_herring-gull-3_f02acfd118.wav,,8.0847,gull,,soundbible,gull
wav_files/soundbible_air-wrench_507e6e5138.wav,,2.0,air wrench,,soundbible,air wrench
wav_files/soundbible_time-bomb-short_85a95f4e76.wav,,2.7257,time bomb,,soundbible,time bomb
wav_files/soundbible_western-sandpiper_9d9db21ef8.wav,,10.0,swestern sandpiper,,soundbible,swestern sandpiper
wav_files/soundbible_ring-billed-gull-2_b8bb90dbc4.wav,,6.5263,gull,,soundbible,gull
wav_files/soundbible_osprey-call_5daa62128f.wav,,9.9262,Pandion haliaetus,,soundbible,Pandion haliaetus
wav_files/soundbible_brant-geese-foraging_a17c58cb8f.wav,,3.986,brent goose,,soundbible,brent goose
wav_files/soundbible_wood-saw_abed09b11b.wav,,10.0,wood,,soundbible,wood
wav_files/soundbible_greater-black-gull-2_da20491e8f.wav,,3.5396,gull,,soundbible,gull
wav_files/soundbible_door-buzzer_63b3967423.wav,,2.0,housing complex,,soundbible,housing complex
wav_files/soundbible_ring-billed-gull-3_7460d750ef.wav,,4.2079,gull,,soundbible,gull
wav_files/soundbible_door-buzzer_006783b928.wav,,1.9754,housing complex,,soundbible,housing complex
wav_files/soundbible_bonapartes-gull_a210fe07ea.wav,,5.723,bonapartes gull,,soundbible,bonapartes gull
wav_files/soundbible_killdeer_1fa736a435.wav,,2.0,plover,,soundbible,plover
wav_files/soundbible_pickaxe_ef6f7ee715.wav,,10.0,mine,,soundbible,mine
wav_files/soundbible_buzz_ae52639ad5.wav,,2.0663,buzz,,soundbible,buzz
wav_files/soundbible_greater-black-gull-2_e61c85f61a.wav,,3.4861,gull,,soundbible,gull
wav_files/soundbible_moose-call_b1401c1582.wav,,10.0,moose,,soundbible,moose
wav_files/soundbible_canadian-geese-honk_59cc5cfdd8.wav,,2.0,canadian geese honk,,soundbible,canadian geese honk
wav_files/soundbible_herring-gull-3_3d9e6a0994.wav,,8.0245,gull,,soundbible,gull
wav_files/soundbible_killdeer_5796e91250.wav,,1.5445,plover,,soundbible,plover
wav_files/soundbible_buzz_e993738e45.wav,,2.0663,buzz,,soundbible,buzz
wav_files/soundbible_brant-geese-foraging_7348fd15fd.wav,,3.9706,brent goose,,soundbible,brent goose
wav_files/soundbible_wetlands_59d8a678b6.wav,,10.0,swamp,,soundbible,swamp
wav_files/soundbible_city-ambiance_123ddeb3d9.wav,,10.0,walla,,soundbible,walla
wav_files/soundbible_semipalmated-sandpiper_4a355d5a65.wav,,2.0523,sandpiper,,soundbible,sandpiper
wav_files/soundbible_ring-billed-gull-2_c535724a3e.wav,,6.4772,gull,,soundbible,gull
wav_files/soundbible_bonapartes-gull_5ea64eeac0.wav,,5.6686,bonapartes gull,,soundbible,bonapartes gull
wav_files/soundbible_canadian-geese-honk_447b968be6.wav,,1.864,canadian geese honk,,soundbible,canadian geese honk
wav_files/soundbible_buzz-fade-out_24cca82a24.wav,,2.0509,buzz,,soundbible,buzz
wav_files/soundbible_mallard-duck-2_ecd0b617f6.wav,,4.1387,mallard duck,,soundbible,mallard duck
wav_files/soundbible_knocking-on-door_d3f895b091.wav,,3.1889,knocking on a door,,soundbible,knocking on a door
wav_files/soundbible_buzz-fade-out_7e83c37a62.wav,,2.0663,buzz,,soundbible,buzz
wav_files/soundbible_moose_c0cdd22dfb.wav,,10.0,moose,,soundbible,moose
wav_files/soundbible_cd-skipping_7ed47c147e.wav,,2.0,cd,,soundbible,cd
wav_files/soundbible_pair-of-laughing-gulls_70392ae85e.wav,,9.1339,laughing gull,,soundbible,laughing gull
wav_files/soundbible_robot-machine_4ec03006d8.wav,,8.1336,manufacturing,,soundbible,manufacturing
wav_files/soundbible_herring-gull-2_32f32df624.wav,,5.7873,herring gull,,soundbible,herring gull
wav_files/soundbible_ring-billed-gull_7696e40dc8.wav,,5.9197,gull,,soundbible,gull
wav_files/soundbible_cd-skipping_5d3cf31819.wav,,1.9527,cd,,soundbible,cd
wav_files/soundbible_common-tern-tearrr_6d0c60b2ea.wav,,2.0,tearrr,,soundbible,tearrr
wav_files/soundbible_semipalmated-sandpiper_5bc30d7312.wav,,1.9926,sandpiper,,soundbible,sandpiper
wav_files/soundbible_wetlands_9cc8b7035e.wav,,10.0,wetlands,,soundbible,wetlands
wav_files/soundbible_chimpanzee_169c070bd7.wav,,2.4936,chimpanzee,,soundbible,chimpanzee
wav_files/soundbible_pouring-hot-tea_3d2fd63f6b.wav,,7.7986,tea,,soundbible,tea
wav_files/soundbible_goose_0b6888bec2.wav,,2.0,canadian geese honk,,soundbible,canadian geese honk
wav_files/soundbible_chimpanzee_d7e592454d.wav,,2.4976,chimpanzee,,soundbible,chimpanzee
wav_files/soundbible_flock-of-common-terns_a6b71f0129.wav,,4.5832,flock,,soundbible,flock
wav_files/soundbible_old-sub-sonar_7cc2558053.wav,,10.0,ping,,soundbible,ping
wav_files/soundbible_western-sandpiper_fae13bbb12.wav,,10.0,swestern sandpiper,,soundbible,swestern sandpiper
wav_files/soundbible_knocking-on-door_5894354a5b.wav,,3.6093,knocking on a door,,soundbible,knocking on a door
wav_files/soundbible_sonar_af4ad9e20e.wav,,6.2536,ping,,soundbible,ping
wav_files/soundbible_herring-gull-2_fadbf110f0.wav,,5.7314,herring gull,,soundbible,herring gull
wav_files/soundbible_mallard-duck-2_41ca926425.wav,,4.0914,mallard duck,,soundbible,mallard duck
wav_files/soundbible_sonar-ping_da5cbc9c41.wav,,10.0,ping,,soundbible,ping
wav_files/soundbible_quail-bobwhite_0a459e77ad.wav,,2.0,grouse,,soundbible,grouse
wav_files/soundbible_grouse_4626f7fdc2.wav,,1.7571,grouse,,soundbible,grouse
wav_files/soundbible_44-magnum_4125a0a5a2.wav,,2.0,gun,,soundbible,gun
wav_files/soundbible_tires-squealing_2b1fbba7b3.wav,,2.0,car,,soundbible,car
wav_files/soundbible_light-rain-and-crickets_0694aeb2d5.wav,,10.0,cricket noise,,soundbible,cricket noise
wav_files/soundbible_common-tern_ba96ffab5b.wav,,2.0,tern,,soundbible,tern
wav_files/soundbible_sword-swing_ef7a9a5f2a.wav,,2.0,adz,,soundbible,adz
wav_files/soundbible_44-magnum_43e7193146.wav,,2.0376,gun,,soundbible,gun
wav_files/soundbible_buzz-fade-in_18d4273b50.wav,,2.0441,buzz,,soundbible,buzz
wav_files/soundbible_two-geese-on-a-pond_f801032801.wav,,3.8236,geese,,soundbible,geese
wav_files/soundbible_crash-large_0a1fad77b4.wav,,2.6687,car,,soundbible,car
wav_files/soundbible_sonar_15612ab661.wav,,6.2316,ping,,soundbible,ping
wav_files/soundbible_american-woodcock_cd8b2dc07a.wav,,9.6653,American Woodcock,,soundbible,American Woodcock
wav_files/soundbible_greater-yellowlegs-call_bdc20050a5.wav,,2.0,bird,,soundbible,bird
wav_files/soundbible_buzz-fade-in_466b0fb2c4.wav,,2.0663,buzz,,soundbible,buzz
wav_files/soundbible_robot-machine_fb9e701152.wav,,8.1415,manufacturing,,soundbible,manufacturing
wav_files/soundbible_laughing-gulls-3_51546263cb.wav,,3.6938,laughing gull,,soundbible,laughing gull
wav_files/soundbible_pair-of-laughing-gulls_4a198dcf09.wav,,9.0787,laughing gull,,soundbible,laughing gull
wav_files/soundbible_laughing-gull_6c0d52bfe4.wav,,2.0,laughing gull,,soundbible,laughing gull
wav_files/soundbible_crash-large_921d9fadf6.wav,,2.7451,car,,soundbible,car
wav_files/soundbible_laughing-gulls-3_991ee050cf.wav,,3.6321,laughing gull,,soundbible,laughing gull
wav_files/soundbible_morse-code_bdcf6ed316.wav,,10.0,morse code,,soundbible,morse code
wav_files/soundbible_dinosaur-roar_e005e582a7.wav,,2.0,dinosaur,,soundbible,dinosaur
wav_files/soundbible_dinosaur-roar_dfaa6c0108.wav,,1.7314,dinosaur,,soundbible,dinosaur
wav_files/soundbible_battle-axe-swing_b5de3874c2.wav,,2.0,adz,,soundbible,adz
wav_files/soundbible_automatic-machine-gun_814b5083b9.wav,,2.0,automatic machine gun,,soundbible,automatic machine gun
wav_files/soundbible_running-water_348179f082.wav,,7.9031,running water,,soundbible,running water
wav_files/soundbible_two-geese-on-a-pond_9d9d847cb7.wav,,3.7679,geese,,soundbible,geese
wav_files/soundbible_young-herring-gull_b58c0f1a11.wav,,2.4486,gull,,soundbible,gull
wav_files/soundbible_woodcock-courtship_799f8617a7.wav,,8.0896,American Woodcock,,soundbible,American Woodcock
wav_files/soundbible_mountain-lion_503ed9daf4.wav,,2.0,mountain lion,,soundbible,mountain lion
wav_files/soundbible_semipalmated-sandpiper-2_8450edd7c3.wav,,10.0,sandpiper,,soundbible,sandpiper
wav_files/soundbible_hoot-owl_ef9a76a5de.wav,,2.0,hoot owl,,soundbible,hoot owl
wav_files/soundbible_young-herring-gull_f5bb5188bf.wav,,2.3955,gull,,soundbible,gull
wav_files/soundbible_flushing-the-toilet_532332fd50.wav,,10.0,toilet,,soundbible,toilet
wav_files/soundbible_morse-code_a47b11f8df.wav,,10.0,morse code,,soundbible,morse code
wav_files/soundbible_fire_78815f96e5.wav,,10.0,fireplace,,soundbible,fireplace
wav_files/soundbible_barred-owl_16548d4a6e.wav,,2.9906,owl,,soundbible,owl
wav_files/soundbible_hoot-owl_c470552f7d.wav,,1.7651,hoot owl,,soundbible,hoot owl
wav_files/soundbible_greater-black-gull_8a0e3f2c1c.wav,,2.4024,gull,,soundbible,gull
wav_files/soundbible_grenade_79dfc50dc6.wav,,1.206,grenade,,soundbible,grenade
wav_files/soundbible_whip_992c4c03d9.wav,,2.0,whip,,soundbible,whip
wav_files/soundbible_woodcock-courtship_2f0c1d6450.wav,,8.0405,American Woodcock,,soundbible,American Woodcock
wav_files/soundbible_automatic-machine-gun-3x_12b889b8eb.wav,,5.0,automatic machine gun,,soundbible,automatic machine gun
wav_files/soundbible_grenade_1be6e5cd96.wav,,2.0,grenade,,soundbible,grenade
wav_files/soundbible_gorilla_6100752213.wav,,2.4521,gorilla,,soundbible,gorilla
wav_files/soundbible_bubbling_c1b402c9ef.wav,,2.5794,bubble,,soundbible,bubble
wav_files/soundbible_ape_31cd656031.wav,,3.5351,gorilla,,soundbible,gorilla
wav_files/soundbible_bubbling_355e545c7b.wav,,2.5495,bubble,,soundbible,bubble
wav_files/soundbible_greater-black-gull_9e88789df4.wav,,2.364,gull,,soundbible,gull
wav_files/soundbible_mountain-lion_5d51a9da1e.wav,,1.8597,mountain lion,,soundbible,mountain lion
wav_files/soundbible_barred-owl_380c0b8c36.wav,,2.9313,owl,,soundbible,owl
wav_files/soundbible_bonapartes-gull-2_d340415823.wav,,8.4637,bonapartes gull,,soundbible,bonapartes gull
wav_files/soundbible_gorilla_bc8a785bd7.wav,,2.4213,gorilla,,soundbible,gorilla
wav_files/soundbible_rain_f7dae53260.wav,,10.0,rain,,soundbible,rain
wav_files/soundbible_cow-and-bell_9409f272bf.wav,,2.1115,animal,,soundbible,animal
wav_files/soundbible_jungle_ef179402cf.wav,,4.9663,jungle,,soundbible,jungle
wav_files/soundbible_cow-and-bell_0627821659.wav,,2.2988,animal,,soundbible,animal
wav_files/soundbible_comet_e925754456.wav,,2.8138,rocket,,soundbible,rocket
wav_files/soundbible_bean-fart_c1501b5e1d.wav,,6.9473,discretion,,soundbible,discretion
wav_files/soundbible_water-drop-low_680ff9781a.wav,,2.0,water,,soundbible,water
wav_files/soundbible_bear_cd35b7b7e2.wav,,3.9286,bear,,soundbible,bear
wav_files/soundbible_sunday-church-ambiance_f1ed446eb0.wav,,10.0,walla,,soundbible,walla
wav_files/soundbible_elephant_b5cd906886.wav,,2.0,animal,,soundbible,animal
wav_files/soundbible_ape_a8fe6eab24.wav,,3.4749,gorilla,,soundbible,gorilla
wav_files/soundbible_twitch_c0d041bae2.wav,,2.0,twitch,,soundbible,twitch
wav_files/soundbible_time-bomb_48bc068d4f.wav,,6.5879,time bomb,,soundbible,time bomb
wav_files/soundbible_elephant-trumpeting_280d11c041.wav,,2.0,animal,,soundbible,animal
wav_files/soundbible_bear_defc46c333.wav,,4.1081,bear,,soundbible,bear
wav_files/soundbible_torch_da791a71cf.wav,,2.011,fireplace,,soundbible,fireplace
wav_files/soundbible_beep-ping_8051a2479a.wav,,2.0,computer,,soundbible,computer
wav_files/soundbible_elephant-trumpeting_dae218edd2.wav,,1.5762,animal,,soundbible,animal
wav_files/soundbible_comet_e8179c208a.wav,,2.7997,rocket,,soundbible,rocket
wav_files/soundbible_rooster-crowing_e53421e53e.wav,,2.524,animal,,soundbible,animal
wav_files/soundbible_channel-surfing_d7354428de.wav,,10.0,channel surfing,,soundbible,channel surfing
wav_files/soundbible_bat_6c2c0b3c62.wav,,2.0048,bat,,soundbible,bat
wav_files/soundbible_bubbles_104598bfd3.wav,,3.946,bubble,,soundbible,bubble
wav_files/soundbible_torch_1efc9e6b8b.wav,,2.1728,fireplace,,soundbible,fireplace
wav_files/soundbible_river_03fc78a64c.wav,,6.9824,river,,soundbible,river
wav_files/soundbible_rooster-crowing_390eb0d80c.wav,,2.4786,animal,,soundbible,animal
wav_files/soundbible_water-drop_107264ca74.wav,,2.0,water,,soundbible,water
wav_files/soundbible_jungle_5bd17a5d21.wav,,5.4335,jungle,,soundbible,jungle
wav_files/soundbible_jaguar_f12e435ec7.wav,,8.4721,jaguar,,soundbible,jaguar
wav_files/soundbible_maniacal-witches-laugh_1e6326cde4.wav,,2.5023,maniacal,,soundbible,maniacal
wav_files/soundbible_bat_957064fdbe.wav,,1.9518,bat,,soundbible,bat
wav_files/soundbible_computer-error_2ee2582c8f.wav,,2.0,CPU,,soundbible,CPU
wav_files/soundbible_kid-giggle-2_339a7f5f02.wav,,2.0,kid,,soundbible,kid
wav_files/soundbible_sonar-ping_c024c0ece1.wav,,10.0,ping,,soundbible,ping
wav_files/soundbible_earthquake_89e271cd7d.wav,,9.3289,nature,,soundbible,nature
wav_files/soundbible_reverse_40fa1edb58.wav,,2.0,reverse,,soundbible,reverse
wav_files/soundbible_bounce_6b4c426133.wav,,2.0,bounce,,soundbible,bounce
wav_files/soundbible_dog-whistle_b5037e612c.wav,,10.0,dog whistle,,soundbible,dog whistle
wav_files/soundbible_wood-hull-on-boat-creaking_8dfb499b0b.wav,,2.1823,wood,,soundbible,wood
wav_files/soundbible_semipalmated-sandpiper-2_7bbb4b5581.wav,,10.0,sandpiper,,soundbible,sandpiper
wav_files/soundbible_short-dial-tone_8029ae9739.wav,,2.0,dial,,soundbible,dial
wav_files/soundbible_kid-giggle-3x_4b60a4510a.wav,,4.5147,kid,,soundbible,kid
wav_files/soundbible_bean-fart_cefaa8f7aa.wav,,6.9958,discretion,,soundbible,discretion
wav_files/soundbible_wood-hull-on-boat-creaking_2060a1d25e.wav,,2.1554,wood,,soundbible,wood
wav_files/soundbible_earthquake_f9a8c9b0a1.wav,,9.2613,nature,,soundbible,nature
wav_files/soundbible_funny-kid-giggle_ef221b123d.wav,,2.0,kid,,soundbible,kid
wav_files/soundbible_stretching-growing_ff9ce716df.wav,,2.1493,squeaking,,soundbible,squeaking
wav_files/soundbible_elephant_402e6e8f92.wav,,5.0,animal,,soundbible,animal
wav_files/soundbible_truck-idle-and-pull-off_fcf596ac0a.wav,,10.0,truck,,soundbible,truck
wav_files/soundbible_water-drop_83aa25e81c.wav,,5.0,water,,soundbible,water
wav_files/soundbible_stretching-growing_3bb6838f5f.wav,,2.3938,squeaking,,soundbible,squeaking
wav_files/soundbible_radio-active_9c1322a495.wav,,7.4519,toxic,,soundbible,toxic
wav_files/soundbible_balloon-squeaky_38dd1d00b3.wav,,2.0,squeaking,,soundbible,squeaking
wav_files/soundbible_stretching-growing_78adab9faf.wav,,2.1493,squeaking,,soundbible,squeaking
wav_files/soundbible_kid-laughing-short_afb3776452.wav,,1.7247,kid,,soundbible,kid
wav_files/soundbible_high-pitch-dog-whistle_fab61f7981.wav,,10.0,dog whistle,,soundbible,dog whistle
wav_files/soundbible_maniacal-witches-laugh_7736fe5629.wav,,5.0,maniacal,,soundbible,maniacal
wav_files/soundbible_light-rain-and-crickets_e6fc8b5be8.wav,,10.0,cricket noise,,soundbible,cricket noise
wav_files/soundbible_jaguar_c1950e3fe4.wav,,10.0,jaguar,,soundbible,jaguar
wav_files/soundbible_small-chain_9ee582873c.wav,,2.3278,arm band,,soundbible,arm band
wav_files/soundbible_ready-to-burst_41e3c1dced.wav,,5.1706,squeaking,,soundbible,squeaking
wav_files/soundbible_automatic-machine-gun_6b62aaf042.wav,,5.0,automatic machine gun,,soundbible,automatic machine gun
wav_files/soundbible_metal-clank-wobble_5984ff2b11.wav,,2.0,clank,,soundbible,clank
wav_files/soundbible_kid-giggle-2_04eb3a534e.wav,,1.6371,kid,,soundbible,kid
wav_files/soundbible_balloon-squeaky_15ad5ed128.wav,,1.4396,squeaking,,soundbible,squeaking
wav_files/soundbible_electricity_7e7e2a60f3.wav,,4.6894,electricity,,soundbible,electricity
wav_files/soundbible_nature-ambiance_93ec642cbd.wav,,10.0,walla,,soundbible,walla
wav_files/soundbible_stretching-growing_57e857a364.wav,,2.3938,squeaking,,soundbible,squeaking
wav_files/soundbible_electric-sander_d012a5b94e.wav,,10.0,sand,,soundbible,sand
wav_files/soundbible_metal-debris-falling_8652ed4e83.wav,,2.5298,bits,,soundbible,bits
wav_files/soundbible_small-chain_08439c6783.wav,,2.6539,arm band,,soundbible,arm band
wav_files/soundbible_rain_808492e49f.wav,,10.0,rain,,soundbible,rain
wav_files/soundbible_slime-splash_2b70eca135.wav,,2.0,fungus,,soundbible,fungus
wav_files/soundbible_dropping-a-wrench_b38e70a0fa.wav,,2.0,apparatus,,soundbible,apparatus
wav_files/soundbible_child-scream_04543e9984.wav,,1.4995,scream,,soundbible,scream
wav_files/soundbible_electricity_d894b20f3b.wav,,4.7054,electricity,,soundbible,electricity
wav_files/soundbible_ready-to-burst_ead5c9b36e.wav,,5.192,squeaking,,soundbible,squeaking
wav_files/soundbible_kid-giggle-3x_b01ffdb409.wav,,5.2132,kid,,soundbible,kid
wav_files/soundbible_metal-debris-falling_8f9a77b534.wav,,2.5543,bits,,soundbible,bits
wav_files/soundbible_auditorium-applause_58222a9742.wav,,10.0,auditorium,,soundbible,auditorium
wav_files/soundbible_toxic-goo_1ea9c91c21.wav,,5.0,toxic,,soundbible,toxic
wav_files/soundbible_table-saw-buzz_fe70e5cec7.wav,,10.0,saw,,soundbible,saw
wav_files/soundbible_large-truck-chains_ad40c42fa1.wav,,8.0941,arm band,,soundbible,arm band
wav_files/soundbible_hot-sizzling_e4a09d8b6b.wav,,2.8408,fireplace,,soundbible,fireplace
wav_files/soundbible_electric-saw_3662532275.wav,,10.0,saw,,soundbible,saw
wav_files/soundbible_drilling_451c038108.wav,,4.6488,drill,,soundbible,drill
wav_files/soundbible_reeling-in-catch_66a3cbdbb9.wav,,5.0506,fish,,soundbible,fish
wav_files/soundbible_magical_b87966f370.wav,,2.8251,bewitched,,soundbible,bewitched
wav_files/soundbible_laser_68be4ddcac.wav,,2.0,beacon,,soundbible,beacon
wav_files/soundbible_phone-off-hook_a7c3a4db3b.wav,,10.0,phone,,soundbible,phone
wav_files/soundbible_splat-and-squirt_e955ecef39.wav,,10.0,aeroplane,,soundbible,aeroplane
wav_files/soundbible_running-water_5303b3fcc1.wav,,7.8761,running water,,soundbible,running water
wav_files/soundbible_wooden-thump_4497a09f05.wav,,2.5966,wood,,soundbible,wood
wav_files/soundbible_slime_d113701251.wav,,2.0,fungus,,soundbible,fungus
wav_files/soundbible_halogen-light_5452ecfa9f.wav,,4.7684,electricity,,soundbible,electricity
wav_files/soundbible_spooky-chains_56c234a7fa.wav,,10.0,arm band,,soundbible,arm band
wav_files/soundbible_hot-sizzling_e238e38c3b.wav,,2.8519,fireplace,,soundbible,fireplace
wav_files/soundbible_slug-crawling_5f5621f039.wav,,2.0,fungus,,soundbible,fungus
wav_files/soundbible_splat-and-squirt_f150718ad6.wav,,2.0,fungus,,soundbible,fungus
wav_files/soundbible_people-screaming_9d4b281c4b.wav,,3.3682,scream,,soundbible,scream
wav_files/soundbible_magical_589b9fda27.wav,,2.9238,bewitched,,soundbible,bewitched
wav_files/soundbible_bir-poop-splat_dce6b95cf7.wav,,2.0,poop,,soundbible,poop
wav_files/soundbible_airhorn_31c8e8be46.wav,,10.0,mayday,,soundbible,mayday
wav_files/soundbible_reeling-in-catch_bfaf4dc8e7.wav,,5.12,fish,,soundbible,fish
wav_files/soundbible_wooden-thump_dd02804a2f.wav,,2.7748,wood,,soundbible,wood
wav_files/soundbible_dog-chain_945e4b46ca.wav,,4.2002,clank,,soundbible,clank
wav_files/soundbible_chain-clink_0289e5430f.wav,,2.0,chain,,soundbible,chain
wav_files/soundbible_army-strong-theme-song_505addeb64.wav,,10.0,military,,soundbible,military
wav_files/soundbible_slug-crawling_2033248ad0.wav,,1.3811,fungus,,soundbible,fungus
wav_files/soundbible_cop-car-and-helicopter_c3f061a0e4.wav,,8.7291,cop,,soundbible,cop
wav_files/soundbible_pin-drop_c22789357b.wav,,2.0,pin,,soundbible,pin
wav_files/soundbible_drill_a92782aae0.wav,,4.5277,dentist drill,,soundbible,dentist drill
wav_files/soundbible_people-screaming_42cee3e7f9.wav,,3.3682,scream,,soundbible,scream
wav_files/soundbible_bouncing-golf-ball_57376f99ad.wav,,4.3495,gold,,soundbible,gold
wav_files/soundbible_pin-drop_8a78f672ae.wav,,1.2915,pin,,soundbible,pin
wav_files/soundbible_fisher-cat_aab69ff93c.wav,,10.0,fisher cat,,soundbible,fisher cat
wav_files/soundbible_dial-tone_750bf37670.wav,,4.2721,dial,,soundbible,dial
wav_files/soundbible_large-truck-chains_7bdebec7eb.wav,,8.1721,arm band,,soundbible,arm band
wav_files/soundbible_wetlands_c615c0fd1f.wav,,10.0,wetlands,,soundbible,wetlands
wav_files/soundbible_lock-and-load_faa8e29ef4.wav,,2.0,pop clip,,soundbible,pop clip
wav_files/soundbible_jiddu-krishnamurti_f234fff72f.wav,,10.0,jiddu krishnamurti,,soundbible,jiddu krishnamurti
wav_files/soundbible_busy-signal_b10eee30a8.wav,,9.2079,signal,,soundbible,signal
wav_files/soundbible_large-chains_d0e317c497.wav,,9.3063,clank,,soundbible,clank
wav_files/soundbible_dentist-drill_780d8ad715.wav,,2.0,dentist drill,,soundbible,dentist drill
wav_files/soundbible_lock-and-load_e6197c4b00.wav,,1.0914,pop clip,,soundbible,pop clip
wav_files/soundbible_rewind-time-sound_6190082b7b.wav,,4.3459,rewind,,soundbible,rewind
wav_files/soundbible_large-metal-clippers-1x_fbadbf6dfb.wav,,2.0,cut,,soundbible,cut
wav_files/soundbible_large-metal-clippers-3x_10e079d920.wav,,2.6269,cut,,soundbible,cut
wav_files/soundbible_metal-grinder_1a8791cdc1.wav,,10.0,chore,,soundbible,chore
wav_files/soundbible_bouncing-golf-ball_467127d4be.wav,,4.4844,gold,,soundbible,gold
wav_files/soundbible_tornado_612dd8ccec.wav,,3.9585,tornado,,soundbible,tornado
wav_files/soundbible_dog-chain_1dc03b0fbc.wav,,5.3626,clank,,soundbible,clank
wav_files/soundbible_radio-interruption_82afc3216f.wav,,5.2667,abduction,,soundbible,abduction
wav_files/soundbible_crickets_bfddf00ffb.wav,,7.1717,cricket noise,,soundbible,cricket noise
wav_files/soundbible_airhorn_699197eca8.wav,,10.0,mayday,,soundbible,mayday
wav_files/soundbible_tornado_91d24b034b.wav,,3.9125,tornado,,soundbible,tornado
wav_files/soundbible_mummy-zombie_cb63a58aa2.wav,,2.0256,zombie,,soundbible,zombie
wav_files/soundbible_phone-off-hook_745d95e8c4.wav,,10.0,phone,,soundbible,phone
wav_files/soundbible_cop-car-siren_0c3eb31c34.wav,,5.0592,cop,,soundbible,cop
wav_files/soundbible_car-spinning-out_fede853738.wav,,3.6452,car,,soundbible,car
wav_files/soundbible_truck-air-brakes_635eb2361e.wav,,4.5072,truck,,soundbible,truck
wav_files/soundbible_vampire-bite_85c375ef5a.wav,,2.0,bite,,soundbible,bite
wav_files/soundbible_large-metal-clippers-3x_406936943d.wav,,3.2646,cut,,soundbible,cut
wav_files/soundbible_halloween-monster_54f08f4799.wav,,3.7036,zombie,,soundbible,zombie
wav_files/soundbible_halogen-light_565146f218.wav,,4.7369,electricity,,soundbible,electricity
wav_files/soundbible_skateboard-ollie_986ba58591.wav,,2.0,skate,,soundbible,skate
wav_files/soundbible_splat-and-squirt_2b756a95ca.wav,,10.0,aeroplane,,soundbible,aeroplane
wav_files/soundbible_radio-active_34e9228261.wav,,10.0,toxic,,soundbible,toxic
wav_files/soundbible_crickets-and-geese_b457baac04.wav,,9.8101,cricket noise,,soundbible,cricket noise
wav_files/soundbible_zombie-brain-eater_a5f2bc3093.wav,,6.6631,zombie,,soundbible,zombie
wav_files/soundbible_car-spinning-out_4e28b88eef.wav,,3.6224,car,,soundbible,car
wav_files/soundbible_monster-laugh_007c6a116d.wav,,3.5929,zombie,,soundbible,zombie
wav_files/soundbible_busy-signal_a3ac502805.wav,,9.1719,signal,,soundbible,signal
wav_files/soundbible_horn-honk_b8bbdb0800.wav,,2.0,beep,,soundbible,beep
wav_files/soundbible_skateboard-ollie_ec36255903.wav,,1.7823,skate,,soundbible,skate
wav_files/soundbible_drill_b59bff262b.wav,,4.7253,dentist drill,,soundbible,dentist drill
wav_files/soundbible_car-loosing-control_2b9124bdab.wav,,6.3912,car,,soundbible,car
wav_files/soundbible_horn-honk_2c71bbf828.wav,,1.7506,beep,,soundbible,beep
wav_files/soundbible_mars-attacks_131a6d3825.wav,,10.0,Mars Attacks,,soundbible,Mars Attacks
wav_files/soundbible_truck-air-brakes_4c5028dfa8.wav,,4.4764,truck,,soundbible,truck
wav_files/soundbible_radio-interruption_db31dc9eef.wav,,6.4691,abduction,,soundbible,abduction
wav_files/soundbible_zombie-long-death_dfcce3c6f6.wav,,3.3521,apparition,,soundbible,apparition
wav_files/soundbible_rewind-time-sound_b5c936683f.wav,,4.4844,rewind,,soundbible,rewind
wav_files/soundbible_frying-circuits_512161f38b.wav,,1.9969,fry,,soundbible,fry
wav_files/soundbible_zombie-on-the-loose_07d7401ca8.wav,,5.4855,apparition,,soundbible,apparition
wav_files/soundbible_car-cornering-fast_eb1ad33fd4.wav,,5.4922,car,,soundbible,car
wav_files/soundbible_monster-laugh_c9e7f646aa.wav,,3.5603,zombie,,soundbible,zombie
wav_files/soundbible_cop-car-siren_46fff3f29c.wav,,5.0736,cop,,soundbible,cop
wav_files/soundbible_zombie-gets-attacked_f4aef2eedd.wav,,2.0,apparition,,soundbible,apparition
wav_files/soundbible_zombie-come-here_c599e89647.wav,,2.2407,apparition,,soundbible,apparition
wav_files/soundbible_propeller_27c09150e8.wav,,8.1249,propeller,,soundbible,propeller
wav_files/soundbible_zombie-stabbed_04cb5a8c12.wav,,3.5784,apparition,,soundbible,apparition
wav_files/soundbible_zombie-moan_5160296fb8.wav,,2.0,apparition,,soundbible,apparition
wav_files/soundbible_tornado-siren_e2a2f9825f.wav,,10.0,tornado,,soundbible,tornado
wav_files/soundbible_zombie-demon-spawn_b3805aba1f.wav,,2.8024,apparition,,soundbible,apparition
wav_files/soundbible_crickets_76a75864d2.wav,,7.1429,cricket noise,,soundbible,cricket noise
wav_files/soundbible_zombie-rising_104d4f3fef.wav,,2.0,apparition,,soundbible,apparition
wav_files/soundbible_fire_03ffe6d0a1.wav,,10.0,fireplace,,soundbible,fireplace
wav_files/soundbible_electric-sander_d480ab796e.wav,,10.0,sand,,soundbible,sand
wav_files/soundbible_zombie-brain-eater_7df06beecc.wav,,6.7222,zombie,,soundbible,zombie
wav_files/soundbible_zombie-moan_12612aa760.wav,,1.2307,apparition,,soundbible,apparition
wav_files/soundbible_zombie-gibberish_de2da33450.wav,,2.5537,apparition,,soundbible,apparition
wav_files/soundbible_zombie-in-pain_8b5c58c10b.wav,,2.0,apparition,,soundbible,apparition
wav_files/soundbible_zombie-long-death_623e3f448a.wav,,3.3655,apparition,,soundbible,apparition
wav_files/soundbible_zombie-in-pain_59f0d043de.wav,,1.7386,apparition,,soundbible,apparition
wav_files/soundbible_zombie-attack-walk_d006ab07a6.wav,,5.8696,apparition,,soundbible,apparition
wav_files/soundbible_car-cornering-fast_b1e9a3068b.wav,,5.538,car,,soundbible,car
wav_files/soundbible_mindless-zombie-awakening_d9a7c44bd6.wav,,2.8181,apparition,,soundbible,apparition
wav_files/soundbible_i-want-brains_5931c2e7c3.wav,,3.5784,apparition,,soundbible,apparition
wav_files/soundbible_zombie-talking_cbbeb56683.wav,,2.3424,apparition,,soundbible,apparition
wav_files/soundbible_zombie-demon-spawn_22ec3b26a6.wav,,3.2804,apparition,,soundbible,apparition
wav_files/soundbible_zombies-eat-brains_a3b9f28fcf.wav,,4.6324,apparition,,soundbible,apparition
wav_files/soundbible_zombie-back-from-dead_e1ccf9c3de.wav,,3.7904,apparition,,soundbible,apparition
wav_files/soundbible_zombie-stabbed_551cd6483d.wav,,3.8908,apparition,,soundbible,apparition
wav_files/soundbible_demon-zombie-ambiance_e1ab29cd6d.wav,,8.9988,apparition,,soundbible,apparition
wav_files/soundbible_cop-car-and-helicopter_e52b11c016.wav,,8.7291,cop,,soundbible,cop
wav_files/soundbible_table-saw-buzz_979b406954.wav,,10.0,saw,,soundbible,saw
wav_files/soundbible_tv-off-air_35bb9063ae.wav,,10.0,tone,,soundbible,tone
wav_files/soundbible_crickets-and-geese_b92159ea98.wav,,9.7758,cricket noise,,soundbible,cricket noise
wav_files/soundbible_zombie-talking_15b8e6e2df.wav,,2.4848,apparition,,soundbible,apparition
wav_files/soundbible_hen-chicken_53f8b2d33c.wav,,1.4512,hen,,soundbible,hen
wav_files/soundbible_snorting-pig_a0c4f26afd.wav,,2.0,pig,,soundbible,pig
wav_files/soundbible_lamb_fe6d0ce045.wav,,2.0,lamb,,soundbible,lamb
wav_files/soundbible_double-snort_f223c1d530.wav,,2.0,pig,,soundbible,pig
wav_files/soundbible_weather-alert_543b8cbbf2.wav,,10.0,tone,,soundbible,tone
wav_files/soundbible_zombie-kill-you_739477d691.wav,,3.8908,apparition,,soundbible,apparition
wav_files/soundbible_pig-snort_430c98ee45.wav,,2.0,pig,,soundbible,pig
wav_files/soundbible_music-censor_198c631d9a.wav,,2.0,music censor,,soundbible,music censor
wav_files/soundbible_fisher-cat_8492abf2ac.wav,,10.0,fisher cat,,soundbible,fisher cat
wav_files/soundbible_strange-noise_6933c982c5.wav,,10.0,tone,,soundbible,tone
wav_files/soundbible_zombie-back-from-dead_17a877f0ec.wav,,3.7904,apparition,,soundbible,apparition
wav_files/soundbible_decapitation_93608eb101.wav,,2.0,decapitation,,soundbible,decapitation
wav_files/soundbible_spotted-owl-call_7483103ee6.wav,,5.0927,spotted owl call,,soundbible,spotted owl call
wav_files/soundbible_i-want-brains_163a9db054.wav,,3.6412,apparition,,soundbible,apparition
wav_files/soundbible_zombie-come-here_ba52ca37f8.wav,,2.2407,apparition,,soundbible,apparition
wav_files/soundbible_frying-pan-impact_1849f8bf71.wav,,2.0,frying pan,,soundbible,frying pan
wav_files/soundbible_decapitation-head-fall-off_d0124940ea.wav,,2.0,decapitation,,soundbible,decapitation
wav_files/soundbible_frying-pan-hit_8f4fa7600f.wav,,2.0,frying pan,,soundbible,frying pan
wav_files/soundbible_snow-mobile_19b55b787b.wav,,5.2424,snowmachine,,soundbible,snowmachine
wav_files/soundbible_ta-da_98ac1a7c6e.wav,,2.0,ta da,,soundbible,ta da
wav_files/soundbible_decapitation-head-blood_0a6bb828be.wav,,3.6543,decapitation,,soundbible,decapitation
wav_files/soundbible_sheep_278d0896d2.wav,,1.1378,sheep,,soundbible,sheep
wav_files/soundbible_mindless-zombie-awakening_f65676c717.wav,,2.8181,apparition,,soundbible,apparition
wav_files/soundbible_purring_8f6d527783.wav,,3.9082,happy,,soundbible,happy
wav_files/soundbible_roundhouse-kick_d2690c4910.wav,,2.0,kick,,soundbible,kick
wav_files/soundbible_sweep-kick_7a7640b528.wav,,2.0,kick,,soundbible,kick
wav_files/soundbible_frying-pan-hit_0d9b898cbb.wav,,1.7996,frying pan,,soundbible,frying pan
wav_files/soundbible_spin-kick_51ad43f925.wav,,2.0,kick,,soundbible,kick
wav_files/soundbible_zombie-gibberish_0e88d63962.wav,,2.6442,apparition,,soundbible,apparition
wav_files/soundbible_spotted-owl-call_735ba9ee9a.wav,,5.2626,spotted owl call,,soundbible,spotted owl call
wav_files/soundbible_kick_484b6ff372.wav,,2.0,kick,,soundbible,kick
wav_files/soundbible_jab_bb5c816d9c.wav,,2.0,punch,,soundbible,punch
wav_files/soundbible_mirror-shattering_5dbdcd3e36.wav,,2.0,mirror,,soundbible,mirror
wav_files/soundbible_upper-cut_db31ab92fe.wav,,2.0,punch,,soundbible,punch
wav_files/soundbible_propeller_60489d7457.wav,,8.2286,propeller,,soundbible,propeller
wav_files/soundbible_frying-pan-impact_dbc0102998.wav,,1.9577,frying pan,,soundbible,frying pan
wav_files/soundbible_ta-da_7a64f57218.wav,,1.651,ta da,,soundbible,ta da
wav_files/soundbible_right-cross_627626b9b8.wav,,2.0,punch,,soundbible,punch
wav_files/soundbible_heartbeat_7d5f0a034d.wav,,10.0,heart,,soundbible,heart
wav_files/soundbible_right-hook_65fda2ad9a.wav,,2.0,punch,,soundbible,punch
wav_files/soundbible_left-hook_d66d3b82e5.wav,,2.0,punch,,soundbible,punch
wav_files/soundbible_ak47-assault-rifle_07a3bb928c.wav,,2.7411,gun,,soundbible,gun
wav_files/soundbible_osprey-bird-call_1f4e92acdb.wav,,3.5131,Osprey,,soundbible,Osprey
wav_files/soundbible_10-second-applause_7d5f714aab.wav,,10.0,applause,,soundbible,applause
wav_files/soundbible_applause_a198fe4adc.wav,,5.021,applause,,soundbible,applause
wav_files/soundbible_striking-match_7a2d56195f.wav,,2.0,fireplace,,soundbible,fireplace
wav_files/soundbible_weather-alert_67b8649c3f.wav,,10.0,tone,,soundbible,tone
wav_files/soundbible_lighting-match_8081054115.wav,,2.0,fireplace,,soundbible,fireplace
wav_files/soundbible_obama-speech-liar_6bf1412aa0.wav,,10.0,Joe Wilson,,soundbible,Joe Wilson
wav_files/soundbible_wasp_3261dfb171.wav,,2.0,bee,,soundbible,bee
wav_files/soundbible_angry_56177b8030.wav,,2.8876,angry,,soundbible,angry
wav_files/soundbible_striking-match_9f1c541232.wav,,1.4036,fireplace,,soundbible,fireplace
wav_files/soundbible_time-warp_65d0f499d9.wav,,4.6167,time,,soundbible,time
wav_files/soundbible_lighting-match_232ccd46c6.wav,,1.7568,fireplace,,soundbible,fireplace
wav_files/soundbible_spooky-chains_c286ddb392.wav,,10.0,arm band,,soundbible,arm band
wav_files/soundbible_ak47-assault-rifle_8a43854ce7.wav,,2.7543,gun,,soundbible,gun
wav_files/soundbible_eating_e1a23056e3.wav,,2.414,kitchen,,soundbible,kitchen
wav_files/soundbible_strange-noise_3983f5e891.wav,,10.0,tone,,soundbible,tone
wav_files/soundbible_bald-eagle_91af3793d7.wav,,2.4554,bald eagle,,soundbible,bald eagle
wav_files/soundbible_bull-frog_5ca4f80615.wav,,2.0,frog,,soundbible,frog
wav_files/soundbible_bee_e35ea42a36.wav,,2.7954,bee,,soundbible,bee
wav_files/soundbible_common-poorwill_71374a8f65.wav,,5.5383,poorwill,,soundbible,poorwill
wav_files/soundbible_demon-zombie-ambiance_238b465e7d.wav,,9.0104,apparition,,soundbible,apparition
wav_files/soundbible_bee_8502faacb9.wav,,2.8,bee,,soundbible,bee
wav_files/soundbible_cracking-chest-open_d9f1cabaff.wav,,3.5566,bone,,soundbible,bone
wav_files/soundbible_pat_5060cda62e.wav,,2.0,bang,,soundbible,bang
wav_files/soundbible_electric-saw_671d0b5e5a.wav,,10.0,saw,,soundbible,saw
wav_files/soundbible_coyote-call_aeb9a3adb3.wav,,10.0,wilderness,,soundbible,wilderness
wav_files/soundbible_zombie-attack-walk_10699f7f7a.wav,,5.8696,apparition,,soundbible,apparition
wav_files/soundbible_eating_5e67632183.wav,,2.414,kitchen,,soundbible,kitchen
wav_files/soundbible_angry-giant_33ad48d45f.wav,,2.1301,angry,,soundbible,angry
wav_files/soundbible_arrows-flying_6caac448ea.wav,,2.0,arrow,,soundbible,arrow
wav_files/soundbible_purring_5c2de9cfd1.wav,,4.1825,happy,,soundbible,happy
wav_files/soundbible_aww-sympathy_9b7b85cdcc.wav,,2.0,aww,,soundbible,aww
wav_files/soundbible_arrow_a3e6de6445.wav,,2.0,arrow,,soundbible,arrow
wav_files/soundbible_mars-attacks_4cbf618a2a.wav,,10.0,Mars Attacks,,soundbible,Mars Attacks
wav_files/soundbible_arrow-right-to-left_c3ada79b86.wav,,2.0,arrow,,soundbible,arrow
wav_files/soundbible_cutlery-clank_8849305284.wav,,5.2904,cutlery,,soundbible,cutlery
wav_files/soundbible_drop-fork_f1bc2e174f.wav,,2.0,cutlery,,soundbible,cutlery
wav_files/soundbible_arrow-left-to-right_65658eb374.wav,,2.0,arrow,,soundbible,arrow
wav_files/soundbible_cutlery_553602fac2.wav,,2.0,cutlery,,soundbible,cutlery
wav_files/soundbible_sniff-short_6990514732.wav,,2.0,sniff,,soundbible,sniff
wav_files/soundbible_aww-sympathy_85e5623015.wav,,1.2655,aww,,soundbible,aww
wav_files/soundbible_sniff-long_ec705f194b.wav,,5.6736,sniff,,soundbible,sniff
wav_files/soundbible_trash-truck-reverse-beep_83e1f70b6a.wav,,9.7176,truck,,soundbible,truck
wav_files/soundbible_rip-jaw-off_cab7c76666.wav,,2.0,peel,,soundbible,peel
wav_files/soundbible_wasp_5406bb5a33.wav,,5.0,bee,,soundbible,bee
wav_files/soundbible_bald-eagle_50e9eccd89.wav,,3.7243,bald eagle,,soundbible,bald eagle
wav_files/soundbible_angry_8a74c3521a.wav,,2.8566,angry,,soundbible,angry
wav_files/soundbible_rip-arm-off_cdb8061c7a.wav,,2.0,peel,,soundbible,peel
wav_files/soundbible_purring-cat_05aedfbf47.wav,,7.2012,pur,,soundbible,pur
wav_files/soundbible_rip-jaw-off_fb740816ac.wav,,1.3907,peel,,soundbible,peel
wav_files/soundbible_canadian-geese_51f109a3ab.wav,,3.0544,geese,,soundbible,geese
wav_files/soundbible_angry-giant_7cf597e174.wav,,2.1007,angry,,soundbible,angry
wav_files/soundbible_sniff-short_64571f9732.wav,,1.3468,sniff,,soundbible,sniff
wav_files/soundbible_rip-arm-off_e542e0cdb0.wav,,1.6796,peel,,soundbible,peel
wav_files/soundbible_dog-whistle_aaf63c5fe3.wav,,10.0,dog whistle,,soundbible,dog whistle
wav_files/soundbible_cutlery-clank_9a7f293042.wav,,5.3479,cutlery,,soundbible,cutlery
wav_files/soundbible_blood-squirts_fa7915dc99.wav,,6.1892,gore,,soundbible,gore
wav_files/soundbible_cutlery_69196c7b9a.wav,,2.1546,cutlery,,soundbible,cutlery
wav_files/soundbible_common-poorwill_662efb465d.wav,,6.5,poorwill,,soundbible,poorwill
wav_files/soundbible_bedspring-squeak_037fed57ea.wav,,7.0332,squeak,,soundbible,squeak
wav_files/soundbible_nightime_bb2fdff574.wav,,10.0,after dark,,soundbible,after dark
wav_files/soundbible_gutting-someone_c606645050.wav,,4.3091,gutting,,soundbible,gutting
wav_files/soundbible_stab_bde2b5755a.wav,,2.041,stab,,soundbible,stab
wav_files/soundbible_humpback-whale-call_c37e87cb0e.wav,,7.501,humpback,,soundbible,humpback
wav_files/soundbible_hummingbird_44307ce352.wav,,2.5503,hummingbird,,soundbible,hummingbird
wav_files/soundbible_crackle_2c6e37bdaf.wav,,5.6529,crackle,,soundbible,crackle
wav_files/soundbible_flesh-and-bone-tearing_6e6f027074.wav,,3.7813,body,,soundbible,body
wav_files/soundbible_cracking-chest-open_f19ba8044b.wav,,3.6804,bone,,soundbible,bone
wav_files/soundbible_ripping-head-off_e5d8fd31b0.wav,,4.1314,peel,,soundbible,peel
wav_files/soundbible_stab_8502b26f03.wav,,2.0235,stab,,soundbible,stab
wav_files/soundbible_no-dear_19ae6d296a.wav,,2.0,no dear,,soundbible,no dear
wav_files/soundbible_background-noise_15aff3a6c9.wav,,10.0,noise,,soundbible,noise
wav_files/soundbible_wake-up-call_9a55909d2c.wav,,2.3741,hotel,,soundbible,hotel
wav_files/soundbible_closing-drawer_d4d07e5cfa.wav,,2.0,drawer,,soundbible,drawer
wav_files/soundbible_raven_27ffe521af.wav,,5.7011,mother careys chicken,,soundbible,mother careys chicken
wav_files/soundbible_snap_ec13fa778d.wav,,2.0,snap,,soundbible,snap
wav_files/soundbible_10-second-applause_a51673b5c0.wav,,10.0,applause,,soundbible,applause
wav_files/soundbible_gear-shift-into-drive_d76644d21b.wav,,2.0,car,,soundbible,car
wav_files/soundbible_monsoon_f87af542e4.wav,,10.0,hurricane,,soundbible,hurricane
wav_files/soundbible_no-dear_ee745e1c29.wav,,1.5326,no dear,,soundbible,no dear
wav_files/soundbible_silencer_2da8ac939e.wav,,2.0,silencer,,soundbible,silencer
wav_files/soundbible_sniff-long_f046576d35.wav,,5.6736,sniff,,soundbible,sniff
wav_files/soundbible_gun-silencer_6a5e421267.wav,,2.0,silencer,,soundbible,silencer
wav_files/soundbible_flesh-and-bone-tearing_d745c3024c.wav,,4.5302,body,,soundbible,body
wav_files/soundbible_gear-shift-into-drive_ce2068d1c4.wav,,1.3505,car,,soundbible,car
wav_files/soundbible_tearing-into-flesh_be5c663d2a.wav,,3.2638,tear,,soundbible,tear
wav_files/soundbible_raven_8b85adde8b.wav,,5.7011,mother careys chicken,,soundbible,mother careys chicken
wav_files/soundbible_grasshopper_f68bb3de3c.wav,,2.6686,grasshopper,,soundbible,grasshopper
wav_files/soundbible_kids-laughing_31a7cc6875.wav,,10.0,laugh,,soundbible,laugh
wav_files/soundbible_bone-crushing_2afe4d2c19.wav,,2.0,bone,,soundbible,bone
wav_files/soundbible_blood-squirts_0e741f61da.wav,,6.3196,gore,,soundbible,gore
wav_files/soundbible_hermit-thrush_f9ac9047fc.wav,,5.0826,hermit thrush,,soundbible,hermit thrush
wav_files/soundbible_hummingbird_13c9642cb5.wav,,3.6417,hummingbird,,soundbible,hummingbird
wav_files/soundbible_time-warp_1b3b5ed248.wav,,6.0772,time,,soundbible,time
wav_files/soundbible_eyeball-burst_b42054246c.wav,,1.9659,bone,,soundbible,bone
wav_files/soundbible_closing-drawer_6decaed01a.wav,,1.6871,drawer,,soundbible,drawer
wav_files/soundbible_grasshopper_9a289bb00b.wav,,2.8777,grasshopper,,soundbible,grasshopper
wav_files/soundbible_bedspring-squeak_b78362b897.wav,,7.0101,squeak,,soundbible,squeak
wav_files/soundbible_squirrel_2a7e8bb68c.wav,,7.4276,squirrel,,soundbible,squirrel
wav_files/soundbible_surgery_a53b01c626.wav,,8.9633,stab,,soundbible,stab
wav_files/soundbible_bison_b12cb94575.wav,,5.8691,bison,,soundbible,bison
wav_files/soundbible_banging-radiator_f3c261373c.wav,,5.9628,bang,,soundbible,bang
wav_files/soundbible_wake-up-call_e896410b2c.wav,,2.5824,hotel,,soundbible,hotel
wav_files/soundbible_peeling-face-off_07ad2e00fe.wav,,3.5187,peel,,soundbible,peel
wav_files/soundbible_tornado-siren_5ffc78bdba.wav,,10.0,tornado,,soundbible,tornado
wav_files/soundbible_squirrel_602f7b3d57.wav,,7.6177,squirrel,,soundbible,squirrel
wav_files/soundbible_musket-fire_42d8429624.wav,,5.0845,musket,,soundbible,musket
wav_files/soundbible_stab-and-tear-flesh_6fab7a422a.wav,,3.52,stab,,soundbible,stab
wav_files/soundbible_hermit-thrush_2a9bd61dd7.wav,,7.0828,hermit thrush,,soundbible,hermit thrush
wav_files/soundbible_eat-chips_2b6d246bde.wav,,2.5014,chips,,soundbible,chips
wav_files/soundbible_elk_9143f04deb.wav,,10.0,nature,,soundbible,nature
wav_files/soundbible_perfect-thunder-storm_547b170589.wav,,10.0,barrage,,soundbible,barrage
wav_files/soundbible_cannon_b7d51fb06b.wav,,2.0341,cannon,,soundbible,cannon
wav_files/soundbible_cannon_7d8f26db50.wav,,2.592,cannon,,soundbible,cannon
wav_files/soundbible_coyote-call_5b1ec23834.wav,,10.0,wilderness,,soundbible,wilderness
wav_files/soundbible_footsteps_a7aac4015e.wav,,6.3022,eerie,,soundbible,eerie
wav_files/soundbible_rain-ending_c76ecdbf80.wav,,5.5486,cat-and-dog weather,,soundbible,cat-and-dog weather
wav_files/soundbible_gun-silencer_67f8f969f6.wav,,5.0,silencer,,soundbible,silencer
wav_files/soundbible_underwater_132c8d34d7.wav,,2.325,water,,soundbible,water
wav_files/soundbible_musket-fire_4424296f1a.wav,,5.7209,musket,,soundbible,musket
wav_files/soundbible_gutting-someone_c1f06ca3d3.wav,,4.3073,gutting,,soundbible,gutting
wav_files/soundbible_drop-sword_e431d0aa94.wav,,2.0,sword,,soundbible,sword
wav_files/soundbible_underwater_dc1fbfdc6f.wav,,2.3464,water,,soundbible,water
wav_files/soundbible_tearing-into-flesh_d074dd9c8b.wav,,3.4011,tear,,soundbible,tear
wav_files/soundbible_metronome_0300259d41.wav,,5.0,timekeeping device,,soundbible,timekeeping device
wav_files/soundbible_drop-sword_d74a87955d.wav,,1.1136,sword,,soundbible,sword
wav_files/soundbible_american-robin_03aef62d67.wav,,3.4322,bird,,soundbible,bird
wav_files/soundbible_distant-thunder_b87cf6fcff.wav,,10.0,barrage,,soundbible,barrage
wav_files/soundbible_metal-metronome_a9bf7e30b8.wav,,5.0,timekeeping device,,soundbible,timekeeping device
wav_files/soundbible_suspense_a564bd0b4e.wav,,3.4419,suspense,,soundbible,suspense
wav_files/soundbible_door-close_ee2f2d73e2.wav,,2.0,close,,soundbible,close
wav_files/soundbible_eat-chips_e4cb4285af.wav,,2.8075,chips,,soundbible,chips
wav_files/soundbible_crackle_f387426e1c.wav,,5.6786,crackle,,soundbible,crackle
wav_files/soundbible_cave-in-sound_a1d5d58ffc.wav,,10.0,rock,,soundbible,rock
wav_files/soundbible_obama-speech-liar_5cfe27b6cd.wav,,10.0,Joe Wilson,,soundbible,Joe Wilson
wav_files/soundbible_rustle_314f2d825e.wav,,2.6603,crackle,,soundbible,crackle
wav_files/soundbible_alder-flycatcher_d174093fc7.wav,,4.1397,bird,,soundbible,bird
wav_files/soundbible_sickness_f55d5b9725.wav,,2.2585,ailing,,soundbible,ailing
wav_files/soundbible_cicada_0b46e2828e.wav,,10.0,cricket noise,,soundbible,cricket noise
wav_files/soundbible_kazoo_65e6e52b11.wav,,7.7224,kazoo,,soundbible,kazoo
wav_files/soundbible_button-click_7d88df7f3d.wav,,2.0,Lilliputian,,soundbible,Lilliputian
wav_files/soundbible_rain-and-thunder-strikes_099286e524.wav,,10.0,barrage,,soundbible,barrage
wav_files/soundbible_banging-radiator_1c0d3a331f.wav,,5.9628,bang,,soundbible,bang
wav_files/soundbible_rock-slide_fd755ea325.wav,,10.0,rock,,soundbible,rock
wav_files/soundbible_footsteps_14576ce8c5.wav,,6.5374,eerie,,soundbible,eerie
wav_files/soundbible_boat_07f2fcd7ec.wav,,3.7537,boat,,soundbible,boat
wav_files/soundbible_avalanche_c3a21ba0f5.wav,,6.1191,avalanche,,soundbible,avalanche
wav_files/soundbible_alder-flycatcher_2ce3fd0c93.wav,,4.5,bird,,soundbible,bird
wav_files/soundbible_avalanche_e0322c6d2a.wav,,6.2,avalanche,,soundbible,avalanche
wav_files/soundbible_surgery_31aa0ec871.wav,,8.9634,stab,,soundbible,stab
wav_files/soundbible_growl_52bf1b5e52.wav,,10.0,angry,,soundbible,angry
wav_files/soundbible_suspense_ae90c8dec4.wav,,3.4419,suspense,,soundbible,suspense
wav_files/soundbible_american-robin_71128dc57e.wav,,3.4665,bird,,soundbible,bird
wav_files/soundbible_clarks-nutcracker-bird_6bf63f282e.wav,,2.8298,bird,,soundbible,bird
wav_files/soundbible_sickness_811a117b8d.wav,,2.3976,ailing,,soundbible,ailing
wav_files/soundbible_noise_9d5abfb6ca.wav,,2.9688,hum,,soundbible,hum
wav_files/soundbible_vehicle-alarm_008730a19b.wav,,9.9266,alarm,,soundbible,alarm
wav_files/soundbible_distant-thunder-and-light-rain_5688e8e9a8.wav,,10.0,barrage,,soundbible,barrage
wav_files/soundbible_kazoo_c0c5ebee97.wav,,7.9226,kazoo,,soundbible,kazoo
wav_files/soundbible_brushing-wood_b2ebf76021.wav,,4.7391,brush,,soundbible,brush
wav_files/soundbible_heart-rate-monitor-flatline_858adb2a81.wav,,10.0,beep,,soundbible,beep
wav_files/soundbible_clarks-nutcracker-bird_ff59e0ed5a.wav,,2.8364,bird,,soundbible,bird
wav_files/soundbible_male-laugh-short_770c51ff3c.wav,,2.0,lol,,soundbible,lol
wav_files/soundbible_martian-scanner_c22a949e7b.wav,,7.6676,mars,,soundbible,mars
wav_files/soundbible_nightime_2b621a0477.wav,,10.0,after dark,,soundbible,after dark
wav_files/soundbible_close-door_af4d3850e3.wav,,2.0,close,,soundbible,close
wav_files/soundbible_boat_526e63bee5.wav,,3.8,boat,,soundbible,boat
wav_files/soundbible_door-squeak_148c2f724d.wav,,5.6465,door,,soundbible,door
wav_files/soundbible_rain-ending_8c7a18ad8d.wav,,6.1684,cat-and-dog weather,,soundbible,cat-and-dog weather
wav_files/soundbible_walking-away_147e6dd63a.wav,,9.5744,walk,,soundbible,walk
wav_files/soundbible_chicken_f68cb190cc.wav,,5.1978,chicken,,soundbible,chicken
wav_files/soundbible_monsoon_429a71e21b.wav,,10.0,hurricane,,soundbible,hurricane
wav_files/soundbible_vehicle-alarm_cbd2556285.wav,,9.9266,alarm,,soundbible,alarm
wav_files/soundbible_bear-and-ber-cubs_a3704f60b2.wav,,6.2172,bear,,soundbible,bear
wav_files/soundbible_noise_368614b403.wav,,2.9688,hum,,soundbible,hum
wav_files/soundbible_kettle_7a0593d92f.wav,,5.0504,cafe,,soundbible,cafe
wav_files/soundbible_i-love-daddy_07e3a02cb0.wav,,1.6368,kid,,soundbible,kid
wav_files/soundbible_brushing-wood_a5f3e5d57a.wav,,4.9029,brush,,soundbible,brush
wav_files/soundbible_close-door_8048d4a78a.wav,,1.6585,close,,soundbible,close
wav_files/soundbible_kids-laughing_73e5909824.wav,,10.0,laugh,,soundbible,laugh
wav_files/soundbible_slam-fork-down_1dadb85fc0.wav,,2.0969,slam,,soundbible,slam
wav_files/soundbible_sea-waves_d68c4b3157.wav,,10.0,sea,,soundbible,sea
wav_files/soundbible_anhinga-bird_6972fbf878.wav,,10.0,anhinga bird,,soundbible,anhinga bird
wav_files/soundbible_martian-scanner_4a96ea85f4.wav,,7.9736,mars,,soundbible,mars
wav_files/soundbible_cartoon-point_4f46ce2e36.wav,,2.0,point,,soundbible,point
wav_files/soundbible_hiccup_7e0f1fe3ea.wav,,2.0,hiccup,,soundbible,hiccup
wav_files/soundbible_bear-and-ber-cubs_2d71e01be4.wav,,6.2172,bear,,soundbible,bear
wav_files/soundbible_hiccup_be44d3e55d.wav,,1.2672,hiccup,,soundbible,hiccup
wav_files/soundbible_door-squeak_ef670d3fae.wav,,5.6719,door,,soundbible,door
wav_files/soundbible_swords-clashing_3ff409a5b1.wav,,2.0,bayonet,,soundbible,bayonet
wav_files/soundbible_straw-slurp_d6016e8313.wav,,5.5898,drink,,soundbible,drink
wav_files/soundbible_angry-pirate_d57fd5d830.wav,,2.4066,angry,,soundbible,angry
wav_files/soundbible_chicken_b1e62df4f2.wav,,5.266,chicken,,soundbible,chicken
wav_files/soundbible_straw-slurp-normal_2034b8c467.wav,,3.6527,drink,,soundbible,drink
wav_files/soundbible_angry-pirate_6635878e02.wav,,2.4376,angry,,soundbible,angry
wav_files/soundbible_groan-and-grunt_91da441da5.wav,,3.7727,cry,,soundbible,cry
wav_files/soundbible_cough_06228fb27a.wav,,1.5264,clinic,,soundbible,clinic
wav_files/soundbible_perfect-thunder-storm_2800f09b3f.wav,,10.0,barrage,,soundbible,barrage
wav_files/soundbible_billy-goat-bleat_37ff577a22.wav,,2.4972,billy goat,,soundbible,billy goat
wav_files/soundbible_fulmar-bird_ce3320af86.wav,,10.0,fulmar,,soundbible,fulmar
wav_files/soundbible_swords-clashing_5e4810aaeb.wav,,2.3993,bayonet,,soundbible,bayonet
wav_files/soundbible_distant-thunder_2ad9af9244.wav,,10.0,barrage,,soundbible,barrage
wav_files/soundbible_quick-fart_0f694b8cc4.wav,,2.0,fart,,soundbible,fart
wav_files/soundbible_fax-machine_51ab4a9fa2.wav,,10.0,copy,,soundbible,copy
wav_files/soundbible_ahhh-pleasantly-surprised_2260b6bdbf.wav,,2.0,happy,,soundbible,happy
wav_files/soundbible_moaning-moan_b832831e14.wav,,2.0,moan,,soundbible,moan
wav_files/soundbible_walking-away_4098fbc0a8.wav,,10.0,walk,,soundbible,walk
wav_files/soundbible_typewriter-and-bell_1608b18dda.wav,,10.0,news,,soundbible,news
wav_files/soundbible_high-pitch-dog-whistle_f7c9b4c596.wav,,10.0,dog whistle,,soundbible,dog whistle
wav_files/soundbible_car-door-close_752a545fd3.wav,,2.0,car,,soundbible,car
wav_files/soundbible_straw-slurp_ecd21bdf37.wav,,5.6749,drink,,soundbible,drink
wav_files/soundbible_blood-squirting_4836cdf6a5.wav,,2.2116,decapitated,,soundbible,decapitated
wav_files/soundbible_fulmar_ba54852036.wav,,10.0,fulmar,,soundbible,fulmar
wav_files/soundbible_suction_23f203f9f3.wav,,2.0,drink,,soundbible,drink
wav_files/soundbible_heart-rate-monitor-flatline_e6eaace4b1.wav,,10.0,beep,,soundbible,beep
wav_files/soundbible_ahhh-pleasantly-surprised_caa997300a.wav,,1.5442,happy,,soundbible,happy
wav_files/soundbible_kettle_e15384c952.wav,,5.0504,cafe,,soundbible,cafe
wav_files/soundbible_moaning-moan_a9b8782443.wav,,1.3584,moan,,soundbible,moan
wav_files/soundbible_gagging_fc034b37b7.wav,,2.7809,cough,,soundbible,cough
wav_files/soundbible_car-door-close_615673a5b8.wav,,1.2736,car,,soundbible,car
wav_files/soundbible_groan-and-grunt_86a2bdadda.wav,,3.7727,cry,,soundbible,cry
wav_files/soundbible_belch_7c98f16914.wav,,2.0,burp,,soundbible,burp
wav_files/soundbible_hello-baby-girl_fde4059aa3.wav,,2.0,kid,,soundbible,kid
wav_files/soundbible_laugh-to-self_30be6cb671.wav,,2.0,lol,,soundbible,lol
wav_files/soundbible_censor-beep_a317462720.wav,,2.0,censor beep,,soundbible,censor beep
wav_files/soundbible_straw-slurp-3_28a44aad12.wav,,5.1904,drink,,soundbible,drink
wav_files/soundbible_evil-laugh_4463fa98fc.wav,,2.0,evil,,soundbible,evil
wav_files/soundbible_blood-squirting_715c343a7c.wav,,2.6081,decapitated,,soundbible,decapitated
wav_files/soundbible_intruder-alert_627a0324e7.wav,,8.6084,intruder alert,,soundbible,intruder alert
wav_files/soundbible_aww_7d2f8aa011.wav,,2.0,adorable,,soundbible,adorable
wav_files/soundbible_pen-clicking_df912c4fab.wav,,2.0,Lilliputian,,soundbible,Lilliputian
wav_files/soundbible_woman-blowing-nose_7fb3189529.wav,,2.0,ailing,,soundbible,ailing
wav_files/soundbible_anhinga_ef25399a88.wav,,10.0,anhinga,,soundbible,anhinga
wav_files/soundbible_oopsy-daisy-fart_c6320bb707.wav,,2.6049,fart,,soundbible,fart
wav_files/soundbible_car-door-locking_3ece81a7cc.wav,,2.0,lock,,soundbible,lock
wav_files/soundbible_gagging_e12a574c1d.wav,,3.024,cough,,soundbible,cough
wav_files/soundbible_aww_1320ff1600.wav,,1.4904,adorable,,soundbible,adorable
wav_files/soundbible_door-unlock_9a03ceff5b.wav,,2.0,car,,soundbible,car
wav_files/soundbible_distant-thunder-and-light-rain_da6db7fff7.wav,,10.0,barrage,,soundbible,barrage
wav_files/soundbible_laugh-to-self_fc7cc7450a.wav,,1.3879,lol,,soundbible,lol
wav_files/soundbible_evil-laugh_a1ee84ff6b.wav,,1.7506,evil,,soundbible,evil
wav_files/soundbible_suction_1c76df21d2.wav,,1.5661,drink,,soundbible,drink
wav_files/soundbible_groan_c15d9aaaa5.wav,,2.7072,cry,,soundbible,cry
wav_files/soundbible_goodbye_066ec1bbcb.wav,,2.0,kid,,soundbible,kid
wav_files/soundbible_blood-splattering-on-wall_7c1045cede.wav,,1.0849,blood,,soundbible,blood
wav_files/soundbible_typewriter-and-bell_4131cf2f1e.wav,,10.0,news,,soundbible,news
wav_files/soundbible_cicada_909158b0d1.wav,,10.0,cricket noise,,soundbible,cricket noise
wav_files/soundbible_time-up-kids-voice_3d3001854a.wav,,2.0,kid,,soundbible,kid
wav_files/soundbible_door-unlock_063be9c421.wav,,1.2423,car,,soundbible,car
wav_files/soundbible_pat-on-the-back_8ce54b2a9e.wav,,2.0,bear hug,,soundbible,bear hug
wav_files/soundbible_straw-slurp-normal_016a9aadb7.wav,,3.6688,drink,,soundbible,drink
wav_files/soundbible_typewriter_b23720b92d.wav,,7.1838,news,,soundbible,news
wav_files/soundbible_growl_d9ac5cb8ec.wav,,10.0,angry,,soundbible,angry
wav_files/soundbible_hello-baby-girl_b0ea924cd7.wav,,1.3479,kid,,soundbible,kid
wav_files/soundbible_groan_f8c03977a2.wav,,2.7072,cry,,soundbible,cry
wav_files/soundbible_fax-machine_32c4f1d02f.wav,,10.0,copy,,soundbible,copy
wav_files/soundbible_grocery-scanning_b3ead929b2.wav,,3.6248,boutique,,soundbible,boutique
wav_files/soundbible_checkout-scanner-beep_7fe2203655.wav,,2.0,boutique,,soundbible,boutique
wav_files/soundbible_bleat_177e82cd4d.wav,,2.0,billy goat,,soundbible,billy goat
wav_files/soundbible_pat-on-the-back_07afa17843.wav,,1.0566,bear hug,,soundbible,bear hug
wav_files/soundbible_emergency-flashers_02dbf7fbaa.wav,,7.4277,emergency lights,,soundbible,emergency lights
wav_files/soundbible_time-up-kids-voice_51c50372af.wav,,1.6368,kid,,soundbible,kid
wav_files/soundbible_bleat_52c8d17096.wav,,1.6404,billy goat,,soundbible,billy goat
wav_files/soundbible_gear-shift-into-park_04e559850b.wav,,2.0,park,,soundbible,park
wav_files/soundbible_blood-splatters_7e72fcd367.wav,,1.2174,blood,,soundbible,blood
wav_files/soundbible_electric-windows-roll-down_9216418b8a.wav,,3.7371,car,,soundbible,car
wav_files/soundbible_oh-understanding_9ef5700ecf.wav,,2.0,oh,,soundbible,oh
wav_files/soundbible_dolphins_ca53531307.wav,,10.0,dolphin,,soundbible,dolphin
wav_files/soundbible_keys-in-ignition_ab8ecf3088.wav,,2.0,car,,soundbible,car
wav_files/soundbible_crying_60315303eb.wav,,6.1191,sad,,soundbible,sad
wav_files/soundbible_long-suction_d831d965b0.wav,,4.3442,air leak,,soundbible,air leak
wav_files/soundbible_dying_5b19d820b2.wav,,2.0,at deaths door,,soundbible,at deaths door
wav_files/soundbible_woman-blowing-nose_ca757c123b.wav,,1.7648,ailing,,soundbible,ailing
wav_files/soundbible_super-growl_48448d4212.wav,,10.0,angry,,soundbible,angry
wav_files/soundbible_wet-fart_aa5cd7c2b0.wav,,2.0,fart,,soundbible,fart
wav_files/soundbible_gear-shift-into-park_392653e0d6.wav,,1.3505,park,,soundbible,park
wav_files/soundbible_rock-slide_bf528f39db.wav,,10.0,rock,,soundbible,rock
wav_files/soundbible_straw-slurp-3_7fbd0485f1.wav,,5.1798,drink,,soundbible,drink
wav_files/soundbible_sad_4b836abf28.wav,,4.0617,human,,soundbible,human
wav_files/soundbible_i-love-you-baby-talk_646c08bc82.wav,,2.0,adorable,,soundbible,adorable
wav_files/soundbible_oopsy-daisy-fart_8e9540bacd.wav,,2.6089,fart,,soundbible,fart
wav_files/soundbible_drive-by-farting_cc0949ba6c.wav,,2.0,fart,,soundbible,fart
wav_files/soundbible_10-count_28b27d1f76.wav,,10.0,coach,,soundbible,coach
wav_files/soundbible_electric-windows-roll-up_174a972c15.wav,,3.3205,car,,soundbible,car
wav_files/soundbible_wet-fart_96ab5b58ff.wav,,1.0566,fart,,soundbible,fart
wav_files/soundbible_typewriter_c8987c8756.wav,,7.4787,news,,soundbible,news
wav_files/soundbible_glove-box-close_18b137defd.wav,,2.0,glove compartment,,soundbible,glove compartment
wav_files/soundbible_suck-up_ddb1337565.wav,,2.0,drink,,soundbible,drink
wav_files/soundbible_exhale_60b3337ae8.wav,,2.9494,sigh,,soundbible,sigh
wav_files/soundbible_electric-windows-roll-down_aba64f6400.wav,,3.7371,car,,soundbible,car
wav_files/soundbible_engine-rev-inside-car_d64dcbd7ea.wav,,2.9125,engine,,soundbible,engine
wav_files/soundbible_drive-by-farting_e1747101d3.wav,,1.3712,fart,,soundbible,fart
wav_files/soundbible_grocery-scanning_7c93fb0df4.wav,,4.2752,boutique,,soundbible,boutique
wav_files/soundbible_intruder-alert_d4e2cc3d3d.wav,,8.5724,intruder alert,,soundbible,intruder alert
wav_files/soundbible_anhinga-bird_5917dfca15.wav,,10.0,anhinga bird,,soundbible,anhinga bird
wav_files/soundbible_oh-understanding_dd8dac3d33.wav,,1.6416,oh,,soundbible,oh
wav_files/soundbible_orca_14ea312b56.wav,,10.0,orca,,soundbible,orca
wav_files/soundbible_dying_e307bfdad4.wav,,1.7996,at deaths door,,soundbible,at deaths door
wav_files/soundbible_snorting_951eabd923.wav,,2.0,pig,,soundbible,pig
wav_files/soundbible_i-love-you-baby-talk_c7d4dd904d.wav,,1.3359,adorable,,soundbible,adorable
wav_files/soundbible_oh_fe4407206b.wav,,2.0,oh,,soundbible,oh
wav_files/soundbible_giant-angry_c23d6f2818.wav,,2.8615,angry,,soundbible,angry
wav_files/soundbible_hoot-owl_fec7dd9973.wav,,2.2316,animal,,soundbible,animal
wav_files/soundbible_suck-up_d65ca30102.wav,,1.1612,drink,,soundbible,drink
wav_files/soundbible_electric-windows-roll-up_36bb056d48.wav,,3.3205,car,,soundbible,car
wav_files/soundbible_fart-noises_6c4e1d8140.wav,,2.8324,fart noises,,soundbible,fart noises
wav_files/soundbible_giggle_983107fd1f.wav,,2.0,amusement,,soundbible,amusement
wav_files/soundbible_snorting_f8848a3ab0.wav,,1.0556,pig,,soundbible,pig
wav_files/soundbible_emergency-flashers_af1229cbb6.wav,,7.4277,emergency lights,,soundbible,emergency lights
wav_files/soundbible_fart_0e2742cc32.wav,,2.6049,fart,,soundbible,fart
wav_files/soundbible_cartoon-walking_3dd31bd71d.wav,,2.0,point,,soundbible,point
wav_files/soundbible_whistling-person_404d68a4e3.wav,,5.2544,work,,soundbible,work
wav_files/soundbible_exhale_0f3c24ab53.wav,,3.168,sigh,,soundbible,sigh
wav_files/soundbible_sun-roof-close_da47c664ae.wav,,5.5386,sun roof,,soundbible,sun roof
wav_files/soundbible_engine-rev-inside-car_beb7b6d66a.wav,,3.1737,engine,,soundbible,engine
wav_files/soundbible_glove-box-open_0577094971.wav,,2.0,glove compartment,,soundbible,glove compartment
wav_files/soundbible_times-up-2_1ed6a0fa87.wav,,2.0,kid,,soundbible,kid
wav_files/soundbible_10-count_bb2fa5d7a8.wav,,10.0,coach,,soundbible,coach
wav_files/soundbible_sad_3da4ba47e1.wav,,4.0617,human,,soundbible,human
wav_files/soundbible_click_6aea2b964d.wav,,2.0,bang,,soundbible,bang
wav_files/soundbible_glove-box-close_4fc3fe3235.wav,,1.4281,glove compartment,,soundbible,glove compartment
wav_files/soundbible_long-suction_71a275ab92.wav,,4.3537,air leak,,soundbible,air leak
wav_files/soundbible_cartoon-walking_6fa6c28cb5.wav,,1.2188,point,,soundbible,point
wav_files/soundbible_sea-waves_245bf20ccf.wav,,10.0,sea,,soundbible,sea
wav_files/soundbible_oh_41705509e8.wav,,2.16,oh,,soundbible,oh
wav_files/soundbible_giant-angry_68fd089384.wav,,2.8388,angry,,soundbible,angry
wav_files/soundbible_car-door-open-and-alarm_f2285bd3da.wav,,4.0119,alarm,,soundbible,alarm
wav_files/soundbible_string-cheese-fart_87695ed81b.wav,,2.6089,fart,,soundbible,fart
wav_files/soundbible_shush_d13de0387e.wav,,2.0,shush,,soundbible,shush
wav_files/soundbible_fart-noises_fd901b16c8.wav,,3.4311,fart noises,,soundbible,fart noises
wav_files/soundbible_smack-lips_573c18d593.wav,,3.2121,lips,,soundbible,lips
wav_files/soundbible_joke-sting_dca4e0bbd5.wav,,2.0,rimshot,,soundbible,rimshot
wav_files/soundbible_times-up-2_9d59aad8e4.wav,,1.3359,kid,,soundbible,kid
wav_files/soundbible_clearing-throat-male_173e2114c7.wav,,2.0,clear throat,,soundbible,clear throat
wav_files/soundbible_blowing-nose_0584631378.wav,,2.0,ailing,,soundbible,ailing
wav_files/soundbible_fart_87cb25ac0e.wav,,2.6089,fart,,soundbible,fart
wav_files/soundbible_super-growl_9ff827dcd5.wav,,10.0,angry,,soundbible,angry
wav_files/soundbible_glove-box-open_3a51e948f3.wav,,1.0914,glove compartment,,soundbible,glove compartment
wav_files/soundbible_button_f423bcca25.wav,,2.0,xp,,soundbible,xp
wav_files/soundbible_clearing-throat-male_d51a15d482.wav,,1.1088,clear throat,,soundbible,clear throat
wav_files/soundbible_sigh_57dce8f675.wav,,2.9478,sigh,,soundbible,sigh
wav_files/soundbible_shush-short_36eceddc91.wav,,2.0,shush,,soundbible,shush
wav_files/soundbible_joke-sting_fc2cdff589.wav,,1.0413,rimshot,,soundbible,rimshot
wav_files/soundbible_gag_a9c6bede84.wav,,1.1726,cough,,soundbible,cough
wav_files/soundbible_hello_d5d98e66dc.wav,,2.0,hello,,soundbible,hello
wav_files/soundbible_shush_d14e7ad1a5.wav,,1.5209,shush,,soundbible,shush
wav_files/soundbible_sun-roof-open_00c7a25c5b.wav,,6.3275,sun roof,,soundbible,sun roof
wav_files/soundbible_whistle-get-attention_f2e7def2b8.wav,,2.0,whistle,,soundbible,whistle
wav_files/soundbible_monster-growl_52eaa5404c.wav,,3.9409,growl,,soundbible,growl
wav_files/soundbible_chuckle_da7cbc790e.wav,,2.0,cackle,,soundbible,cackle
wav_files/soundbible_whimper_bc3a592933.wav,,4.2624,snivel,,soundbible,snivel
wav_files/soundbible_hiccuping_9a553bd3c9.wav,,2.0,hiccup,,soundbible,hiccup
wav_files/soundbible_breathing_fa84f47ce0.wav,,10.0,draw in,,soundbible,draw in
wav_files/soundbible_whistle-get-attention_f7726532fd.wav,,1.3536,whistle,,soundbible,whistle
wav_files/soundbible_whine_4b33ff7122.wav,,3.1928,snivel,,soundbible,snivel
wav_files/soundbible_hello_9ae9e2b1e0.wav,,1.3104,hello,,soundbible,hello
wav_files/soundbible_bomb_1a7b4a7447.wav,,9.022,blast,,soundbible,blast
wav_files/soundbible_blowing-nose_51409f9ebd.wav,,1.836,ailing,,soundbible,ailing
wav_files/soundbible_whistling-person_ede1626cee.wav,,5.3856,work,,soundbible,work
wav_files/soundbible_count-of-three_034858bc0e.wav,,3.1212,count,,soundbible,count
wav_files/soundbible_switch_fecfa3c855.wav,,2.0,xp,,soundbible,xp
wav_files/soundbible_spooky_a72ed40273.wav,,4.6137,chilling,,soundbible,chilling
wav_files/soundbible_chuckle_a3764d3846.wav,,1.4164,cackle,,soundbible,cackle
wav_files/soundbible_toggle_b4e00973d7.wav,,2.0,xp,,soundbible,xp
wav_files/soundbible_slow-breathing_71d038b66b.wav,,10.0,draw in,,soundbible,draw in
wav_files/soundbible_sigh_ff79274887.wav,,3.1021,sigh,,soundbible,sigh
wav_files/soundbible_sci-fi-robot_32481e6ab8.wav,,2.0,android,,soundbible,android
wav_files/soundbible_whistling_b3886d6d91.wav,,3.312,work,,soundbible,work
wav_files/soundbible_bull_3260ae6201.wav,,2.1732,bull,,soundbible,bull
wav_files/soundbible_nose-blowing_47e823afb6.wav,,2.0,ailing,,soundbible,ailing
wav_files/soundbible_burnout_653342dbd4.wav,,4.8839,split,,soundbible,split
wav_files/soundbible_flesh-tearing_eb23c13e61.wav,,2.0,breach,,soundbible,breach
wav_files/soundbible_sun-roof-close_769c8d8bc0.wav,,5.8593,sun roof,,soundbible,sun roof
wav_files/soundbible_car-door-open-and-alarm_da3e492e86.wav,,4.0119,alarm,,soundbible,alarm
wav_files/soundbible_sword-strike-and-clash_3aa1e06142.wav,,2.0,bayonet,,soundbible,bayonet
wav_files/soundbible_baseball-bat-swing_5c2bed70cb.wav,,2.0,avert,,soundbible,avert
wav_files/soundbible_pitch-baseball_70bd0dbfc5.wav,,2.0,sling,,soundbible,sling
wav_files/soundbible_fulmar_eecacd0ac7.wav,,10.0,fulmar,,soundbible,fulmar
wav_files/soundbible_burnout_61a34ab5bd.wav,,4.8817,split,,soundbible,split
wav_files/soundbible_rain-and-thunder-strikes_3822b1c23d.wav,,10.0,barrage,,soundbible,barrage
wav_files/soundbible_nose-blowing_b0acade949.wav,,1.3777,ailing,,soundbible,ailing
wav_files/soundbible_whine_c6dcc1a8ba.wav,,3.483,snivel,,soundbible,snivel
wav_files/soundbible_finger-breaking_e8442e851f.wav,,2.0,breach,,soundbible,breach
wav_files/soundbible_tap-dancing_4b48781ee2.wav,,3.7112,tap dance,,soundbible,tap dance
wav_files/soundbible_police-chase_a0e1128489.wav,,2.9133,chase,,soundbible,chase
wav_files/soundbible_police-chase_1cce963796.wav,,2.9146,chase,,soundbible,chase
wav_files/soundbible_boomerang-toss_94ca0a9657.wav,,4.5342,backlash,,soundbible,backlash
wav_files/soundbible_drill-press_4e8cc4ff21.wav,,5.9069,auger,,soundbible,auger
wav_files/soundbible_engine-inside-car_0732ab338a.wav,,5.5562,engine,,soundbible,engine
wav_files/soundbible_fishing-boat-start_3d0ae4dba2.wav,,10.0,ark,,soundbible,ark
wav_files/soundbible_bull_abd2b005dd.wav,,2.1899,bull,,soundbible,bull
wav_files/soundbible_drill-press_506b306f78.wav,,5.9042,auger,,soundbible,auger
wav_files/soundbible_ocean-liner-whistle_23a76d4031.wav,,8.101,very large ship,,soundbible,very large ship
wav_files/soundbible_start-your-engines_573e885ec8.wav,,3.7193,boil,,soundbible,boil
wav_files/soundbible_fire-truck-pass-by_d0c3ffd314.wav,,2.5585,rescue,,soundbible,rescue
wav_files/soundbible_police-motorcycle_3dc1d20647.wav,,7.2964,badge,,soundbible,badge
wav_files/soundbible_humpback-whale_77a6c38ec9.wav,,10.0,water,,soundbible,water
wav_files/soundbible_start-your-engines_cc7d4f1bdc.wav,,3.721,boil,,soundbible,boil
wav_files/soundbible_flesh-tearing_0b9e14950f.wav,,1.612,breach,,soundbible,breach
wav_files/soundbible_ocean-liner-whistle_0390390074.wav,,8.1341,very large ship,,soundbible,very large ship
wav_files/soundbible_police-motorcycle_1a8dc8fa85.wav,,7.2997,badge,,soundbible,badge
wav_files/soundbible_pig_4768bad438.wav,,5.6136,pig,,soundbible,pig
wav_files/soundbible_count-of-three_195fbafd32.wav,,3.1463,count,,soundbible,count
wav_files/soundbible_sci-fi-robot_5c03741ed0.wav,,5.0,android,,soundbible,android
wav_files/soundbible_motorcycle-roaring_9985783c46.wav,,6.5012,motorcycle,,soundbible,motorcycle
wav_files/soundbible_fire-truck-pass-by_de8da76904.wav,,2.5585,rescue,,soundbible,rescue
wav_files/soundbible_horse-race_1adec859e6.wav,,10.0,Bet,,soundbible,Bet
wav_files/soundbible_tap-dancing_38496c730b.wav,,3.7112,tap dance,,soundbible,tap dance
wav_files/soundbible_motorcycle-roaring_97e2a7c2de.wav,,6.4982,motorcycle,,soundbible,motorcycle
wav_files/soundbible_at-the-buzer_6c7430acac.wav,,4.2148,at the buzzer,,soundbible,at the buzzer
wav_files/soundbible_dirt-bikes-racing_fb0355ab19.wav,,9.3923,bike,,soundbible,bike
wav_files/soundbible_basketball-game_31e386f1b6.wav,,8.8549,ball,,soundbible,ball
wav_files/soundbible_fishing-boat-start_8e2badbea0.wav,,10.0,ark,,soundbible,ark
wav_files/soundbible_shift-gears_89d0b8bd34.wav,,9.7066,car,,soundbible,car
wav_files/soundbible_at-the-buzer_17b89e3ba9.wav,,4.2128,at the buzzer,,soundbible,at the buzzer
wav_files/soundbible_shift-gears_768464e7e9.wav,,9.7022,car,,soundbible,car
wav_files/soundbible_spooky_4475805f9c.wav,,4.9227,chilling,,soundbible,chilling
wav_files/soundbible_race-car-idle_52b17f8f97.wav,,10.0,car engine revving,,soundbible,car engine revving
wav_files/soundbible_glass-pack-muffler_fd3a7bf381.wav,,5.9388,damper,,soundbible,damper
wav_files/soundbible_m1-garand-rifle_de37490f50.wav,,5.3899,musket,,soundbible,musket
wav_files/soundbible_falling-off_194161c63d.wav,,4.0843,scream,,soundbible,scream
wav_files/soundbible_pig_ec0cf4174d.wav,,5.9774,pig,,soundbible,pig
wav_files/soundbible_m1-garand-rifle_b3a4e74697.wav,,5.373,musket,,soundbible,musket
wav_files/soundbible_out-of-control_0187d08d26.wav,,4.2197,crash,,soundbible,crash
wav_files/soundbible_punch_5b02ec6dae.wav,,2.0,mma,,soundbible,mma
wav_files/soundbible_horn-blast_b6c436d89e.wav,,5.1986,aquatic,,soundbible,aquatic
wav_files/soundbible_dirt-bikes-racing_b8fb4bb471.wav,,9.3966,bike,,soundbible,bike
wav_files/soundbible_race-car-idle_b4ad0b7347.wav,,10.0,car engine revving,,soundbible,car engine revving
wav_files/soundbible_tugboat-whistle_8d5e09fb08.wav,,7.8562,blare,,soundbible,blare
wav_files/soundbible_radio-tune_792910f8bd.wav,,6.5756,receiver,,soundbible,receiver
wav_files/soundbible_skidding_033bfed469.wav,,7.1074,cartoon,,soundbible,cartoon
wav_files/soundbible_crying_8e0bc0921b.wav,,6.918,sad,,soundbible,sad
wav_files/soundbible_strike-lighter_fbb1da7017.wav,,2.0,lighter,,soundbible,lighter
wav_files/soundbible_drum-roll_1dc2b12a6d.wav,,2.0,drum,,soundbible,drum
wav_files/soundbible_radio-tune_d73b61fb00.wav,,6.5976,receiver,,soundbible,receiver
wav_files/soundbible_full-throttle_9cc42ee40e.wav,,5.6753,flat out,,soundbible,flat out
wav_files/soundbible_tugboat-whistle_775334727e.wav,,7.8896,blare,,soundbible,blare
wav_files/soundbible_dropped-wooden-floor_d1a689dfe2.wav,,2.0,impact,,soundbible,impact
wav_files/soundbible_drum-roll_993c81b4c8.wav,,1.7308,drum,,soundbible,drum
wav_files/soundbible_bomb_3dfbd29759.wav,,10.0,blast,,soundbible,blast
wav_files/soundbible_boomerang-toss_7105fbfe7b.wav,,4.5515,backlash,,soundbible,backlash
wav_files/soundbible_basketball-game_35c9c6ec1b.wav,,8.8508,ball,,soundbible,ball
wav_files/soundbible_fire-crackers_3734cc08a7.wav,,2.1138,pyrotechnics,,soundbible,pyrotechnics
wav_files/soundbible_crowding-cheering-charge_9faa1b3b7e.wav,,10.0,crowd,,soundbible,crowd
wav_files/soundbible_horn-blast_da13c03556.wav,,5.201,aquatic,,soundbible,aquatic
wav_files/soundbible_fireworks-and-crowd_ddbd523ca9.wav,,5.3649,ammunition,,soundbible,ammunition
wav_files/soundbible_bottle-rocket_86594ab900.wav,,2.1686,pyrotechnics,,soundbible,pyrotechnics
wav_files/soundbible_huge-crowd-3_4c6c0944cb.wav,,6.8623,army,,soundbible,army
wav_files/soundbible_wild-child_75ccb0a8a0.wav,,4.1722,child,,soundbible,child
wav_files/soundbible_swoosh-3_d4a3cf05cc.wav,,2.0,whirl,,soundbible,whirl
wav_files/soundbible_skidding_b38f6e8264.wav,,7.1042,cartoon,,soundbible,cartoon
wav_files/soundbible_strike-lighter_4c266c96a8.wav,,1.3885,lighter,,soundbible,lighter
wav_files/soundbible_pouring-drink_fc88036fd5.wav,,10.0,flooding,,soundbible,flooding
wav_files/soundbible_yes_c864d2b048.wav,,2.0,affirmative,,soundbible,affirmative
wav_files/soundbible_fire-crackers_9c85e09440.wav,,2.1883,pyrotechnics,,soundbible,pyrotechnics
wav_files/soundbible_lawn-mower-fart_ab3d6c1135.wav,,2.0,fart,,soundbible,fart
wav_files/soundbible_beep-2_21fc517787.wav,,2.0,bell sound,,soundbible,bell sound
wav_files/soundbible_cat-purring_f609b26e8c.wav,,9.9835,cougar,,soundbible,cougar
wav_files/soundbible_screaming_3efae4d599.wav,,2.0,scream,,soundbible,scream
wav_files/soundbible_yes_86ea822181.wav,,1.1812,affirmative,,soundbible,affirmative
wav_files/soundbible_fulmar-bird_073966e809.wav,,10.0,fulmar,,soundbible,fulmar
wav_files/soundbible_lawn-mower-fart_7d0aa7b8a9.wav,,1.4048,fart,,soundbible,fart
wav_files/soundbible_transfer-truck-idle-and-drive_6dea836680.wav,,10.0,truck,,soundbible,truck
wav_files/soundbible_beep_5621ce191f.wav,,2.0,bell sound,,soundbible,bell sound
wav_files/soundbible_dropped-wooden-floor_bfeb220705.wav,,1.3352,impact,,soundbible,impact
wav_files/soundbible_ole-matador-2_18198ebdee.wav,,2.0,bullfighter,,soundbible,bullfighter
wav_files/soundbible_no_70686e3a6a.wav,,2.0,no,,soundbible,no
wav_files/soundbible_grenade_c843506cb3.wav,,4.5354,molotov cocktail,,soundbible,molotov cocktail
wav_files/soundbible_10-count_42eb8f7357.wav,,10.0,coach,,soundbible,coach
wav_files/soundbible_swoosh-3_0f76c38330.wav,,1.3726,whirl,,soundbible,whirl
wav_files/soundbible_beep_40573e96aa.wav,,1.4,bell sound,,soundbible,bell sound
wav_files/soundbible_bottle-rocket_bcb406beed.wav,,2.2791,pyrotechnics,,soundbible,pyrotechnics
wav_files/soundbible_mother-in-law_fe3d3c4359.wav,,2.0,nana,,soundbible,nana
wav_files/soundbible_huge-crowd-3_d1ff0d00f5.wav,,6.8703,army,,soundbible,army
wav_files/soundbible_ole-matador-2_5bf50b1de8.wav,,1.6138,bullfighter,,soundbible,bullfighter
wav_files/soundbible_screaming_84f21752f2.wav,,1.2655,scream,,soundbible,scream
wav_files/soundbible_driving-ambiance_894e687103.wav,,10.0,commute,,soundbible,commute
wav_files/soundbible_sun-roof-open_d3cd58f72a.wav,,6.3275,sun roof,,soundbible,sun roof
wav_files/soundbible_bronx-cheer_db5b8cffb6.wav,,2.0,fart,,soundbible,fart
wav_files/soundbible_laugh-evil_a08032f98b.wav,,3.2911,halloween,,soundbible,halloween
wav_files/soundbible_crowding-cheering-charge_24dfac69f7.wav,,10.0,crowd,,soundbible,crowd
wav_files/soundbible_cartoon-voice-baritone_61b01c9166.wav,,2.0034,male,,soundbible,male
wav_files/soundbible_humpback-whale_54159c64f5.wav,,10.0,water,,soundbible,water
wav_files/soundbible_firecrackers-going-off_dd8537e091.wav,,5.8732,pyrotechnics,,soundbible,pyrotechnics
wav_files/soundbible_fireworks_7d228a96c3.wav,,5.8732,pyrotechnics,,soundbible,pyrotechnics
wav_files/soundbible_bronx-cheer_ecd25d730d.wav,,1.0797,fart,,soundbible,fart
wav_files/soundbible_cheetah_fedb690de4.wav,,5.2857,cheetah,,soundbible,cheetah
wav_files/soundbible_mother-in-law_ce46b94340.wav,,1.9737,nana,,soundbible,nana
wav_files/soundbible_trumpet-fart_9d072ea2fb.wav,,2.0,fart,,soundbible,fart
wav_files/soundbible_swoosh-1_08498d452d.wav,,2.0,whirl,,soundbible,whirl
wav_files/soundbible_fireworks-finale_6e01d9ee28.wav,,10.0,pyrotechnics,,soundbible,pyrotechnics
wav_files/soundbible_goodbye_c66fd6c5de.wav,,2.0,adieu,,soundbible,adieu
wav_files/soundbible_colt-desert-eagle_a9cdbb76a6.wav,,10.0,desert eagle,,soundbible,desert eagle
wav_files/soundbible_fireworks-and-crowd_7ffb85af3b.wav,,6.8192,ammunition,,soundbible,ammunition
wav_files/soundbible_i-am-a-robot_bd074a7c71.wav,,2.7523,automation,,soundbible,automation
wav_files/soundbible_huge-crowd-3_b278883b26.wav,,6.8623,army,,soundbible,army
wav_files/soundbible_climbing-mt-everest_ef34897843.wav,,8.1853,up,,soundbible,up
wav_files/soundbible_hello_d1863afdf9.wav,,2.0,bonjour,,soundbible,bonjour
wav_files/soundbible_squish-fart_75680b3b49.wav,,2.0,fart,,soundbible,fart
wav_files/soundbible_totally-valley-girl_72575ae6c2.wav,,2.0,valley girl,,soundbible,valley girl
wav_files/soundbible_hello_c6bbd544cc.wav,,1.0816,bonjour,,soundbible,bonjour
wav_files/soundbible_pouring-drink_2bc2b0a621.wav,,10.0,flooding,,soundbible,flooding
wav_files/soundbible_i-am-a-robot_cb2eb79a21.wav,,3.1097,automation,,soundbible,automation
wav_files/soundbible_goodbye_8af0ac5c9b.wav,,1.7933,adieu,,soundbible,adieu
wav_files/soundbible_cat-purring_cefc50f384.wav,,10.0,cougar,,soundbible,cougar
wav_files/soundbible_sliding_62491f339b.wav,,2.0,slide,,soundbible,slide
wav_files/soundbible_cat-meow_ce54854434.wav,,1.2517,bobcat,,soundbible,bobcat
wav_files/soundbible_swooshing_e83b218c2e.wav,,2.0,whirl,,soundbible,whirl
wav_files/soundbible_breathing_6035541305.wav,,10.0,draw in,,soundbible,draw in
wav_files/soundbible_fire-truck_1364ceef1b.wav,,2.4436,car,,soundbible,car
wav_files/soundbible_game-show-wheel-spin_4d199b3958.wav,,5.2214,adventure,,soundbible,adventure
wav_files/soundbible_totally-valley-girl_079408e151.wav,,1.0797,valley girl,,soundbible,valley girl
wav_files/soundbible_beating-heart_447e10705a.wav,,10.0,heart,,soundbible,heart
wav_files/soundbible_ole-banderillero-3_aabc219b81.wav,,2.0,bullfighter,,soundbible,bullfighter
wav_files/soundbible_slow-breathing_4cf20be298.wav,,10.0,draw in,,soundbible,draw in
wav_files/soundbible_sliding_d06a269c01.wav,,1.0028,slide,,soundbible,slide
wav_files/soundbible_please_7eea57c5fe.wav,,2.0,be inclined,,soundbible,be inclined
wav_files/soundbible_rigid-fart_c34e2fff70.wav,,1.5296,break wind,,soundbible,break wind
wav_files/soundbible_scream-of-joy_ca951b3af6.wav,,2.0,crowd,,soundbible,crowd
wav_files/soundbible_bye-bye_0c35b4033e.wav,,2.0,goodbye,,soundbible,goodbye
wav_files/soundbible_clear-throat_accf50669b.wav,,2.0,bark,,soundbible,bark
wav_files/soundbible_cartoon-voice-baritone_6cf994b067.wav,,2.0877,male,,soundbible,male
wav_files/soundbible_swoosh-1_ed997a3610.wav,,1.8861,whirl,,soundbible,whirl
wav_files/soundbible_shuffling-cards_fc725f0a42.wav,,3.6585,war,,soundbible,war
wav_files/soundbible_cheetah_3a859b926d.wav,,6.4713,cheetah,,soundbible,cheetah
wav_files/soundbible_booby_9e2bf3e643.wav,,2.411,gannet,,soundbible,gannet
wav_files/soundbible_climbing-mt-everest_a7a4109db5.wav,,8.4637,up,,soundbible,up
wav_files/soundbible_cards-shuffling_9454b08cdf.wav,,3.1357,war,,soundbible,war
wav_files/soundbible_scream-of-joy_baabb9c2e7.wav,,1.5428,crowd,,soundbible,crowd
wav_files/soundbible_fireworks_59a2ce4c6d.wav,,6.4139,pyrotechnics,,soundbible,pyrotechnics
wav_files/soundbible_fire-truck_3820a6a602.wav,,2.4174,car,,soundbible,car
wav_files/soundbible_please-turn-off-the-air_0b61286511.wav,,3.3292,ac,,soundbible,ac
wav_files/soundbible_bye-bye_221499bf19.wav,,1.0217,goodbye,,soundbible,goodbye
wav_files/soundbible_clear-throat_5797bd9e2e.wav,,1.563,bark,,soundbible,bark
wav_files/soundbible_turn-on-the-air_2e09d2c015.wav,,2.5464,ac,,soundbible,ac
wav_files/soundbible_booby_659c459f47.wav,,3.3989,gannet,,soundbible,gannet
wav_files/soundbible_turn-off-the-air_8279a78a0e.wav,,2.7004,ac,,soundbible,ac
wav_files/soundbible_walking-in-snow_a0bacca99c.wav,,8.4511,up,,soundbible,up
wav_files/soundbible_ole-banderillero-3_35c30c3b1c.wav,,1.3933,bullfighter,,soundbible,bullfighter
wav_files/soundbible_ole-bullfighter_4ebce5406d.wav,,2.0,bullfighter,,soundbible,bullfighter
wav_files/soundbible_huge-crowd-3_c50d9e68d5.wav,,6.8096,army,,soundbible,army
wav_files/soundbible_catapult_49d7000620.wav,,2.0,arbalest,,soundbible,arbalest
wav_files/soundbible_please-turn-on-the-air_125f3673bd.wav,,3.4404,ac,,soundbible,ac
wav_files/soundbible_uh-oh-fart_a2f86a388c.wav,,2.0,fart,,soundbible,fart
wav_files/soundbible_backing-up_107fbe2d41.wav,,10.0,diesel engine,,soundbible,diesel engine
wav_files/soundbible_crowd-boo-and-heckles_d0d509fb14.wav,,6.8989,army,,soundbible,army
wav_files/soundbible_firecrackers-going-off_f61441c830.wav,,6.4139,pyrotechnics,,soundbible,pyrotechnics
wav_files/soundbible_hock-loogie_58c77ac8a3.wav,,2.141,hock loogie,,soundbible,hock loogie
wav_files/soundbible_ole-bullfighter_063d9dfec9.wav,,1.3933,bullfighter,,soundbible,bullfighter
wav_files/soundbible_fart-strain_61a57ddfa1.wav,,2.0,fart,,soundbible,fart
wav_files/soundbible_turn-on-the-air_1e418504b6.wav,,2.6584,ac,,soundbible,ac
wav_files/soundbible_fart-strain_350220fd65.wav,,1.0515,fart,,soundbible,fart
wav_files/soundbible_burp-2x_9a5bd19f4d.wav,,2.0,burp,,soundbible,burp
wav_files/soundbible_colt-desert-eagle_970f74cada.wav,,10.0,desert eagle,,soundbible,desert eagle
wav_files/soundbible_fizzing_fcb5e9a739.wav,,7.3617,buzz,,soundbible,buzz
wav_files/soundbible_please-turn-on-the-air_e8af51d736.wav,,3.7003,ac,,soundbible,ac
wav_files/soundbible_uh-oh-fart_de43dafa3f.wav,,1.3942,fart,,soundbible,fart
wav_files/soundbible_please-turn-off-the-air_4204eaa71c.wav,,3.5471,ac,,soundbible,ac
wav_files/soundbible_splat_15f27b21af.wav,,2.0,splat,,soundbible,splat
wav_files/soundbible_turn-off-the-air_1f99fd4955.wav,,2.9602,ac,,soundbible,ac
wav_files/soundbible_burp-2x_622bc0b037.wav,,1.4087,burp,,soundbible,burp
wav_files/soundbible_machine-gun_b0aae0e12e.wav,,2.3987,gatling gun,,soundbible,gatling gun
wav_files/soundbible_catapult_72336d1fa1.wav,,2.293,arbalest,,soundbible,arbalest
wav_files/soundbible_huge-crowd_576926fe5e.wav,,6.8623,army,,soundbible,army
wav_files/soundbible_manly-burp_9bf7a668bd.wav,,2.0,burp,,soundbible,burp
wav_files/soundbible_10-count_32884f51df.wav,,10.0,coach,,soundbible,coach
wav_files/soundbible_please-open-the-door_78789baa02.wav,,2.0,talk,,soundbible,talk
wav_files/soundbible_please-open-the-door-loud_3789866415.wav,,2.0,talk,,soundbible,talk
wav_files/soundbible_game-show-wheel-spin_9f030e0ec9.wav,,5.2547,adventure,,soundbible,adventure
wav_files/soundbible_motor-bike-fart_fc54a34482.wav,,8.1593,fart,,soundbible,fart
wav_files/soundbible_boat-docking_76194f89b1.wav,,10.0,jingle,,soundbible,jingle
wav_files/soundbible_wind_ea292287ab.wav,,10.0,air,,soundbible,air
wav_files/soundbible_wind-blowing_d8c04bde07.wav,,10.0,air,,soundbible,air
wav_files/soundbible_snow-ball-throw-and-splat_bdfca9947e.wav,,2.0,blizzard,,soundbible,blizzard
wav_files/soundbible_windy_10b8af80cf.wav,,10.0,air,,soundbible,air
wav_files/soundbible_grenade_235b80b3d9.wav,,4.9796,molotov cocktail,,soundbible,molotov cocktail
wav_files/soundbible_machine-gun_d700f502f4.wav,,4.4831,gatling gun,,soundbible,gatling gun
wav_files/soundbible_crowd-boo-and-heckles_39c61cadae.wav,,9.1875,army,,soundbible,army
wav_files/soundbible_flapping-wings-3_60b979614a.wav,,5.2734,flap,,soundbible,flap
wav_files/soundbible_snow-ball_ac07ae320a.wav,,5.1008,blizzard,,soundbible,blizzard
wav_files/soundbible_wings-flapping_d271addbae.wav,,2.0,flap,,soundbible,flap
wav_files/soundbible_flapping-wings_2bb1929a75.wav,,5.4032,flap,,soundbible,flap
wav_files/soundbible_cards-shuffling_5befef5463.wav,,3.521,war,,soundbible,war
wav_files/soundbible_fast-forward_ea5c7dc56b.wav,,4.6303,tape,,soundbible,tape
wav_files/soundbible_hi-can-i-take-your-order_d0e618b60d.wav,,2.0,drive thru,,soundbible,drive thru
wav_files/soundbible_chainsaw_00da2f4a4f.wav,,10.0,chain,,soundbible,chain
wav_files/soundbible_motor-bike-fart_6ddf228a2e.wav,,8.4003,fart,,soundbible,fart
wav_files/soundbible_cheering_6cb7a6a05b.wav,,3.6979,tennis,,soundbible,tennis
wav_files/soundbible_huge-crowd_d912c27d6b.wav,,6.8623,army,,soundbible,army
wav_files/soundbible_good-nite_e26daa123f.wav,,2.0,good nite,,soundbible,good nite
wav_files/soundbible_little-girl-sigh_a953358a1e.wav,,1.5413,blow,,soundbible,blow
wav_files/soundbible_hock-loogie_bc47e3e0d5.wav,,5.0,hock loogie,,soundbible,hock loogie
wav_files/soundbible_goat-bah_ee5fa4fd7f.wav,,2.0,goat,,soundbible,goat
wav_files/soundbible_uh-oh-baby_58e23d6932.wav,,2.0,Uh Oh Baby,,soundbible,Uh Oh Baby
wav_files/soundbible_hi-can-i-take-your-order_5c3f6ca289.wav,,1.0566,drive thru,,soundbible,drive thru
wav_files/soundbible_cheering_4634468499.wav,,3.6458,tennis,,soundbible,tennis
wav_files/soundbible_drawer-opening_a859173f71.wav,,2.0,slide,,soundbible,slide
wav_files/soundbible_fast-bike-or-motorcycle_41901dee60.wav,,2.5343,kawasaki,,soundbible,kawasaki
wav_files/soundbible_eat-mommy_1165191e53.wav,,1.6167,cute,,soundbible,cute
wav_files/soundbible_long-fart_2e83e49697.wav,,3.1805,fart,,soundbible,fart
wav_files/soundbible_poo-poo-mommy_bbf7332ac6.wav,,2.0,cute,,soundbible,cute
wav_files/soundbible_flapping-wings-3_fe8aae8cb6.wav,,5.4581,flap,,soundbible,flap
wav_files/soundbible_good-nite_98a2105ce4.wav,,1.7067,good nite,,soundbible,good nite
wav_files/soundbible_snow-ball_a0a904d97c.wav,,5.2311,blizzard,,soundbible,blizzard
wav_files/soundbible_bluethroat-song_021d90b583.wav,,5.8283,bird,,soundbible,bird
wav_files/soundbible_wings-flapping_5d99ac188c.wav,,2.8613,flap,,soundbible,flap
wav_files/soundbible_large-suv-pass-by_742815b052.wav,,5.5563,SUV,,soundbible,SUV
wav_files/soundbible_poo-poo-mommy_3c6421c4c3.wav,,1.5128,cute,,soundbible,cute
wav_files/soundbible_urban-traffic_f100ee0ba9.wav,,10.0,manteo,,soundbible,manteo
wav_files/soundbible_flapping-wings_9a5b777c6e.wav,,5.7121,flap,,soundbible,flap
wav_files/soundbible_wood-whack_ed7c65acdd.wav,,2.0,bang,,soundbible,bang
wav_files/soundbible_fast-bike-or-motorcycle_0377b90064.wav,,3.0186,kawasaki,,soundbible,kawasaki
wav_files/soundbible_fast-forward_3cd9351c85.wav,,6.0001,tape,,soundbible,tape
wav_files/soundbible_baby-giberish-2_3eaf6aa953.wav,,5.8733,baby,,soundbible,baby
wav_files/soundbible_fireworks-finale_c00c44c75d.wav,,10.0,pyrotechnics,,soundbible,pyrotechnics
wav_files/soundbible_industrial-sounds_fe2173de50.wav,,10.0,machine,,soundbible,machine
wav_files/soundbible_flash-animation_edd7f39c5a.wav,,2.0,beam,,soundbible,beam
wav_files/soundbible_bald-eagle-call_c1329073e7.wav,,6.5804,feathered creature,,soundbible,feathered creature
wav_files/soundbible_tsunami-wave-2_ecdeca15b4.wav,,10.0,eagre,,soundbible,eagre
wav_files/soundbible_rogue-wave-3_0a48d08bf5.wav,,10.0,eagre,,soundbible,eagre
wav_files/soundbible_muted-metal-pot-hit_6862db2ace.wav,,2.0,pots,,soundbible,pots
wav_files/soundbible_metal-pong-from-pan-and-pot_df86949371.wav,,2.0,pots,,soundbible,pots
wav_files/soundbible_metal-clack-pots-pans_a50093a6c9.wav,,2.0,pots,,soundbible,pots
wav_files/soundbible_muted-metal-pot-hit_860fdd3970.wav,,1.3571,pots,,soundbible,pots
wav_files/soundbible_tidal-wave_4464b09ac9.wav,,10.0,eagre,,soundbible,eagre
wav_files/soundbible_large-metal-pan-2_f374914ae8.wav,,2.0,pots,,soundbible,pots
wav_files/soundbible_large-metal-pan-2_1712d48177.wav,,2.0,pots,,soundbible,pots
wav_files/soundbible_eagle_db282d833b.wav,,10.0,feathered creature,,soundbible,feathered creature
wav_files/soundbible_large-suv-pass-by_acfd491b56.wav,,5.6473,SUV,,soundbible,SUV
wav_files/soundbible_doing-the-dishes_550c2ad9e9.wav,,9.0196,pots,,soundbible,pots
wav_files/soundbible_large-metal-pan-2_fb5427c5a3.wav,,1.4397,pots,,soundbible,pots
wav_files/soundbible_cutlery-drawer_6b1733a2c2.wav,,2.7235,pots,,soundbible,pots
wav_files/soundbible_drawer-slide-close_9cc6e7b31c.wav,,2.0,slide,,soundbible,slide
wav_files/soundbible_large-metal-pan-2_46eaebd37a.wav,,1.4397,pots,,soundbible,pots
wav_files/soundbible_transfer-truck-idle-and-drive_243794605e.wav,,10.0,truck,,soundbible,truck
wav_files/soundbible_bald-eagle-call_8256d535f5.wav,,6.5548,feathered creature,,soundbible,feathered creature
wav_files/soundbible_motorcycle-pass-by_cb5d20215b.wav,,3.9388,bike,,soundbible,bike
wav_files/soundbible_paparazzi-cameras_13efd5da0d.wav,,6.9386,many cameras,,soundbible,many cameras
wav_files/soundbible_kids-laughing_08688484ee.wav,,2.6711,laugh,,soundbible,laugh
wav_files/soundbible_drawer-slide-close_50003a0b49.wav,,1.1494,slide,,soundbible,slide
wav_files/soundbible_spinning_52c4a445b6.wav,,2.1932,spin,,soundbible,spin
wav_files/soundbible_large-metal-pot-1_8e800c2d06.wav,,4.7021,pots,,soundbible,pots
wav_files/soundbible_horn-honk_2a72520e69.wav,,2.0,city,,soundbible,city
wav_files/soundbible_cutlery-drawer_929c14060d.wav,,3.7356,pots,,soundbible,pots
wav_files/soundbible_spinning_5081b93713.wav,,2.4159,spin,,soundbible,spin
wav_files/soundbible_kids-laughing_27ad6774a3.wav,,2.9367,laugh,,soundbible,laugh
wav_files/soundbible_horn-honk_b5a51116bc.wav,,1.1262,city,,soundbible,city
wav_files/soundbible_windy_b280631a88.wav,,10.0,air,,soundbible,air
wav_files/soundbible_police-siren_f823476192.wav,,10.0,police,,soundbible,police
wav_files/soundbible_transfer-truck-driving-off_2f32df11b5.wav,,10.0,truck,,soundbible,truck
wav_files/soundbible_industrial-sounds_75b65c3767.wav,,10.0,machine,,soundbible,machine
wav_files/soundbible_barrel-exploding_90ac6d1761.wav,,4.1078,backfire,,soundbible,backfire
wav_files/soundbible_monster-snarling_34a2192f71.wav,,3.5338,bark,,soundbible,bark
wav_files/soundbible_police-siren-2_1c036571d4.wav,,2.1301,police,,soundbible,police
wav_files/soundbible_eerie-horror-scene_fab681d696.wav,,9.334,stab,,soundbible,stab
wav_files/soundbible_camera-shutter-click_863221b44d.wav,,2.0,camera shutter click,,soundbible,camera shutter click
wav_files/soundbible_buzzard_5f22b8c4db.wav,,10.0,vulture,,soundbible,vulture
wav_files/soundbible_lightsaber-turn-on_587a3d1672.wav,,2.0,light saber,,soundbible,light saber
wav_files/soundbible_wind_668d0be167.wav,,10.0,air,,soundbible,air
wav_files/soundbible_police-siren-3_d96c147ad5.wav,,10.0,police,,soundbible,police
wav_files/soundbible_computer-sci-fi_a9deaa6afe.wav,,3.7131,CPU,,soundbible,CPU
wav_files/soundbible_truck-drive-by_0d982a01f2.wav,,5.5669,truck,,soundbible,truck
wav_files/soundbible_motorcycle-pass-by_9ca061f9d5.wav,,4.7654,bike,,soundbible,bike
wav_files/soundbible_monster-snarling_94fb03b840.wav,,3.8191,bark,,soundbible,bark
wav_files/soundbible_baby-giberish-2_4b938b112c.wav,,5.8733,baby,,soundbible,baby
wav_files/soundbible_ambulance_9a979c9a6c.wav,,5.8413,ambulance,,soundbible,ambulance
wav_files/soundbible_computer-sci-fi_37447268d2.wav,,3.8264,CPU,,soundbible,CPU
wav_files/soundbible_common-redstart_9f9aa486df.wav,,2.1592,thrush,,soundbible,thrush
wav_files/soundbible_wind-blowing_3658413edf.wav,,10.0,air,,soundbible,air
wav_files/soundbible_common-redstart_f465496f51.wav,,2.7302,thrush,,soundbible,thrush
wav_files/soundbible_chain-dropped_e7fd70240d.wav,,4.4497,chain,,soundbible,chain
wav_files/soundbible_paparazzi-cameras_ee7e845598.wav,,10.0,many cameras,,soundbible,many cameras
wav_files/soundbible_baby-crying_153a986cc9.wav,,7.6608,baby,,soundbible,baby
wav_files/soundbible_buzzard_5bb39c066f.wav,,10.0,vulture,,soundbible,vulture
wav_files/soundbible_african-fish-eagle_6596081b78.wav,,4.0857,eagle,,soundbible,eagle
wav_files/soundbible_baby-i-love-you_ada0f5ca6a.wav,,2.0,girl,,soundbible,girl
wav_files/soundbible_tsunami-wave-2_9877f499f8.wav,,10.0,eagre,,soundbible,eagre
wav_files/soundbible_american-robin_3d6754f8a2.wav,,10.0,American,,soundbible,American
wav_files/soundbible_seal_070017aa22.wav,,4.8713,seal,,soundbible,seal
wav_files/soundbible_african-fish-eagle_f4e286405d.wav,,4.4421,eagle,,soundbible,eagle
wav_files/soundbible_doing-the-dishes_800959ff2e.wav,,9.4309,pots,,soundbible,pots
wav_files/soundbible_making-espresso_8969d5121a.wav,,4.4452,boil,,soundbible,boil
wav_files/soundbible_strange-beeping_4638da947b.wav,,2.1635,bell sound,,soundbible,bell sound
wav_files/soundbible_birds-in-forest_f7e798deb6.wav,,3.6021,backwoods,,soundbible,backwoods
wav_files/soundbible_backing-up_35fc255bef.wav,,10.0,diesel engine,,soundbible,diesel engine
wav_files/soundbible_girl-saying-mommy_9606f3e9a4.wav,,2.0,mommy,,soundbible,mommy
wav_files/soundbible_camera-shutter-click_bb03cbf927.wav,,5.0,camera shutter click,,soundbible,camera shutter click
wav_files/soundbible_dragon-roaring_1afa54c7e7.wav,,4.1267,dragon,,soundbible,dragon
wav_files/soundbible_seal_36f0383347.wav,,5.1513,seal,,soundbible,seal
wav_files/soundbible_baby-gibberish_f5c97cac53.wav,,8.7129,manteo,,soundbible,manteo
wav_files/soundbible_applause-moderate_dc24e00abe.wav,,3.4765,crowd,,soundbible,crowd
wav_files/soundbible_little-girl_74722c1121.wav,,2.0,abc,,soundbible,abc
wav_files/soundbible_eerie-horror-scene_29281b7974.wav,,10.0,stab,,soundbible,stab
wav_files/soundbible_police-siren-3_87b6e27b5f.wav,,10.0,police,,soundbible,police
wav_files/soundbible_rogue-wave-3_184fbc9b42.wav,,10.0,eagre,,soundbible,eagre
wav_files/soundbible_cave-in-sound_9343123ed0.wav,,10.0,rock,,soundbible,rock
wav_files/soundbible_birds-in-forest_305effcc1f.wav,,3.8264,backwoods,,soundbible,backwoods
wav_files/soundbible_blast_82743daf94.wav,,2.0,backfire,,soundbible,backfire
wav_files/soundbible_applause-moderate_d60b2188db.wav,,3.4166,crowd,,soundbible,crowd
wav_files/soundbible_making-espresso_d3f653a6cc.wav,,4.4971,boil,,soundbible,boil
wav_files/soundbible_chainsaw_663bc02f56.wav,,10.0,chain,,soundbible,chain
wav_files/soundbible_mortar-blast_a2219fc3ab.wav,,3.8921,backfire,,soundbible,backfire
wav_files/soundbible_beach-soundscape-3_6703d5cf4f.wav,,10.0,water,,soundbible,water
wav_files/soundbible_hover-craft_cde0ab16e0.wav,,10.0,hover craft,,soundbible,hover craft
wav_files/soundbible_camera-flashing_08181bfb1d.wav,,2.0,flash,,soundbible,flash
wav_files/soundbible_tidal-wave_926db845ff.wav,,10.0,eagre,,soundbible,eagre
wav_files/soundbible_girls-farting_e3a290f91b.wav,,7.6626,girls farting,,soundbible,girls farting
wav_files/soundbible_alligator-crocodile-growl_9849ca9874.wav,,10.0,crocodile,,soundbible,crocodile
wav_files/soundbible_fish-splashing_2eacfb709d.wav,,2.9719,aquatic,,soundbible,aquatic
wav_files/soundbible_alarm-clock_5c55302a29.wav,,10.0,alarm clock,,soundbible,alarm clock
wav_files/soundbible_car-drive-by_2492a88f6f.wav,,7.8131,car,,soundbible,car
wav_files/soundbible_tree-frogs-and-birds_06373fce7d.wav,,10.0,cricket noise,,soundbible,cricket noise
wav_files/soundbible_barrel-exploding_6cd6ea7d39.wav,,6.3753,backfire,,soundbible,backfire
wav_files/soundbible_background-noise_193314fc14.wav,,10.0,static noise,,soundbible,static noise
wav_files/soundbible_ambulance_2cb40ddc6f.wav,,6.75,ambulance,,soundbible,ambulance
wav_files/soundbible_pager-beeps_ace5b5f843.wav,,4.3244,beep,,soundbible,beep
wav_files/soundbible_tattoo-gun_e8c1fd891e.wav,,9.7317,tattoo gun,,soundbible,tattoo gun
wav_files/soundbible_blast_1b2e1baf4b.wav,,2.17,backfire,,soundbible,backfire
wav_files/soundbible_little-girl_04451cea4b.wav,,5.0,abc,,soundbible,abc
wav_files/soundbible_sneeze_2cff4225eb.wav,,2.0,sneeze,,soundbible,sneeze
wav_files/soundbible_driving-ambiance_34bace6c1b.wav,,10.0,commute,,soundbible,commute
wav_files/soundbible_accordion_01affa7f96.wav,,8.2166,accordion,,soundbible,accordion
wav_files/soundbible_baby-gibberish_a1cfa29a45.wav,,8.6843,manteo,,soundbible,manteo
wav_files/soundbible_dragon-roaring_9eab654f3a.wav,,6.0045,dragon,,soundbible,dragon
wav_files/soundbible_dog-growling_7ef283eb69.wav,,3.6972,dog,,soundbible,dog
wav_files/soundbible_dog-growling_3b7c7a3dc3.wav,,3.7295,dog,,soundbible,dog
wav_files/soundbible_sheep-bleating_37db3102aa.wav,,2.0,sheep,,soundbible,sheep
wav_files/soundbible_air-break_cfb8c50a3d.wav,,6.0774,air break,,soundbible,air break
wav_files/soundbible_branch-wood-stress-cracking_bd30685dc1.wav,,2.0,wood,,soundbible,wood
wav_files/soundbible_american-robin_da0cd47e66.wav,,10.0,American,,soundbible,American
wav_files/soundbible_elevator-shaft-or-tunnel_8c3a3f4750.wav,,4.5622,abyss,,soundbible,abyss
wav_files/soundbible_police-siren_69c0fea8ea.wav,,10.0,police,,soundbible,police
wav_files/soundbible_accordion_64a48c61f3.wav,,2.0502,accordion,,soundbible,accordion
wav_files/soundbible_cheering-2_b43633f858.wav,,3.72,tennis,,soundbible,tennis
wav_files/soundbible_camera-flashing_9934f322cc.wav,,5.0,flash,,soundbible,flash
wav_files/soundbible_squelchy_7c8e6cb68f.wav,,2.0,squish,,soundbible,squish
wav_files/soundbible_baby-crying_58748c0e3f.wav,,8.0667,baby,,soundbible,baby
wav_files/soundbible_pager-beeps_4c26ec98be.wav,,4.2792,beep,,soundbible,beep
wav_files/soundbible_squishing_0b476296ec.wav,,2.0,squish,,soundbible,squish
wav_files/soundbible_squishy-2_2c0d71938a.wav,,2.0,squish,,soundbible,squish
wav_files/soundbible_cheering-2_8f50711d96.wav,,3.6682,tennis,,soundbible,tennis
wav_files/soundbible_hover-craft_a84a79e455.wav,,10.0,hover craft,,soundbible,hover craft
wav_files/soundbible_squish-1_81923b0936.wav,,2.0,squish,,soundbible,squish
wav_files/soundbible_mortar-blast_2cdbcc6de9.wav,,4.4706,backfire,,soundbible,backfire
wav_files/soundbible_free-walla-track_36d5866efc.wav,,10.0,Free Walla Track,,soundbible,Free Walla Track
wav_files/soundbible_squelchy_4a082be18a.wav,,1.1843,squish,,soundbible,squish
wav_files/soundbible_squishing_7c4ceacf72.wav,,1.4759,squish,,soundbible,squish
wav_files/soundbible_beating-heart_7b9be8e8bf.wav,,10.0,heart,,soundbible,heart
wav_files/soundbible_umpire-saying-youre-out_232ee799aa.wav,,2.0,umpire,,soundbible,umpire
wav_files/soundbible_boat-docking_9f106e6bd9.wav,,10.0,jingle,,soundbible,jingle
wav_files/soundbible_restaurant-walla-track_f21001f400.wav,,10.0,restaurant,,soundbible,restaurant
wav_files/soundbible_umpire-saying-ball_b03dc72670.wav,,2.0,umpire,,soundbible,umpire
wav_files/soundbible_baseball-game-strike_dd2f72acaf.wav,,2.0,umpire,,soundbible,umpire
wav_files/soundbible_play-ball-umpire-2_7055bbf315.wav,,2.0,umpire,,soundbible,umpire
wav_files/soundbible_motorcycle-gang_4c8ed4ca7a.wav,,10.0,parking lot,,soundbible,parking lot
wav_files/soundbible_squishy-2_9ea4d3eeb0.wav,,1.2655,squish,,soundbible,squish
wav_files/soundbible_man-coughing_d89a10af5e.wav,,2.0,cough,,soundbible,cough
wav_files/soundbible_electric-motor-2_c48b2edb78.wav,,5.8254,motor,,soundbible,motor
wav_files/soundbible_crowd-boo-3_c0e8abc327.wav,,2.4234,crowd,,soundbible,crowd
wav_files/soundbible_play-ball-umpire-2_80bf143f02.wav,,1.1494,umpire,,soundbible,umpire
wav_files/soundbible_fan-startup_9b455fa110.wav,,10.0,fan,,soundbible,fan
wav_files/soundbible_umpire-saying-youre-out_ba228977e2.wav,,1.5886,umpire,,soundbible,umpire
wav_files/soundbible_dot-matrix-printer_19f9a84f7f.wav,,2.0,print,,soundbible,print
wav_files/soundbible_air-break_b880527e9a.wav,,6.9248,air break,,soundbible,air break
wav_files/soundbible_keyboard-typing-slow_0ff1125745.wav,,2.3955,office,,soundbible,office
wav_files/soundbible_laserjet-printer_6e90fafb87.wav,,5.6773,print,,soundbible,print
wav_files/soundbible_crowd-boo-3_c9e112e9b0.wav,,2.3999,crowd,,soundbible,crowd
wav_files/soundbible_keyboard-typing-slow_2ac834aeee.wav,,2.3343,office,,soundbible,office
wav_files/soundbible_dot-matrix-printer_42ae45480c.wav,,1.6015,print,,soundbible,print
wav_files/soundbible_fart-short-ripper_570a39cc2f.wav,,2.0,fart,,soundbible,fart
wav_files/soundbible_king-farthur_021b746220.wav,,2.0,fart,,soundbible,fart
wav_files/soundbible_car-drive-by_a0e5fbf076.wav,,10.0,car,,soundbible,car
wav_files/soundbible_play-ball-umpire_d46fe0727e.wav,,1.3244,umpire,,soundbible,umpire
wav_files/soundbible_alarm-clock_2d27b1bf84.wav,,10.0,alarm clock,,soundbible,alarm clock
wav_files/soundbible_singing-happy-birthday_b559a0bb67.wav,,10.0,sing,,soundbible,sing
wav_files/soundbible_bagpipes_cd8e467a00.wav,,10.0,freesound,,soundbible,freesound
wav_files/soundbible_girl-says-daddy_ccf33f397f.wav,,2.0,daddy,,soundbible,daddy
wav_files/soundbible_crowd-boo-5_90a62322bd.wav,,7.1593,crowd,,soundbible,crowd
wav_files/soundbible_branch-wood-stress-cracking_254779fac0.wav,,5.0,wood,,soundbible,wood
wav_files/soundbible_elevator-shaft-or-tunnel_e27965508f.wav,,10.0,abyss,,soundbible,abyss
wav_files/soundbible_king-farthur_53ef084847.wav,,1.3368,fart,,soundbible,fart
wav_files/soundbible_explosion-4_b8db1fbbd2.wav,,3.3512,bomb,,soundbible,bomb
wav_files/soundbible_applause-light_5e0f252225.wav,,5.3288,crowd,,soundbible,crowd
wav_files/soundbible_chewbacca-wookie-noise_c1f7d6ba7f.wav,,2.0,chewbacca,,soundbible,chewbacca
wav_files/soundbible_urban-traffic_9adfc5a8b6.wav,,10.0,manteo,,soundbible,manteo
wav_files/soundbible_city-traffic-and-construction_984e47a3fb.wav,,10.0,nc,,soundbible,nc
wav_files/soundbible_funny-fart-trail_2f23f36223.wav,,1.5706,fart,,soundbible,fart
wav_files/soundbible_explosion_d6b8b2b591.wav,,2.9361,bomb,,soundbible,bomb
wav_files/soundbible_laugh-and-applause_532648e1fb.wav,,6.3614,laugh,,soundbible,laugh
wav_files/soundbible_lightsaber-turn-off_190e18694e.wav,,2.0,light saber,,soundbible,light saber
wav_files/soundbible_crowd-boo-2_ed903d6f73.wav,,2.0,crowd,,soundbible,crowd
wav_files/soundbible_kids-cheering_78b865ae01.wav,,5.6379,tennis,,soundbible,tennis
wav_files/soundbible_mouse-double-click-3_56ac40881b.wav,,2.0,computer,,soundbible,computer
wav_files/soundbible_cheering-3_079102a81b.wav,,4.2909,tennis,,soundbible,tennis
wav_files/soundbible_crowd-boo-2_d2243abf08.wav,,1.4933,crowd,,soundbible,crowd
wav_files/soundbible_r2d2_c3d646b71c.wav,,2.0,R2D2,,soundbible,R2D2
wav_files/soundbible_explosion_0cd39bd6e3.wav,,2.8821,bomb,,soundbible,bomb
wav_files/soundbible_cargo-plane-ambiance_ccbd921542.wav,,10.0,plane,,soundbible,plane
wav_files/soundbible_bomb-2_8d10157e2d.wav,,2.0,bomb,,soundbible,bomb
wav_files/soundbible_r2d2_acca78edb1.wav,,1.3801,R2D2,,soundbible,R2D2
wav_files/soundbible_explosion-4_66534a7622.wav,,3.3043,bomb,,soundbible,bomb
wav_files/soundbible_applause-light-2_99f3bc8445.wav,,2.3317,crowd,,soundbible,crowd
wav_files/soundbible_explosion-3_d0267b60e7.wav,,2.8081,bomb,,soundbible,bomb
wav_files/soundbible_laser-blasts_e70ee61824.wav,,2.0,laser blasts,,soundbible,laser blasts
wav_files/soundbible_magic-wand-noise_983771f977.wav,,3.1384,Ikki Yeong,,soundbible,Ikki Yeong
wav_files/soundbible_crowd-boo-1_f83234382b.wav,,2.0,crowd,,soundbible,crowd
wav_files/soundbible_kids-cheering_2ca896f576.wav,,5.5764,tennis,,soundbible,tennis
wav_files/soundbible_laser-blaster_f57368efe4.wav,,2.0,laser blaster,,soundbible,laser blaster
wav_files/soundbible_laser-blasts_5dc69e89ab.wav,,1.2859,laser blasts,,soundbible,laser blasts
wav_files/soundbible_background-noise_fdf3d86535.wav,,10.0,static noise,,soundbible,static noise
wav_files/soundbible_bomb-3_884f8825c7.wav,,2.0179,bomb,,soundbible,bomb
wav_files/soundbible_applause-light-2_b1191a8a4f.wav,,2.3801,crowd,,soundbible,crowd
wav_files/soundbible_applause-moderate-3_eab74fbb4b.wav,,3.5492,crowd,,soundbible,crowd
wav_files/soundbible_man-coughing_9b9b89669a.wav,,5.0,cough,,soundbible,cough
wav_files/soundbible_mouse-double-click-2_b03866a28d.wav,,2.0,computer,,soundbible,computer
wav_files/soundbible_baby-says-daddy_1c72550e22.wav,,4.3514,dad,,soundbible,dad
wav_files/soundbible_girls-farting_99eb19c9c7.wav,,7.8148,girls farting,,soundbible,girls farting
wav_files/soundbible_bomb-2_2601480b8f.wav,,1.7171,bomb,,soundbible,bomb
wav_files/soundbible_typing-on-keyboard_6ec8371695.wav,,2.6379,office,,soundbible,office
wav_files/soundbible_whistle-at-girl_e2d50a6ffd.wav,,2.0,whistle,,soundbible,whistle
wav_files/soundbible_male-grunt_e27173ab5a.wav,,2.0,grunt,,soundbible,grunt
wav_files/soundbible_bomb-3_f3e235518d.wav,,1.9679,bomb,,soundbible,bomb
wav_files/soundbible_crowd-boo-1_57007ab0ca.wav,,1.8286,crowd,,soundbible,crowd
wav_files/soundbible_whistle-at-girl_423be487fc.wav,,1.7415,whistle,,soundbible,whistle
wav_files/soundbible_cheering-3_efbcee1aed.wav,,4.2841,tennis,,soundbible,tennis
wav_files/soundbible_explosion-3_08ce490d30.wav,,2.7589,bomb,,soundbible,bomb
wav_files/soundbible_crowd-boo-5_a937190f16.wav,,7.3287,crowd,,soundbible,crowd
wav_files/soundbible_crowd-boo-6_2010207582.wav,,3.1187,crowd,,soundbible,crowd
wav_files/soundbible_electric-motor-2_30feef05c2.wav,,5.8254,motor,,soundbible,motor
wav_files/soundbible_explosion-2_371b9beb1a.wav,,2.0,bomb,,soundbible,bomb
wav_files/soundbible_bomb-6_fbb715d990.wav,,6.8037,bomb,,soundbible,bomb
wav_files/soundbible_tires-squealing-1_bc4f34581b.wav,,2.1169,car,,soundbible,car
wav_files/soundbible_applause-moderate-3_a352bac282.wav,,3.5019,crowd,,soundbible,crowd
wav_files/soundbible_magic-wand-noise_473f8010e9.wav,,5.4165,Ikki Yeong,,soundbible,Ikki Yeong
wav_files/soundbible_sound-of-tires-screeching-1_319f19ba4b.wav,,2.9181,car,,soundbible,car
wav_files/soundbible_applause-light_c25796a331.wav,,5.2729,crowd,,soundbible,crowd
wav_files/soundbible_tattoo-gun_7fefa82e3b.wav,,9.6955,tattoo gun,,soundbible,tattoo gun
wav_files/soundbible_double-barrel-shotgun-cocking_41096c9825.wav,,2.0,double barrel,,soundbible,double barrel
wav_files/soundbible_explosion-2_ae2d79c3f3.wav,,1.7171,bomb,,soundbible,bomb
wav_files/soundbible_machine-gun-firing_6bdc8c8973.wav,,4.2607,machine gun,,soundbible,machine gun
wav_files/soundbible_double-barrel-shotgun-firing_cec61247e6.wav,,2.8174,double barrel,,soundbible,double barrel
wav_files/soundbible_crowd-boo-4_af237ac2a1.wav,,2.114,crowd,,soundbible,crowd
wav_files/soundbible_applause-moderate-2_7707b0cdf2.wav,,3.4999,crowd,,soundbible,crowd
wav_files/soundbible_bomb-4_d8faec493c.wav,,2.5667,bomb,,soundbible,bomb
wav_files/soundbible_crowd-boo-6_6ad68e3fdb.wav,,3.0666,crowd,,soundbible,crowd
wav_files/soundbible_bomb-5_c702db7595.wav,,5.8504,bomb,,soundbible,bomb
wav_files/soundbible_crowd-boo-1_9b79fea80c.wav,,2.0,crowd,,soundbible,crowd
wav_files/soundbible_male-grunt_5a8faac2ca.wav,,4.0751,grunt,,soundbible,grunt
wav_files/soundbible_news-report-opening_d1383096dc.wav,,10.0,news report opening,,soundbible,news report opening
wav_files/soundbible_stadium-applause_d3447f4281.wav,,5.8249,gladiator,,soundbible,gladiator
wav_files/soundbible_bomb_fb74bad704.wav,,6.0918,bomb,,soundbible,bomb
wav_files/soundbible_typing-on-keyboard_214d367841.wav,,2.7419,office,,soundbible,office
wav_files/soundbible_turkey-gobble_99815fd0bf.wav,,2.0,turkey gobble,,soundbible,turkey gobble
wav_files/soundbible_smack_d65ef50cac.wav,,2.0,smack,,soundbible,smack
wav_files/soundbible_crowd-boo-4_ed7ad959e7.wav,,2.0625,crowd,,soundbible,crowd
wav_files/soundbible_bomb-4_536f5fe40e.wav,,2.5074,bomb,,soundbible,bomb
wav_files/soundbible_children-playing_65fb01faa1.wav,,10.0,Indoor swimming pool,,soundbible,Indoor swimming pool
wav_files/soundbible_applause-moderate-2_19a7f49851.wav,,3.483,crowd,,soundbible,crowd
wav_files/soundbible_crowd-boo-1_12adb1c411.wav,,1.8286,crowd,,soundbible,crowd
wav_files/soundbible_water-down-gutter-1_5f87bdcece.wav,,9.4187,house,,soundbible,house
wav_files/soundbible_rainforest_9a4dd8f228.wav,,9.3231,nature,,soundbible,nature
wav_files/soundbible_turkey-gobble_b39f75eeab.wav,,1.2006,turkey gobble,,soundbible,turkey gobble
wav_files/soundbible_sound-of-tires-screeching-1_2a537d8bfe.wav,,4.0633,car,,soundbible,car
wav_files/soundbible_horse-neigh_3de65dbcc5.wav,,2.0,horse,,soundbible,horse
wav_files/soundbible_stadium-applause_56fec71427.wav,,5.763,gladiator,,soundbible,gladiator
wav_files/soundbible_horse-galloping_4d614d9854.wav,,2.0,horse,,soundbible,horse
wav_files/soundbible_water-down-gutter-2_2a7310b158.wav,,10.0,house,,soundbible,house
wav_files/soundbible_free-walla-track_27f7f422d5.wav,,10.0,Free Walla Track,,soundbible,Free Walla Track
wav_files/soundbible_pooping_dd6976c65e.wav,,6.7394,dropping,,soundbible,dropping
wav_files/soundbible_pouring-rain-on-cement_2f9b2ee1cc.wav,,10.0,house,,soundbible,house
wav_files/soundbible_raven-sound-clip_a9857098d5.wav,,2.0743,croak,,soundbible,croak
wav_files/soundbible_raven-sound-clip_be7d0fcc90.wav,,2.1433,croak,,soundbible,croak
wav_files/soundbible_horse_4fbee2194f.wav,,1.7749,horse,,soundbible,horse
wav_files/soundbible_african-hyenas_71b777c915.wav,,4.1318,african,,soundbible,african
wav_files/soundbible_tiny-button-push_36d7bb6ce1.wav,,2.0,button,,soundbible,button
wav_files/soundbible_horse-neigh_3917862a9c.wav,,1.7241,horse,,soundbible,horse
wav_files/soundbible_restaurant-walla-track_43c57f4969.wav,,10.0,restaurant,,soundbible,restaurant
wav_files/soundbible_happy-birthday-to-you_e130630c27.wav,,10.0,happy birthday,,soundbible,happy birthday
wav_files/soundbible_right-channel-scramble_fe5f6b0293.wav,,2.0,Right Channel,,soundbible,Right Channel
wav_files/soundbible_ruger-357-magnum-gun-cock_3a4ad5d04f.wav,,2.0,357,,soundbible,357
wav_files/soundbible_machine-gun-pop-in-clip_849dfb7df8.wav,,2.0,Pop Clip,,soundbible,Pop Clip
wav_files/soundbible_happy-birthday-to-you_d906239861.wav,,10.0,happy birthday,,soundbible,happy birthday
wav_files/soundbible_eject-clip-and-re-load_c7cdc144b1.wav,,2.0,Eject Clip,,soundbible,Eject Clip
wav_files/soundbible_bomb_608fb8f339.wav,,6.5306,bomb,,soundbible,bomb
wav_files/soundbible_50-cal-machine-gun-load_6171f8fb72.wav,,2.0,lock and load,,soundbible,lock and load
wav_files/soundbible_22-beretta-chamber-load_a64bfcc483.wav,,2.0,22,,soundbible,22
wav_files/soundbible_9mm-clip-load_4e822c657f.wav,,2.0,9mm,,soundbible,9mm
wav_files/soundbible_singing-happy-birthday_8c52755c98.wav,,10.0,sing,,soundbible,sing
wav_files/soundbible_beach-soundscape-3_92e83df115.wav,,10.0,water,,soundbible,water
wav_files/soundbible_horse-galloping_01cb945a8f.wav,,1.7368,horse,,soundbible,horse
wav_files/soundbible_velcro-rip_ec7c876899.wav,,2.833,velcro,,soundbible,velcro
wav_files/soundbible_biting-apple_9064cd63f1.wav,,2.0,apple,,soundbible,apple
wav_files/soundbible_african-hyenas_41f46167c9.wav,,4.3197,african,,soundbible,african
wav_files/soundbible_eagle_901376e2a8.wav,,10.0,feathered creature,,soundbible,feathered creature
wav_files/soundbible_double-barrel-shotgun-firing_407204cbea.wav,,5.0,double barrel,,soundbible,double barrel
wav_files/soundbible_eject-clip-and-re-load_b2c7b6b95d.wav,,5.0,Eject Clip,,soundbible,Eject Clip
wav_files/soundbible_knife-scrape-horror_b1ebf6080c.wav,,10.0,scary,,soundbible,scary
wav_files/soundbible_neck-breaking_f0d2bfb8fa.wav,,2.0,neck snap,,soundbible,neck snap
wav_files/soundbible_22-beretta-chamber-load_f818f78efc.wav,,5.0,22,,soundbible,22
wav_files/soundbible_water-down-gutter-3_6703b8d675.wav,,10.0,house,,soundbible,house
wav_files/soundbible_coughing_229bd8d9d0.wav,,2.0,sick,,soundbible,sick
wav_files/soundbible_super-burp_6bbe4eb96e.wav,,6.2701,gross,,soundbible,gross
wav_files/soundbible_motorcycle-gang_1075619148.wav,,10.0,parking lot,,soundbible,parking lot
wav_files/soundbible_dirty-record-skipping_a7d0a0ea91.wav,,8.1046,dj,,soundbible,dj
wav_files/soundbible_machine-gun-pop-in-clip_5f982a61f8.wav,,5.0,Pop Clip,,soundbible,Pop Clip
wav_files/soundbible_real-messy-fart_2f893a157b.wav,,5.6242,gross,,soundbible,gross
wav_files/soundbible_mosquito-buzzing_894c75638c.wav,,3.5753,wings,,soundbible,wings
wav_files/soundbible_fly-buzzing_bf07c72428.wav,,3.5033,annoying,,soundbible,annoying
wav_files/soundbible_city-traffic-and-construction_054febd4d1.wav,,10.0,nc,,soundbible,nc
wav_files/soundbible_chicks-peeps_7762f61151.wav,,2.0,chicken coup,,soundbible,chicken coup
wav_files/soundbible_biting-apple_3a3dc5c255.wav,,5.0,apple,,soundbible,apple
wav_files/soundbible_dolphins-clicks_8a5c93a1dc.wav,,2.029,chatter,,soundbible,chatter
wav_files/soundbible_50-cal-machine-gun-load_c46459b3b8.wav,,5.0,lock and load,,soundbible,lock and load
wav_files/soundbible_puppy-dog-barking_027fb81610.wav,,9.1426,annoying,,soundbible,annoying
wav_files/soundbible_window-shattering_12e34434ce.wav,,4.2609,glass,,soundbible,glass
wav_files/soundbible_shotgun-cock-and-fire_cf967fdfc9.wav,,2.2679,shotgun,,soundbible,shotgun
wav_files/soundbible_tree-frogs-and-birds_f8c4d55bd5.wav,,10.0,cricket noise,,soundbible,cricket noise
wav_files/soundbible_howitzer-gun-blast_a9d11289cc.wav,,3.2512,howitzer,,soundbible,howitzer
wav_files/soundbible_howitzer-gun-blast_f7294e01ab.wav,,3.1833,howitzer,,soundbible,howitzer
wav_files/soundbible_coughing_5275767214.wav,,5.0,sick,,soundbible,sick
wav_files/soundbible_window-shattering_880ad7e41a.wav,,4.2609,glass,,soundbible,glass
wav_files/soundbible_pooping_89cb4c5d60.wav,,6.8711,dropping,,soundbible,dropping
wav_files/soundbible_grenade-launcher_d2ecddfc06.wav,,2.0,battle,,soundbible,battle
wav_files/soundbible_shotgun-cock-and-fire_10b46c5867.wav,,3.1507,shotgun,,soundbible,shotgun
wav_files/soundbible_grenade-launcher_7de09df5e0.wav,,1.7584,battle,,soundbible,battle
wav_files/soundbible_single-water-droplet_dca30046b3.wav,,2.0,drip,,soundbible,drip
wav_files/soundbible_rope-swinging_3e6d455a4a.wav,,2.5283,stretching,,soundbible,stretching
wav_files/soundbible_dolphins-clicks_06567ca1b2.wav,,1.9959,chatter,,soundbible,chatter
wav_files/soundbible_riding-nyc-subway-car_e53401f6e3.wav,,10.0,ciy,,soundbible,ciy
wav_files/soundbible_spooky-heart-beats_745e798fa1.wav,,3.0444,horror,,soundbible,horror
wav_files/soundbible_fly-buzzing_f4219de023.wav,,4.0976,annoying,,soundbible,annoying
wav_files/soundbible_winston-churchill-nazi-speech_92dc0936db.wav,,10.0,germany,,soundbible,germany
wav_files/soundbible_single-water-droplet_cf3f82453a.wav,,2.677,drip,,soundbible,drip
wav_files/soundbible_spooky-water-drops_63864e20f1.wav,,4.8224,hell,,soundbible,hell
wav_files/soundbible_velcro-rip_b64dcc4b82.wav,,5.0,velcro,,soundbible,velcro
wav_files/soundbible_water-droplet_356b44333a.wav,,2.0,water,,soundbible,water
wav_files/soundbible_real-heart-beat_869aaa20a9.wav,,10.0,real heart beat,,soundbible,real heart beat
wav_files/soundbible_gatling-gun-firing-2x_5664dadb3d.wav,,2.4237,gatling gun,,soundbible,gatling gun
wav_files/soundbible_gatling-gun-firing-2x_04795bb2e7.wav,,2.3927,gatling gun,,soundbible,gatling gun
wav_files/soundbible_neck-breaking_e3c2f5b579.wav,,5.0,neck snap,,soundbible,neck snap
wav_files/soundbible_38-caliber-gun-shot-5x_ba69eb164c.wav,,2.8364,38 caliber,,soundbible,38 caliber
wav_files/soundbible_mortar-explosions-x3_d72ef31ed3.wav,,7.7609,war,,soundbible,war
wav_files/soundbible_mosquito-buzzing_ab730cd77e.wav,,3.9965,wings,,soundbible,wings
wav_files/soundbible_38-caliber-gun-shot-5x_b04d1264d1.wav,,2.9878,38 caliber,,soundbible,38 caliber
wav_files/soundbible_50-caliber-machine-gun_b168e4dbcc.wav,,2.0,war,,soundbible,war
wav_files/soundbible_of-suspense_6e3b0bd67d.wav,,2.0,suspense,,soundbible,suspense
wav_files/soundbible_dirty-record-skipping_73a373ebc1.wav,,10.0,dj,,soundbible,dj
wav_files/soundbible_50-caliber-machine-gun_820dd16b60.wav,,1.1871,war,,soundbible,war
wav_files/soundbible_dying-soul_cc65bc8c40.wav,,4.05,death,,soundbible,death
wav_files/soundbible_dying-soul_3da80b556b.wav,,4.05,death,,soundbible,death
wav_files/soundbible_water-down-gutter-1_322e0eed4b.wav,,10.0,house,,soundbible,house
wav_files/soundbible_mortar-explosions-x3_bedaa87149.wav,,7.6868,war,,soundbible,war
wav_files/soundbible_super-burp_802d91819e.wav,,10.0,gross,,soundbible,gross
wav_files/soundbible_tearing-flesh-and-bone_074b3694bb.wav,,2.7992,flesh ripping,,soundbible,flesh ripping
wav_files/soundbible_of-suspense_6ebb55a060.wav,,1.2307,suspense,,soundbible,suspense
wav_files/soundbible_f-16-dropping-bombs_866d43a2fd.wav,,7.8966,war,,soundbible,war
wav_files/soundbible_f-16-dropping-bombs_68a828540e.wav,,7.8218,war,,soundbible,war
wav_files/soundbible_news-report-opening_12fc5264f1.wav,,10.0,news report opening,,soundbible,news report opening
wav_files/soundbible_crickets-at-night_d493980c62.wav,,10.0,cricket noise,,soundbible,cricket noise
wav_files/soundbible_typing-on-computer-keyboard_2960c35ec4.wav,,4.5252,office,,soundbible,office
wav_files/soundbible_rush-hour-traffic_c5d72e3b22.wav,,8.4347,car,,soundbible,car
wav_files/soundbible_rush-hour-traffic_041bfa65f4.wav,,8.3902,car,,soundbible,car
wav_files/soundbible_toad-at-forest-edge_6843719d51.wav,,5.8656,Toad,,soundbible,Toad
wav_files/soundbible_puppy-dog-barking_b3ecad5d43.wav,,9.1429,annoying,,soundbible,annoying
wav_files/soundbible_extreme-horror-fx_88b181d251.wav,,10.0,evil,,soundbible,evil
wav_files/soundbible_dialing-phone-number_08b166e1a7.wav,,6.8865,Dialing a Number,,soundbible,Dialing a Number
wav_files/soundbible_house-finch_072e470e93.wav,,8.8209,house finch,,soundbible,house finch
wav_files/soundbible_monkeys-monkeying-around_29f38fb764.wav,,2.7543,zoo,,soundbible,zoo
wav_files/soundbible_goat_37e419e314.wav,,8.5897,farm,,soundbible,farm
wav_files/soundbible_tearing-flesh-and-bone_77e984272b.wav,,2.7992,flesh ripping,,soundbible,flesh ripping
wav_files/soundbible_alien-creatures_b71a502390.wav,,10.0,alien,,soundbible,alien
wav_files/soundbible_elephant-calls_a5aba7ccee.wav,,2.8309,large,,soundbible,large
wav_files/soundbible_knife-scrape-horror_ffb6cac24f.wav,,10.0,scary,,soundbible,scary
wav_files/soundbible_zippo-lighter-click_c71e255a9b.wav,,2.0,click,,soundbible,click
wav_files/soundbible_bobcat-cries-and-calls_d018de9189.wav,,2.0,nature,,soundbible,nature
wav_files/soundbible_bobcat-cries-and-calls_302b82006e.wav,,1.3061,nature,,soundbible,nature
wav_files/soundbible_spooky-water-drops_690c2299d0.wav,,6.0,hell,,soundbible,hell
wav_files/soundbible_metal-impact-hollow_f60390acc8.wav,,2.0,metal,,soundbible,metal
wav_files/soundbible_zippo-lighter-click_a0cffd98d7.wav,,1.3885,click,,soundbible,click
wav_files/soundbible_monkeys-monkeying-around_437d681803.wav,,2.9519,zoo,,soundbible,zoo
wav_files/soundbible_copier-machine_7dfc6d10c1.wav,,10.0,impact,,soundbible,impact
wav_files/soundbible_button-clicking_8e26ee197a.wav,,2.0,button,,soundbible,button
wav_files/soundbible_riding-nyc-subway-car_c2984d7dfd.wav,,10.0,ciy,,soundbible,ciy
wav_files/soundbible_boat-horn_7fc0eb4752.wav,,5.1807,boat horn,,soundbible,boat horn
wav_files/soundbible_real-messy-fart_37fefac00f.wav,,10.0,gross,,soundbible,gross
wav_files/soundbible_pouring-bowl-cereal_a880b5eb1b.wav,,5.0729,kitchen,,soundbible,kitchen
wav_files/soundbible_turn-on-air-conditioning_222d9f525d.wav,,3.2344,air conditioning,,soundbible,air conditioning
wav_files/soundbible_spooky-heart-beats_b93645f4ff.wav,,10.0,horror,,soundbible,horror
wav_files/soundbible_old-electrical-buzz-alarm_9df24b6dc5.wav,,9.6245,old,,soundbible,old
wav_files/soundbible_elephant-calls_f3ce5b04d3.wav,,3.368,large,,soundbible,large
wav_files/soundbible_buzz-saw_1cf8ad3ac0.wav,,5.2767,wood,,soundbible,wood
wav_files/soundbible_goat_c53b522ea5.wav,,8.5219,farm,,soundbible,farm
wav_files/soundbible_alarm-alert-effect_683f67f745.wav,,10.0,alarm,,soundbible,alarm
wav_files/soundbible_pin-or-ting-metal-plate_09dd08773b.wav,,2.0,metal,,soundbible,metal
wav_files/soundbible_electric-shock-zap_12789fe355.wav,,2.0,electricity,,soundbible,electricity
wav_files/soundbible_cash-register-cha-ching_74b83a3fce.wav,,2.0,Cash Register,,soundbible,Cash Register
wav_files/soundbible_electric-shock-zap_11705ec328.wav,,1.7988,electricity,,soundbible,electricity
wav_files/soundbible_real-heart-beat_d91e9da757.wav,,10.0,real heart beat,,soundbible,real heart beat
wav_files/soundbible_mockingbird-call_366e81f24a.wav,,7.9243,mocking bird call,,soundbible,mocking bird call
wav_files/soundbible_turn-on-air-conditioning_7cf3174c31.wav,,3.7356,air conditioning,,soundbible,air conditioning
wav_files/soundbible_bird-song_6c64c2063a.wav,,10.0,bird,,soundbible,bird
wav_files/soundbible_camera-click_24d9359448.wav,,2.0,camera,,soundbible,camera
wav_files/soundbible_blue-jay-call_62d2d0cd3e.wav,,6.7177,blue jay,,soundbible,blue jay
wav_files/soundbible_mockingbird-call_d2abc62057.wav,,7.8696,mocking bird call,,soundbible,mocking bird call
wav_files/soundbible_911-has-been-changed_8444a412fc.wav,,7.2968,fun,,soundbible,fun
wav_files/soundbible_spray-bottle-of-water_96cb7feabb.wav,,3.8636,mist,,soundbible,mist
wav_files/soundbible_ricochet-of-a-bullet_25a4732293.wav,,2.0,ricochet,,soundbible,ricochet
wav_files/soundbible_pushing-in-old-cassette_269eba7648.wav,,4.0813,cassette,,soundbible,cassette
wav_files/soundbible_boat-horn_ba4bf43196.wav,,6.5306,boat horn,,soundbible,boat horn
wav_files/soundbible_911-has-been-changed_1b23569803.wav,,7.6278,fun,,soundbible,fun
wav_files/soundbible_beach-waves_73cdba1d80.wav,,10.0,beach,,soundbible,beach
wav_files/soundbible_heavy-sigh_1285b5ebae.wav,,2.0,sigh,,soundbible,sigh
wav_files/soundbible_military-helicopter_dfa1584b61.wav,,9.6548,military helicopter,,soundbible,military helicopter
wav_files/soundbible_me-burping-a-decent-burp_7d4f1683f8.wav,,2.0,burp,,soundbible,burp
wav_files/soundbible_pouring-bowl-cereal_eb2c4bffa4.wav,,5.1162,kitchen,,soundbible,kitchen
wav_files/soundbible_blue-jay-call_3b4e3401f5.wav,,6.6522,blue jay,,soundbible,blue jay
wav_files/soundbible_old-electrical-buzz-alarm_ccb8c33e25.wav,,9.6245,old,,soundbible,old
wav_files/soundbible_heavy-sigh_32b4786464.wav,,1.3106,sigh,,soundbible,sigh
wav_files/soundbible_chain-fence-jump_4c67e8cb1a.wav,,2.0,chase,,soundbible,chase
wav_files/soundbible_spray-bottle-of-water_f2c4141790.wav,,4.4459,mist,,soundbible,mist
wav_files/soundbible_pouring-rain-on-cement_1aeeeb2dd9.wav,,10.0,house,,soundbible,house
wav_files/soundbible_ping-pong-game_0ec0a36680.wav,,10.0,recreation,,soundbible,recreation
wav_files/soundbible_lightning-strike-summer-storm_754ea60805.wav,,10.0,lightning strike,,soundbible,lightning strike
wav_files/soundbible_glass-cookie-jar_e38ccc3651.wav,,2.0,glass,,soundbible,glass
wav_files/soundbible_home-phone-ringing_aad69f5485.wav,,10.0,phone ring,,soundbible,phone ring
wav_files/soundbible_dig-in-a-cat-litter-box_687f71daf5.wav,,3.4134,dig,,soundbible,dig
wav_files/soundbible_african-tribal-circle_7781013405.wav,,4.2539,drum circle,,soundbible,drum circle
wav_files/soundbible_osprey-bird-call_4ac6e5d475.wav,,7.5541,nature,,soundbible,nature
wav_files/soundbible_glass-cookie-jar_a684ea6bcc.wav,,1.8992,glass,,soundbible,glass
wav_files/soundbible_crickets-at-night_b19a70a9f8.wav,,10.0,cricket noise,,soundbible,cricket noise
wav_files/soundbible_large-thump-or-bump_bd591c3565.wav,,2.0,thump,,soundbible,thump
wav_files/soundbible_wave-crashing-at-beach_babc97f45f.wav,,2.9566,low tide,,soundbible,low tide
wav_files/soundbible_wookie-chewbacca-impression_b6b1bbd3b2.wav,,2.0,wookie,,soundbible,wookie
wav_files/soundbible_wookie-chewbacca-impression_cb607f5d6c.wav,,1.0969,wookie,,soundbible,wookie
wav_files/soundbible_chain-fence-jump_c810306a6b.wav,,2.4142,chase,,soundbible,chase
wav_files/soundbible_large-thump-or-bump_974e7556bc.wav,,1.5935,thump,,soundbible,thump
wav_files/soundbible_i-am-dracula_cd6ee9dcdb.wav,,3.5377,dracula,,soundbible,dracula
wav_files/soundbible_guy-farts-while-watching-tv_fd971adfb6.wav,,3.9103,gross,,soundbible,gross
wav_files/soundbible_taking-a-bath_ec47bba88f.wav,,10.0,bath,,soundbible,bath
wav_files/soundbible_dig-in-a-cat-litter-box_5afb559cb3.wav,,3.4134,dig,,soundbible,dig
wav_files/soundbible_african-tribal-circle_722552fe9e.wav,,4.5714,drum circle,,soundbible,drum circle
wav_files/soundbible_i-am-dracula_aec4640c2b.wav,,3.5377,dracula,,soundbible,dracula
wav_files/soundbible_heart-beating_a536ab3a53.wav,,9.3318,beating,,soundbible,beating
wav_files/soundbible_thunder-clap_81d6c12e79.wav,,10.0,storm,,soundbible,storm
wav_files/soundbible_fork-lift-industrial_bc65e007ed.wav,,6.9539,fork lift,,soundbible,fork lift
wav_files/soundbible_military-helicopter_ba1b364db7.wav,,10.0,military helicopter,,soundbible,military helicopter
wav_files/soundbible_kid-talking-about-spongebob_7b6c27ece4.wav,,8.7387,tv,,soundbible,tv
wav_files/soundbible_snoring-male_4513cadd7d.wav,,10.0,sleeping,,soundbible,sleeping
wav_files/soundbible_citty-traffic-ambiance_08ce90d7fb.wav,,10.0,city,,soundbible,city
wav_files/soundbible_summer-crickets-chirping_01fe7c32a3.wav,,9.5162,cricket noise,,soundbible,cricket noise
wav_files/soundbible_coyote-call_c6bc156493.wav,,2.0,wilderness,,soundbible,wilderness
wav_files/soundbible_down-on-the-farm_acf40dec34.wav,,10.0,farm,,soundbible,farm
wav_files/soundbible_wave-crashing-at-beach_3efdb3914b.wav,,4.2841,low tide,,soundbible,low tide
wav_files/soundbible_guy-farts-while-watching-tv_cad411043b.wav,,6.5994,gross,,soundbible,gross
wav_files/soundbible_bicycle-bell-ringing_5b82f2a7a7.wav,,2.0,bicycle,,soundbible,bicycle
wav_files/soundbible_fuzzy-beep_05fcb3c64b.wav,,2.0,beep,,soundbible,beep
wav_files/soundbible_coyote-call_e53d156e0a.wav,,1.1796,wilderness,,soundbible,wilderness
wav_files/soundbible_backwards-souls_c6a8a0ba19.wav,,10.0,backwards souls,,soundbible,backwards souls
wav_files/soundbible_axe-swing_5c2ff950c2.wav,,2.0,nature,,soundbible,nature
wav_files/soundbible_long-applause_393ef7a472.wav,,6.0755,applause,,soundbible,applause
wav_files/soundbible_industrial-alarm_5d92351493.wav,,2.2296,alarm,,soundbible,alarm
wav_files/soundbible_axe-swing_3831501d82.wav,,1.7864,nature,,soundbible,nature
wav_files/soundbible_wet-fart-squish_c33787b677.wav,,2.0,fart,,soundbible,fart
wav_files/soundbible_home-phone-ringing_c953b7c518.wav,,10.0,phone ring,,soundbible,phone ring
wav_files/soundbible_fart-reverberating-bathroom_d2ae76f977.wav,,2.0,fart,,soundbible,fart
wav_files/soundbible_rainforest_d00152a06c.wav,,10.0,nature,,soundbible,nature
wav_files/soundbible_industrial-alarm_1ca1c348af.wav,,2.2296,alarm,,soundbible,alarm
wav_files/soundbible_bullets-guns-cannons_1f1c4128d9.wav,,6.9498,war,,soundbible,war
wav_files/soundbible_taking-a-bath_ceb8885ceb.wav,,10.0,bath,,soundbible,bath
wav_files/soundbible_bullets-guns-cannons_cd05a0684d.wav,,7.0096,war,,soundbible,war
wav_files/soundbible_fishtank-bubbles_4cd92a2d0b.wav,,10.0,fish,,soundbible,fish
wav_files/soundbible_mortar-round-fire_289a5afd9c.wav,,2.5975,Battle,,soundbible,Battle
wav_files/soundbible_alien-creatures_ea5e7b0947.wav,,10.0,alien,,soundbible,alien
wav_files/soundbible_heart-beating_6a19755efe.wav,,9.6914,beating,,soundbible,beating
wav_files/soundbible_copier-machine_d7bfdc4ec3.wav,,10.0,impact,,soundbible,impact
wav_files/soundbible_winston-churchill-nazi-speech_72ca39777f.wav,,10.0,germany,,soundbible,germany
wav_files/soundbible_bicycle-bell-ringing_ac9837488c.wav,,4.1013,bicycle,,soundbible,bicycle
wav_files/soundbible_medium-pack-of-wolves-howling_2059bde0f2.wav,,10.0,cricket noise,,soundbible,cricket noise
wav_files/soundbible_woodpecker-tapping-tree_1588b989c4.wav,,10.0,wood,,soundbible,wood
wav_files/soundbible_summer-crickets-chirping_21f0756b09.wav,,10.0,cricket noise,,soundbible,cricket noise
wav_files/soundbible_whales-spouting-out-water_2f6a197dee.wav,,10.0,sea,,soundbible,sea
wav_files/soundbible_tundra-swans_e263409e08.wav,,10.0,birds,,soundbible,birds
wav_files/soundbible_long-applause_f1a5d0c372.wav,,6.1533,applause,,soundbible,applause
wav_files/soundbible_citty-traffic-ambiance_355c22d7ff.wav,,10.0,city,,soundbible,city
wav_files/soundbible_many-wolves-howling_4eda4280a0.wav,,10.0,wolf pack,,soundbible,wolf pack
wav_files/soundbible_molotov-cocktail-bomb_802302944e.wav,,6.0343,bomb,,soundbible,bomb
wav_files/soundbible_terns-talking-at-beach_419d8ab97e.wav,,10.0,Terns,,soundbible,Terns
wav_files/soundbible_beach-waves_73987498cd.wav,,10.0,beach,,soundbible,beach
wav_files/soundbible_seabirds-at-oceans-edge_5b9f7f1c2f.wav,,10.0,nature,,soundbible,nature
wav_files/soundbible_thousands-of-wood-storks_cce6512b23.wav,,10.0,roost,,soundbible,roost
wav_files/soundbible_shorebirds-talking-on-beach_f4d32dd728.wav,,10.0,chatter,,soundbible,chatter
wav_files/soundbible_down-on-the-farm_46e1c3e3c7.wav,,10.0,farm,,soundbible,farm
wav_files/soundbible_sports-bar-patrons-loud_c7bfc2bc0b.wav,,7.2108,sports,,soundbible,sports
wav_files/soundbible_homerun-baseball-game_aaaee6dff6.wav,,2.0,baseball,,soundbible,baseball
wav_files/soundbible_mortar-round-fire_3c74f80fe9.wav,,3.3722,Battle,,soundbible,Battle
wav_files/soundbible_rifle-gun-shot_abbb6d5c57.wav,,2.0,rifle,,soundbible,rifle
wav_files/soundbible_asian-gong-hit_6793320552.wav,,4.5495,entrance,,soundbible,entrance
wav_files/soundbible_snow-geese-flock_4233284e2e.wav,,10.0,snow,,soundbible,snow
wav_files/soundbible_boing-cartoonish_95316d6c83.wav,,2.0,funny,,soundbible,funny
wav_files/soundbible_typing-on-old-typewriter_f8d8032c7f.wav,,2.1437,typewriter,,soundbible,typewriter
wav_files/soundbible_lightning-strike-summer-storm_21ffa64ca5.wav,,10.0,lightning strike,,soundbible,lightning strike
wav_files/soundbible_close-vault-or-jail-door_9c7ebcaa1d.wav,,2.0,bank vault,,soundbible,bank vault
wav_files/soundbible_rifle-gun-shot_1428acc57b.wav,,1.8878,rifle,,soundbible,rifle
wav_files/soundbible_hello-echoes-down-well_d1277555bb.wav,,3.822,echoes,,soundbible,echoes
wav_files/soundbible_boing-cartoonish_2bc4e6cff4.wav,,1.8765,funny,,soundbible,funny
wav_files/soundbible_car-screech-and-crash_786badafa8.wav,,5.626,city,,soundbible,city
wav_files/soundbible_hello-echoes-down-well_99e2a7ecc4.wav,,3.8705,echoes,,soundbible,echoes
wav_files/soundbible_typing-on-old-typewriter_2e85a5f1d2.wav,,2.1437,typewriter,,soundbible,typewriter
wav_files/soundbible_phone-off-the-hook_a8bb7a63b7.wav,,9.3081,suspenseful,,soundbible,suspenseful
wav_files/soundbible_really-big-burp_3a5616c6a7.wav,,2.0,big burp,,soundbible,big burp
wav_files/soundbible_howard-dean-screaming_082d0ddedb.wav,,2.0,howard dean screaming,,soundbible,howard dean screaming
wav_files/soundbible_really-big-burp_8b056b1911.wav,,1.1306,big burp,,soundbible,big burp
wav_files/soundbible_scream-and-die-fx_c642807843.wav,,2.0,scream,,soundbible,scream
wav_files/soundbible_scream-and-die-fx_6904ea9384.wav,,1.795,scream,,soundbible,scream
wav_files/soundbible_beam-me-up-scotty_32ed33d1d7.wav,,3.8196,teleporter,,soundbible,teleporter
wav_files/soundbible_asian-gong-hit_c0b9e17721.wav,,4.5495,entrance,,soundbible,entrance
wav_files/soundbible_comical-radio-station-sounds_ba4bc8a8cb.wav,,10.0,radio station,,soundbible,radio station
wav_files/soundbible_tree-falling-in-woods_7d93562715.wav,,7.0039,tree,,soundbible,tree
wav_files/soundbible_phone-off-the-hook_7b0945b8c4.wav,,9.3081,suspenseful,,soundbible,suspenseful
wav_files/soundbible_alarm-alert-effect_7acfd1a8c1.wav,,10.0,alarm,,soundbible,alarm
wav_files/soundbible_comical-radio-station-sounds_e601799d63.wav,,10.0,radio station,,soundbible,radio station
wav_files/soundbible_tree-falling-in-woods_fe5b5b6269.wav,,7.1141,tree,,soundbible,tree
wav_files/soundbible_howard-dean-screaming_37688af7ba.wav,,1.4164,howard dean screaming,,soundbible,howard dean screaming
wav_files/soundbible_beam-me-up-scotty_51c38754d9.wav,,5.0,teleporter,,soundbible,teleporter
wav_files/soundbible_seabirds-at-oceans-edge_3c0a437006.wav,,10.0,nature,,soundbible,nature
wav_files/soundbible_blackbird-bird-call_914ff2b5dc.wav,,2.0,meadow,,soundbible,meadow
wav_files/soundbible_horses-galloping-off_7d2ba39bf9.wav,,10.0,horse,,soundbible,horse
wav_files/soundbible_shorebirds-talking-on-beach_b5d66f6d8c.wav,,10.0,chatter,,soundbible,chatter
wav_files/soundbible_peeper-frogs-near-lake_9a932f65ab.wav,,10.0,peeper,,soundbible,peeper
wav_files/soundbible_fork-lift-industrial_dc28a8cb7f.wav,,7.7845,fork lift,,soundbible,fork lift
wav_files/soundbible_frogs-in-the-rainforest_998eaeaff3.wav,,10.0,frog,,soundbible,frog
wav_files/soundbible_loons-or-water-fowl_c103ce3e80.wav,,10.0,water fowl,,soundbible,water fowl
wav_files/soundbible_great-goldfinch-song_dcfe823eac.wav,,9.469,Elk Bellows,,soundbible,Elk Bellows
wav_files/soundbible_horses-galloping-off_994314401b.wav,,10.0,horse,,soundbible,horse
wav_files/soundbible_elk-bellowing-in-forest-2_7d02d451f8.wav,,10.0,Elk Bellows,,soundbible,Elk Bellows
wav_files/soundbible_sports-bar-patrons-loud_209397267e.wav,,10.0,sports,,soundbible,sports
wav_files/soundbible_elk-bellowing-in-forest_b03e68296a.wav,,6.221,Elk Bellows,,soundbible,Elk Bellows
wav_files/soundbible_children-playing_ce741a5790.wav,,10.0,Indoor swimming pool,,soundbible,Indoor swimming pool
wav_files/soundbible_snoring-male_e9a0858a4e.wav,,10.0,sleeping,,soundbible,sleeping
wav_files/soundbible_chicks-feeding_20df1c273b.wav,,10.0,food,,soundbible,food
wav_files/soundbible_blue-heron-fishing_1b1b1d73b5.wav,,10.0,Blue Heron Fishing,,soundbible,Blue Heron Fishing
wav_files/soundbible_church-bells-ringing_223c164032.wav,,10.0,church,,soundbible,church
wav_files/soundbible_blackbird-bird-call_c28ed62d38.wav,,8.137,meadow,,soundbible,meadow
wav_files/soundbible_bear-growl-and-roar_aeb85f577f.wav,,10.0,baby,,soundbible,baby
wav_files/soundbible_elk-bellowing-in-forest_2ca0420778.wav,,6.337,Elk Bellows,,soundbible,Elk Bellows
wav_files/soundbible_bear-growl-and-roar-2_a0b0a48a25.wav,,10.0,baby,,soundbible,baby
wav_files/soundbible_3-baby-cubs-grunt-and-growl_f3a284bb13.wav,,10.0,baby,,soundbible,baby
wav_files/soundbible_bats-vocalizing_80b5c8adab.wav,,10.0,bat,,soundbible,bat
wav_files/soundbible_whales-spouting-out-water_fe981103e4.wav,,10.0,sea,,soundbible,sea
wav_files/soundbible_thunder-clap_939ecb886c.wav,,10.0,storm,,soundbible,storm
wav_files/soundbible_terns-talking-at-beach_1a5f3cb701.wav,,10.0,Terns,,soundbible,Terns
wav_files/soundbible_rattlesnake-rattle_d99539d2dc.wav,,10.0,rattle,,soundbible,rattle
wav_files/soundbible_geese-honking_9ba3258684.wav,,10.0,Geese Honking,,soundbible,Geese Honking
wav_files/soundbible_tundra-swans_743faa131e.wav,,10.0,birds,,soundbible,birds
wav_files/soundbible_woodpecker-tapping-tree_d6b5989aef.wav,,10.0,wood,,soundbible,wood
wav_files/soundbible_alligator-hissing_1a7df40ea8.wav,,10.0,alligator,,soundbible,alligator
wav_files/soundbible_rough-toothed-dolphin_cce8a82bb9.wav,,10.0,hydrophone,,soundbible,hydrophone
wav_files/soundbible_great-goldfinch-song_2c03dee869.wav,,9.457,Elk Bellows,,soundbible,Elk Bellows
wav_files/soundbible_amazon-frogs-in-jungle_2d44e2ea7a.wav,,4.655,rain forest,,soundbible,rain forest
wav_files/soundbible_snow-geese-flock_d6dbfaba1b.wav,,10.0,snow,,soundbible,snow
wav_files/soundbible_medium-pack-of-wolves-howling_8af7cf95d9.wav,,10.0,cricket noise,,soundbible,cricket noise
wav_files/soundbible_fishtank-bubbles_18caf8fd82.wav,,10.0,fish,,soundbible,fish
wav_files/soundbible_chicks-feeding_8fc2598d9d.wav,,10.0,food,,soundbible,food
wav_files/soundbible_orca-whales-talking_edaef6d60d.wav,,10.0,natural,,soundbible,natural
wav_files/soundbible_humpback-whales_16a24f4e71.wav,,10.0,natural,,soundbible,natural
wav_files/soundbible_hippos-in-a-river_5cd7d7d35d.wav,,10.0,hippo,,soundbible,hippo
wav_files/soundbible_frogs-in-the-forest_7635d11196.wav,,6.6653,frogs,,soundbible,frogs
wav_files/soundbible_fish-splashing_d63693e3dc.wav,,2.4656,hydrophone,,soundbible,hydrophone
wav_files/soundbible_geese-honking_0852b6fac3.wav,,10.0,Geese Honking,,soundbible,Geese Honking
wav_files/soundbible_amazon-frogs-in-jungle_f71f27ca97.wav,,4.8066,rain forest,,soundbible,rain forest
wav_files/soundbible_wolf-growling_398e88f17a.wav,,5.5178,Wolf growl,,soundbible,Wolf growl
wav_files/soundbible_humpback-whale-feeding-calls_27853694ad.wav,,10.0,humpback whale,,soundbible,humpback whale
wav_files/soundbible_quick-an-small-fart_482c7b3635.wav,,2.0,baby fart,,soundbible,baby fart
wav_files/soundbible_fish-splashing_dce113a008.wav,,2.4656,hydrophone,,soundbible,hydrophone
wav_files/soundbible_wolf-growling_559e8918b1.wav,,5.688,Wolf growl,,soundbible,Wolf growl
wav_files/soundbible_thousands-of-wood-storks_08e86eac79.wav,,10.0,roost,,soundbible,roost
wav_files/soundbible_bats-vocalizing_c1d6433922.wav,,10.0,bat,,soundbible,bat
wav_files/soundbible_bear-growl-and-roar_6923858ee1.wav,,10.0,baby,,soundbible,baby
wav_files/soundbible_beer-can-opening_a10268b6ae.wav,,2.0,beer,,soundbible,beer
wav_files/soundbible_amazon-catfish-underwater_2564fd9c91.wav,,4.056,hydrophone,,soundbible,hydrophone
wav_files/soundbible_frogs-in-the-rainforest_fd4a0c6131.wav,,10.0,frog,,soundbible,frog
wav_files/soundbible_tearing-paper_7ea30a4962.wav,,2.0,rip,,soundbible,rip
wav_files/soundbible_tortured-person-screaming_e2f955c550.wav,,5.7495,no,,soundbible,no
wav_files/soundbible_rattlesnake-rattle_f40b6138ef.wav,,10.0,rattle,,soundbible,rattle
wav_files/soundbible_walking-on-gravel-bed_bdf0fb64db.wav,,4.5103,gravel,,soundbible,gravel
wav_files/soundbible_tortured-person-screaming_8b1ffe1023.wav,,5.7495,no,,soundbible,no
wav_files/soundbible_spooky-wind-howling_b30169fa72.wav,,5.3519,Spooky wind howling,,soundbible,Spooky wind howling
wav_files/soundbible_person-screaming-no_3381e8eeb9.wav,,1.9013,no,,soundbible,no
wav_files/soundbible_cow-mooing_020b0c000f.wav,,1.8191,animal,,soundbible,animal
wav_files/soundbible_walking-on-gravel-bed_2fe882f401.wav,,4.5103,gravel,,soundbible,gravel
wav_files/soundbible_spooky-wind-howling_933321c995.wav,,5.6019,Spooky wind howling,,soundbible,Spooky wind howling
wav_files/soundbible_cocking-gun_573dcadbc9.wav,,2.0,gun cock,,soundbible,gun cock
wav_files/soundbible_the-cats-meow_e467d45e64.wav,,7.4143,cat,,soundbible,cat
wav_files/soundbible_radar-detector-beeps_05f8633206.wav,,7.3225,beep,,soundbible,beep
wav_files/soundbible_city-sidewalk-and-pedestrians_810d502cae.wav,,10.0,pedestrians,,soundbible,pedestrians
wav_files/soundbible_amusement-park-ambiance_70d92b7f43.wav,,10.0,ambiance,,soundbible,ambiance
wav_files/soundbible_city-sidewalk-and-pedestrians_ce4ddf3f54.wav,,10.0,pedestrians,,soundbible,pedestrians
wav_files/soundbible_hockey-game-ambiance_aed9861a48.wav,,10.0,hockey,,soundbible,hockey
wav_files/soundbible_missile-fire-war_026eebe5a9.wav,,2.1004,Missile,,soundbible,Missile
wav_files/soundbible_achoo-sneeze-sound_af596309aa.wav,,10.0,achoo,,soundbible,achoo
wav_files/soundbible_evil-laugh_425a1dc7b0.wav,,3.5564,evil laugh,,soundbible,evil laugh
wav_files/soundbible_frogs-in-the-forest_18b8625ecf.wav,,6.6653,frogs,,soundbible,frogs
wav_files/soundbible_amusement-park-ambiance_217d8aedda.wav,,10.0,ambiance,,soundbible,ambiance
wav_files/soundbible_apollo-moon-landing_a715a647d2.wav,,10.0,moon,,soundbible,moon
wav_files/soundbible_evil-ambiance_5c1960ad4d.wav,,9.8731,evil ambiance,,soundbible,evil ambiance
wav_files/soundbible_ducks-landing-in-water_a06746c2ed.wav,,9.7765,lake,,soundbible,lake
wav_files/soundbible_missile-fire-war_b8360d26d5.wav,,2.1023,Missile,,soundbible,Missile
wav_files/soundbible_pigeon-coo_41c4708b9a.wav,,2.0,pigeon coo,,soundbible,pigeon coo
wav_files/soundbible_loon-bird-call_086cde0dac.wav,,5.34,Loon Bird,,soundbible,Loon Bird
wav_files/soundbible_mallard-duck-quacks_1f60092f73.wav,,8.1176,mallard duck quacks,,soundbible,mallard duck quacks
wav_files/soundbible_the-cats-meow_92367d1bff.wav,,8.8577,cat,,soundbible,cat
wav_files/soundbible_lark-sparrow-bird-call_daff4a7591.wav,,4.2814,lark sparrow,,soundbible,lark sparrow
wav_files/soundbible_3-baby-cubs-grunt-and-growl_281c519b8f.wav,,10.0,baby,,soundbible,baby
wav_files/soundbible_blue-jay-bird-call_c829e3c19b.wav,,7.8624,blue jay,,soundbible,blue jay
wav_files/soundbible_seagull-call_8b53e47416.wav,,9.4384,seagulls,,soundbible,seagulls
wav_files/soundbible_seashore-and-seagulls_106d4fbc27.wav,,9.2733,seagulls,,soundbible,seagulls
wav_files/soundbible_lark-sparrow-bird-call_b8ec55cf78.wav,,5.0466,lark sparrow,,soundbible,lark sparrow
wav_files/soundbible_achoo-sneeze-sound_318d326457.wav,,10.0,achoo,,soundbible,achoo
wav_files/soundbible_loon-bird-call_dbc771d2df.wav,,5.0466,Loon Bird,,soundbible,Loon Bird
wav_files/soundbible_seashore-and-seagulls_81a3395292.wav,,9.3599,seagulls,,soundbible,seagulls
wav_files/soundbible_movie-freaky-scene_50501ba4f4.wav,,10.0,reverb,,soundbible,reverb
wav_files/soundbible_im-reply-computer_c4f0290b08.wav,,2.0,Internet,,soundbible,Internet
wav_files/soundbible_dog-toy-squeaks_c6352a7b0c.wav,,2.0,dog,,soundbible,dog
wav_files/soundbible_pouring-a-glass-full_5e877fc660.wav,,10.0,thirsty,,soundbible,thirsty
wav_files/soundbible_click-button-2_16b680ea61.wav,,2.0,click,,soundbible,click
wav_files/soundbible_toilet-flush-refill_3491bfaef9.wav,,10.0,bathroom,,soundbible,bathroom
wav_files/soundbible_apollo-moon-landing_52bb1058ad.wav,,10.0,moon,,soundbible,moon
wav_files/soundbible_shake-dice_af713b01b6.wav,,3.0659,dice,,soundbible,dice
wav_files/soundbible_blue-jay-bird-call_b6531f1c88.wav,,8.3853,blue jay,,soundbible,blue jay
wav_files/soundbible_roll-dice-2_b1369c0335.wav,,2.3597,game,,soundbible,game
wav_files/soundbible_shake-and-roll-dice_a1092302d7.wav,,2.0,shake dice,,soundbible,shake dice
wav_files/soundbible_crowd-laughing_d5f95a22cf.wav,,8.4488,crowd laughing,,soundbible,crowd laughing
wav_files/soundbible_blue-heron-fishing_73a5695a1a.wav,,10.0,Blue Heron Fishing,,soundbible,Blue Heron Fishing
wav_files/soundbible_im-reply-computer_0e77a2a5f7.wav,,5.0,Internet,,soundbible,Internet
wav_files/soundbible_industrial-sewing-machine_ae158d756c.wav,,9.2049,city,,soundbible,city
wav_files/soundbible_ping-pong-game_34cb8682d1.wav,,10.0,recreation,,soundbible,recreation
wav_files/soundbible_boxing-punches_422e770374.wav,,2.0,1 2 3 combo punch,,soundbible,1 2 3 combo punch
wav_files/soundbible_boxing-punches_21274a41af.wav,,1.0116,1 2 3 combo punch,,soundbible,1 2 3 combo punch
wav_files/soundbible_button-click-on_72768a4964.wav,,5.0,click,,soundbible,click
wav_files/soundbible_shake-and-roll-dice_8e5e04f710.wav,,5.0,shake dice,,soundbible,shake dice
wav_files/soundbible_redneck-rolls-dice_1db50a4a9d.wav,,5.0,Snake Eyes,,soundbible,Snake Eyes
wav_files/soundbible_dog-toy-squeaks_356bd66456.wav,,5.0,dog,,soundbible,dog
wav_files/soundbible_torpedo-launching-sub_b38fa371ca.wav,,6.0922,splash,,soundbible,splash
wav_files/soundbible_computer-error_188f7d0f5e.wav,,2.0,xp,,soundbible,xp
wav_files/soundbible_click-button-2_a29cff0675.wav,,5.0,click,,soundbible,click
wav_files/soundbible_killer-movie-scene_052807c5c6.wav,,10.0,bloody shower,,soundbible,bloody shower
wav_files/soundbible_earthquake-tremors_53d39d12cc.wav,,10.0,tremor,,soundbible,tremor
wav_files/soundbible_puke-vomit-ralph_3e28828bc1.wav,,9.4901,vomiting,,soundbible,vomiting
wav_files/soundbible_girl-fart_dd38fdebb7.wav,,2.0,small fart,,soundbible,small fart
wav_files/soundbible_torpedo-launching-sub_9a5f33cbde.wav,,6.0922,splash,,soundbible,splash
wav_files/soundbible_explosion-and-debris_8f4f7a20d3.wav,,2.9039,war,,soundbible,war
wav_files/soundbible_elves-laughing-high-pitch_929f3ebacc.wav,,10.0,christmas,,soundbible,christmas
wav_files/soundbible_church-bells-ringing_155db1bf0b.wav,,10.0,church,,soundbible,church
wav_files/soundbible_alien-brain-scanner_2c570f6f59.wav,,10.0,machine,,soundbible,machine
wav_files/soundbible_dolphin-chatter_e97ece01aa.wav,,2.0,dolphin,,soundbible,dolphin
wav_files/soundbible_door-bell_e15bc1fda0.wav,,2.0,doorbell,,soundbible,doorbell
wav_files/soundbible_dinosaur-footstep_cdee355189.wav,,2.0,Dinosaur Footstep,,soundbible,Dinosaur Footstep
wav_files/soundbible_dinosaur-footstep_8b27ffc621.wav,,1.5848,Dinosaur Footstep,,soundbible,Dinosaur Footstep
wav_files/soundbible_girl-pees-in-toilet_f87ac0d60a.wav,,10.0,pee,,soundbible,pee
wav_files/soundbible_deep-male-burp_cd781c5fd6.wav,,2.0,burp,,soundbible,burp
wav_files/soundbible_explosion-and-debris_c8a9f79211.wav,,2.9039,war,,soundbible,war
wav_files/soundbible_dark-cavern-soundscape_e8a0fc9750.wav,,4.7664,glitches,,soundbible,glitches
wav_files/soundbible_loons-or-water-fowl_15b1115b1b.wav,,10.0,water fowl,,soundbible,water fowl
wav_files/soundbible_demons-screaming-in-hell_2030eb965a.wav,,10.0,Demons,,soundbible,Demons
wav_files/soundbible_cutting_4193278fcb.wav,,2.0,cutting,,soundbible,cutting
wav_files/soundbible_rough-toothed-dolphin_4abde1d855.wav,,10.0,hydrophone,,soundbible,hydrophone
wav_files/soundbible_asian-elephant_0ebdf033f0.wav,,5.4595,animals,,soundbible,animals
wav_files/soundbible_door-bell_6d7e005bcc.wav,,2.9913,doorbell,,soundbible,doorbell
wav_files/soundbible_elves-laughing-high-pitch_ef79e832f8.wav,,10.0,christmas,,soundbible,christmas
wav_files/soundbible_elk-bellowing-in-forest-2_023741af44.wav,,10.0,Elk Bellows,,soundbible,Elk Bellows
wav_files/soundbible_cubed-ice-machine_e91f43a7aa.wav,,8.8466,cubed ice,,soundbible,cubed ice
wav_files/soundbible_asian-elephant_0af66ae570.wav,,5.4667,animals,,soundbible,animals
wav_files/soundbible_african-lion_dab35b1c13.wav,,10.0,animals,,soundbible,animals
wav_files/soundbible_industrial-sewing-machine_65a48e9781.wav,,10.0,city,,soundbible,city
wav_files/soundbible_car-skidding_fd52094352.wav,,2.4701,car,,soundbible,car
wav_files/soundbible_single-crow_0c08aca5a4.wav,,6.6589,animals,,soundbible,animals
wav_files/soundbible_car-engine-revving_73decd8819.wav,,5.6947,car engine revving,,soundbible,car engine revving
wav_files/soundbible_car-drive-by_b4811afb21.wav,,7.9424,car,,soundbible,car
wav_files/soundbible_tune-radio_d1dc41efcb.wav,,2.0202,tune radio,,soundbible,tune radio
wav_files/soundbible_deep-male-burp_ad90c21780.wav,,5.0,burp,,soundbible,burp
wav_files/soundbible_dark-cavern-soundscape_75d17a9fe8.wav,,6.0009,glitches,,soundbible,glitches
wav_files/soundbible_tune-radio_fbd2cc1074.wav,,2.0202,tune radio,,soundbible,tune radio
wav_files/soundbible_puke-vomit-ralph_c756f5e069.wav,,9.7167,vomiting,,soundbible,vomiting
wav_files/soundbible_humpback-whales_2ce2a428e8.wav,,10.0,natural,,soundbible,natural
wav_files/soundbible_star-wars-dogfight_fd56f89241.wav,,4.7572,space,,soundbible,space
wav_files/soundbible_ufo-landing_14af45cc10.wav,,4.6954,alien,,soundbible,alien
wav_files/soundbible_radio-static_49d3a8f3c7.wav,,5.8656,static noise,,soundbible,static noise
wav_files/soundbible_star-wars-dogfight_07612f9939.wav,,4.7572,space,,soundbible,space
wav_files/soundbible_ufo-exit_7d7c19d7f7.wav,,4.7285,alien,,soundbible,alien
wav_files/soundbible_spraying-deodorant_ca712ec2dc.wav,,2.0,smell,,soundbible,smell
wav_files/soundbible_staple-gun_ab5705646f.wav,,2.0,workshop,,soundbible,workshop
wav_files/soundbible_car-skidding_36fa77c958.wav,,4.7021,car,,soundbible,car
wav_files/soundbible_seal-call-zoo_02dd0b6db9.wav,,2.0,zoo,,soundbible,zoo
wav_files/soundbible_african-lion_80aa67c27a.wav,,10.0,animals,,soundbible,animals
wav_files/soundbible_spraying-deodorant_9f22f8de7d.wav,,1.5086,smell,,soundbible,smell
wav_files/soundbible_evil-laugh-male-4_71f17bd0e9.wav,,3.5884,Evil Laugh Male,,soundbible,Evil Laugh Male
wav_files/soundbible_computer-error_5f850649c5.wav,,5.0,xp,,soundbible,xp
wav_files/soundbible_seal-call-zoo_12faaca0ee.wav,,1.0159,zoo,,soundbible,zoo
wav_files/soundbible_alien-brain-scanner_14bbba54f6.wav,,10.0,machine,,soundbible,machine
wav_files/soundbible_astronaut-breathing_ea385170f2.wav,,10.0,Spaceman Breathing,,soundbible,Spaceman Breathing
wav_files/soundbible_evil-laugh-male-2_945019455f.wav,,3.5368,Evil Laugh Male,,soundbible,Evil Laugh Male
wav_files/soundbible_radio-static_3e705d7e9a.wav,,5.9559,static noise,,soundbible,static noise
wav_files/soundbible_female-counts-to-ten_5fce885761.wav,,10.0,female,,soundbible,female
wav_files/soundbible_evil-laugh-male-4_6001705d96.wav,,3.7328,Evil Laugh Male,,soundbible,Evil Laugh Male
wav_files/soundbible_cracking-peanut-shells_b3b7915e2d.wav,,2.0,Cracking Peanuts Shell,,soundbible,Cracking Peanuts Shell
wav_files/soundbible_evil-laugh-male-2_7379fa5a9a.wav,,3.9762,Evil Laugh Male,,soundbible,Evil Laugh Male
wav_files/soundbible_evil-laugh-male-3_6d16ced3e8.wav,,4.0415,Evil Laugh Male,,soundbible,Evil Laugh Male
wav_files/soundbible_baby-sneeze_3b760f48af.wav,,2.0,kitchen,,soundbible,kitchen
wav_files/soundbible_car-engine-revving_09c68fea28.wav,,5.6947,car engine revving,,soundbible,car engine revving
wav_files/soundbible_female-sigh_4dc4dab444.wav,,2.0,human,,soundbible,human
wav_files/soundbible_evil-laugh-male-3_652fee89c7.wav,,4.4902,Evil Laugh Male,,soundbible,Evil Laugh Male
wav_files/soundbible_baby-sneeze_0987815cf9.wav,,1.3569,kitchen,,soundbible,kitchen
wav_files/soundbible_female-sigh_cafa091984.wav,,2.7226,human,,soundbible,human
wav_files/soundbible_werewolf-howl_e5520600bb.wav,,4.7736,evil,,soundbible,evil
wav_files/soundbible_cracking-peanut-shells_5ffdfc3659.wav,,1.6856,Cracking Peanuts Shell,,soundbible,Cracking Peanuts Shell
wav_files/soundbible_woman-screaming-2_cbf701f65c.wav,,9.4315,Woman Scream,,soundbible,Woman Scream
wav_files/soundbible_suspense-chord_733a269ef0.wav,,2.0,horror,,soundbible,horror
wav_files/soundbible_asian-air-raid-siren_b1b8398ed4.wav,,10.0,Asian,,soundbible,Asian
wav_files/soundbible_evil-laugh-male-1_80513d661a.wav,,4.409,Evil Laugh Male,,soundbible,Evil Laugh Male
wav_files/soundbible_werewolf-howl_10c9ebb32a.wav,,4.7736,evil,,soundbible,evil
wav_files/soundbible_inhaling-loudly_6456a2c3c3.wav,,2.0,sucking,,soundbible,sucking
wav_files/soundbible_woman-screaming-2_559c84279b.wav,,9.4315,Woman Scream,,soundbible,Woman Scream
wav_files/soundbible_suspense-chord_2b5da4a87d.wav,,1.4905,horror,,soundbible,horror
wav_files/soundbible_metal-gong_bc2f9e54b9.wav,,6.1665,Metal Gong,,soundbible,Metal Gong
wav_files/soundbible_fuse-burning_da3a949fd9.wav,,2.0,fireplace,,soundbible,fireplace
wav_files/soundbible_killer-movie-scene_78532a9309.wav,,10.0,bloody shower,,soundbible,bloody shower
wav_files/soundbible_crushing-can-on-head_8341450017.wav,,3.4502,Crushing Can Head,,soundbible,Crushing Can Head
wav_files/soundbible_crystal-glass_99a5646002.wav,,7.442,vibrate,,soundbible,vibrate
wav_files/soundbible_demons-screaming-in-hell_40bc9c8759.wav,,10.0,Demons,,soundbible,Demons
wav_files/soundbible_movie-freaky-scene_21eadfed82.wav,,10.0,reverb,,soundbible,reverb
wav_files/soundbible_computer-error_1e4f132146.wav,,2.0,Computer Error,,soundbible,Computer Error
wav_files/soundbible_dog-licking_a7d63356e4.wav,,5.2901,gross,,soundbible,gross
wav_files/soundbible_hippos-in-a-river_f3a3b7259c.wav,,10.0,hippo,,soundbible,hippo
wav_files/soundbible_fuse-burning_2a766ca95e.wav,,1.4152,fireplace,,soundbible,fireplace
wav_files/soundbible_car-door_3946e0825a.wav,,4.9633,car,,soundbible,car
wav_files/soundbible_button-push-sound_913e814ec6.wav,,2.0,vista,,soundbible,vista
wav_files/soundbible_single-crow_edbef97b6f.wav,,7.1314,animals,,soundbible,animals
wav_files/soundbible_cat-collar-jingle_8c7ca5a1e6.wav,,2.0,cat,,soundbible,cat
wav_files/soundbible_crushed-ice-machine_16c071c330.wav,,10.0,Crushed Ice,,soundbible,Crushed Ice
wav_files/soundbible_dial-up-modem_8adc9ebb57.wav,,10.0,dial,,soundbible,dial
wav_files/soundbible_chair-on-wood_ed5d50584e.wav,,2.0,wood floor,,soundbible,wood floor
wav_files/soundbible_shotgun-cock-and-shoot_e64d4adcc4.wav,,2.0,shotgun cock,,soundbible,shotgun cock
wav_files/soundbible_kissing-people_5bbed5d56e.wav,,2.0,kiss,,soundbible,kiss
wav_files/soundbible_loading-gun-clip_be48c222bf.wav,,2.0,lock and load,,soundbible,lock and load
wav_files/soundbible_female-scream_9ce36c6184.wav,,2.0,Female scream,,soundbible,Female scream
wav_files/soundbible_just-another-fart_c55d2608c4.wav,,2.0,fart,,soundbible,fart
wav_files/soundbible_jackhammer_f5bc6c6a47.wav,,3.3468,work,,soundbible,work
wav_files/soundbible_motorcycle-engine_6f7beddb56.wav,,5.2931,Motorcycle Engine,,soundbible,Motorcycle Engine
wav_files/soundbible_time-travel-clip_d8699a21f6.wav,,2.7806,sci-fi,,soundbible,sci-fi
wav_files/soundbible_girl-pees-in-toilet_4fea625357.wav,,10.0,pee,,soundbible,pee
wav_files/soundbible_bomb-explosion-1_aa9f8d9cbd.wav,,2.0,pulsing sound waves,,soundbible,pulsing sound waves
wav_files/soundbible_martian-speak_67957df355.wav,,3.9496,Martian Speak,,soundbible,Martian Speak
wav_files/soundbible_crushing-can-on-head_45ca155451.wav,,5.3388,Crushing Can Head,,soundbible,Crushing Can Head
wav_files/soundbible_light-bulb-breaking_e2737662ff.wav,,2.0,Light bulb breaking,,soundbible,Light bulb breaking
wav_files/soundbible_plate-shatter-break_f4cff1d02f.wav,,3.7896,Kitchen,,soundbible,Kitchen
wav_files/soundbible_earthquake-tremors_ead8161c9e.wav,,10.0,tremor,,soundbible,tremor
wav_files/soundbible_gun-fight_acacdcfa02.wav,,2.0,gun,,soundbible,gun
wav_files/soundbible_gun-fight_faa7705cb1.wav,,1.8945,gun,,soundbible,gun
wav_files/soundbible_golf-club-swing_0570dd8942.wav,,2.0,golf ball,,soundbible,golf ball
wav_files/soundbible_fall-and-splat_6a0a7c27a5.wav,,2.0,cartoonist,,soundbible,cartoonist
wav_files/soundbible_ufo-landing_5ea2cbc731.wav,,4.7804,alien,,soundbible,alien
wav_files/soundbible_evil-yelling_53dabe2883.wav,,2.0,horror scene,,soundbible,horror scene
wav_files/soundbible_crystal-glass_03587f4f44.wav,,7.442,vibrate,,soundbible,vibrate
wav_files/soundbible_footsteps-walking_89e3a8d535.wav,,8.4343,footsteps,,soundbible,footsteps
wav_files/soundbible_ufo-exit_3f7c68c4b2.wav,,4.7804,alien,,soundbible,alien
wav_files/soundbible_shotgun-cock-and-shoot_51321b59ea.wav,,10.0,shotgun cock,,soundbible,shotgun cock
wav_files/soundbible_jackhammer_591516f335.wav,,3.3468,work,,soundbible,work
wav_files/soundbible_footsteps-walking_ef1693ac12.wav,,8.4343,footsteps,,soundbible,footsteps
wav_files/soundbible_car-alarm_31420df8a2.wav,,2.1682,car,,soundbible,car
wav_files/soundbible_metal-gong_a06b6a10e7.wav,,6.4563,Metal Gong,,soundbible,Metal Gong
wav_files/soundbible_dvd-player-ejecting_cc409962a4.wav,,4.043,dvd,,soundbible,dvd
wav_files/soundbible_orca-whales-talking_83f7039829.wav,,10.0,natural,,soundbible,natural
wav_files/soundbible_can-opener-electric_246702e20e.wav,,6.2184,Can Opener,,soundbible,Can Opener
wav_files/soundbible_car-explosion_38b98da66e.wav,,3.5004,glass falling,,soundbible,glass falling
wav_files/soundbible_short-beep-tone_8d61cd230d.wav,,2.0,short beep tone,,soundbible,short beep tone
wav_files/soundbible_candy-bar-wrapper_ad74e3a231.wav,,8.9489,cellophane,,soundbible,cellophane
wav_files/soundbible_power-off-computer_7302f2506b.wav,,2.0,power off,,soundbible,power off
wav_files/soundbible_f15-fighter-jet-flyby_8295eb509b.wav,,2.2629,military,,soundbible,military
wav_files/soundbible_dvd-player-ejecting_61969c8937.wav,,4.0431,dvd,,soundbible,dvd
wav_files/soundbible_pop-banner_162c2eca2c.wav,,2.0,computer,,soundbible,computer
wav_files/soundbible_fall-and-splat_3cb65ec2d1.wav,,10.0,cartoonist,,soundbible,cartoonist
wav_files/soundbible_camp-fire-burning_050ad3f8e1.wav,,10.0,fireplace,,soundbible,fireplace
wav_files/soundbible_car-alarm_26489a19cd.wav,,2.1682,car,,soundbible,car
wav_files/soundbible_good-morning-female_9e5f036524.wav,,2.0,vista,,soundbible,vista
wav_files/soundbible_good-bye-female_20507e7938.wav,,2.0,vista,,soundbible,vista
wav_files/soundbible_slip-on-banana-peel_6e5e1a9bde.wav,,2.0,cartoon noises,,soundbible,cartoon noises
wav_files/soundbible_cartoon-hop_d5009bd568.wav,,2.0,cartoon noises,,soundbible,cartoon noises
wav_files/soundbible_congo-drummer_3cc4502209.wav,,7.3846,tribal,,soundbible,tribal
wav_files/soundbible_bagpipes_bce0a29de3.wav,,10.0,freesound,,soundbible,freesound
wav_files/soundbible_bomb-explosion-1_98626306ef.wav,,5.0,pulsing sound waves,,soundbible,pulsing sound waves
wav_files/soundbible_martian-speak_84d380589b.wav,,5.0,Martian Speak,,soundbible,Martian Speak
wav_files/soundbible_another-fart_607f584f8c.wav,,2.0,farting,,soundbible,farting
wav_files/soundbible_cartoon-noises-skid_29f8babe5c.wav,,1.357,cartoon noises,,soundbible,cartoon noises
wav_files/soundbible_red-alert_72b991fa1c.wav,,5.5122,red alert,,soundbible,red alert
wav_files/soundbible_light-bulb-breaking_f69e7c60ec.wav,,5.0,Light bulb breaking,,soundbible,Light bulb breaking
wav_files/soundbible_humpback-whale-feeding-calls_80311eef74.wav,,10.0,humpback whale,,soundbible,humpback whale
wav_files/soundbible_person-farting_e9e8671a8e.wav,,4.032,farting,,soundbible,farting
wav_files/soundbible_dj-scratching_57d0cd917f.wav,,2.0,DJ Scratching,,soundbible,DJ Scratching
wav_files/soundbible_dog-woof_1679ff4fc7.wav,,2.0,Dog Woof,,soundbible,Dog Woof
wav_files/soundbible_person-farting_770f10e5b8.wav,,2.0,farting,,soundbible,farting
wav_files/soundbible_thunder-storm-2_0253e106fb.wav,,10.0,Thunder Storm,,soundbible,Thunder Storm
wav_files/soundbible_dog-whine_2fd0161b8a.wav,,2.0133,afraid,,soundbible,afraid
wav_files/soundbible_prairie-dog_0df1420a2f.wav,,8.5553,prairie dog,,soundbible,prairie dog
wav_files/soundbible_dog-howling-at-moon_c37f77a423.wav,,3.075,warning,,soundbible,warning
wav_files/soundbible_red-alert_7e9d28bbe3.wav,,5.5122,red alert,,soundbible,red alert
wav_files/soundbible_dog-barking_fffc344f4f.wav,,2.0,warning,,soundbible,warning
wav_files/soundbible_thunder-storm_c232637316.wav,,10.0,Thunder Storm,,soundbible,Thunder Storm
wav_files/soundbible_dog-lapping-water_44f4c98ff4.wav,,5.326,dog,,soundbible,dog
wav_files/soundbible_humpback-whale_12a8a183e3.wav,,3.6775,humpback,,soundbible,humpback
wav_files/soundbible_time-travel-clip_6b1a67cca6.wav,,5.0,sci-fi,,soundbible,sci-fi
wav_files/soundbible_dog-growling-and-barking_9cbd6e9355.wav,,6.2953,warning,,soundbible,warning
wav_files/soundbible_cat-yelling-in-fear_3a30f520a9.wav,,2.0,scream,,soundbible,scream
wav_files/soundbible_screaming-female_d5f6b66891.wav,,2.0,scream,,soundbible,scream
wav_files/soundbible_burp-human_bcd57fd337.wav,,2.0,gross,,soundbible,gross
wav_files/soundbible_person-farting_08ba75e6d3.wav,,4.032,farting,,soundbible,farting
wav_files/soundbible_dj-scratching_3475be1bf8.wav,,1.2517,DJ Scratching,,soundbible,DJ Scratching
wav_files/soundbible_dial-up-modem_47ce43c7c2.wav,,2.8404,dialup,,soundbible,dialup
wav_files/soundbible_dog-howling-at-moon_a845b0d24b.wav,,3.0777,warning,,soundbible,warning
wav_files/soundbible_dog-lapping-water_668b0c422f.wav,,5.3293,dog,,soundbible,dog
wav_files/soundbible_jungle-birds-and-monkeys_ae9827b406.wav,,9.0153,howler monkeys,,soundbible,howler monkeys
wav_files/soundbible_dial-up-modem_7d3a110074.wav,,2.8404,dialup,,soundbible,dialup
wav_files/soundbible_car-horn-honk-1_ee75c1ff47.wav,,2.0,auto,,soundbible,auto
wav_files/soundbible_city-car-horn_88f87aa151.wav,,3.0081,auto,,soundbible,auto
wav_files/soundbible_can-opener-electric_65c3a1dbf8.wav,,6.2199,Can Opener,,soundbible,Can Opener
wav_files/soundbible_screaming-female_fce4952961.wav,,1.4716,scream,,soundbible,scream
wav_files/soundbible_ahooga-car-horn_3e3aa6fd30.wav,,2.0,auto,,soundbible,auto
wav_files/soundbible_city-car-horn_a3d8de5a85.wav,,3.0081,auto,,soundbible,auto
wav_files/soundbible_boxing-bell-start-round_c5d8e2c4fb.wav,,2.0,boxing,,soundbible,boxing
wav_files/soundbible_ahooga-car-horn_96d98394e9.wav,,1.3546,auto,,soundbible,auto
wav_files/soundbible_clothes-dryer_8493064ada.wav,,4.7132,Laundry Mat,,soundbible,Laundry Mat
wav_files/soundbible_boxing-mma-or-wrestling-bell_eae8e2175a.wav,,2.0,boxing,,soundbible,boxing
wav_files/soundbible_boxing-mma-or-wrestling-bell_2a579daae7.wav,,1.4562,boxing,,soundbible,boxing
wav_files/soundbible_prairie-dog_3223f88d63.wav,,9.2996,prairie dog,,soundbible,prairie dog
wav_files/soundbible_drilling-from-drill_d50f0480b8.wav,,2.2713,Drilling,,soundbible,Drilling
wav_files/soundbible_car-stereo_8ccf14825e.wav,,8.8092,Car Stereo,,soundbible,Car Stereo
wav_files/soundbible_humpback-whale_0bfce32e01.wav,,3.6775,humpback,,soundbible,humpback
wav_files/soundbible_candy-bar-wrapper_4c5e41c5ff.wav,,9.7208,cellophane,,soundbible,cellophane
wav_files/soundbible_hair-dryer_55d809e501.wav,,3.6321,Hair Dryer,,soundbible,Hair Dryer
wav_files/soundbible_dog-growling-and-barking_bfc97265a4.wav,,6.2956,warning,,soundbible,warning
wav_files/soundbible_clothes-dryer_20fc3bf4a9.wav,,4.7132,Laundry Mat,,soundbible,Laundry Mat
wav_files/soundbible_drilling-from-drill_02b167fb1b.wav,,2.2989,Drilling,,soundbible,Drilling
wav_files/soundbible_bubbling-cauldron_030a05b8f8.wav,,8.9929,witch,,soundbible,witch
wav_files/soundbible_757-landing_4f998e2f2a.wav,,6.8174,Boeing,,soundbible,Boeing
wav_files/soundbible_police-siren_1ddde207ca.wav,,2.9145,Police Siren,,soundbible,Police Siren
wav_files/soundbible_car-horn-honk-1_c485f6373d.wav,,10.0,auto,,soundbible,auto
wav_files/soundbible_astronaut-breathing_a9f9676778.wav,,10.0,Spaceman Breathing,,soundbible,Spaceman Breathing
wav_files/soundbible_breathing-weird_908da7e77c.wav,,10.0,Breathing Weird,,soundbible,Breathing Weird
wav_files/soundbible_ferrari-racing-around_68b4497c7b.wav,,5.9608,Ferrari,,soundbible,Ferrari
wav_files/soundbible_ferrari-engine-rev_6651c596f1.wav,,6.1029,Ferrari,,soundbible,Ferrari
wav_files/soundbible_geiger-counter_02e1e7a58a.wav,,4.4931,Geiger Counter,,soundbible,Geiger Counter
wav_files/soundbible_bone-saw-sound_2882aaf4d6.wav,,10.0,saw,,soundbible,saw
wav_files/soundbible_super-punch-mma_c355c08fa3.wav,,2.0,punch,,soundbible,punch
wav_files/soundbible_geiger-counter_ebea5d5a2c.wav,,4.6059,Geiger Counter,,soundbible,Geiger Counter
wav_files/soundbible_police-siren_eedc611c96.wav,,2.9257,Police Siren,,soundbible,Police Siren
wav_files/soundbible_chain-saw_b009e1d3e9.wav,,5.7888,chain,,soundbible,chain
wav_files/soundbible_chains-rattling_d323fbb50e.wav,,7.6553,chain,,soundbible,chain
wav_files/soundbible_dc9-landing_1c8d5f3545.wav,,5.921,dc9,,soundbible,dc9
wav_files/soundbible_chain-link-fence-jump_7d25cca851.wav,,2.5949,chain,,soundbible,chain
wav_files/soundbible_chain-gun-shooting_2e0d40d463.wav,,2.0,Chain,,soundbible,Chain
wav_files/soundbible_ferrari-engine-rev_b7e349c053.wav,,6.1029,Ferrari,,soundbible,Ferrari
wav_files/soundbible_hair-dryer_932ee61c4f.wav,,3.6321,Hair Dryer,,soundbible,Hair Dryer
wav_files/soundbible_hi-ya-karate-chop_5028090e65.wav,,7.5261,hi,,soundbible,hi
wav_files/soundbible_car-drive-by_7b44b21953.wav,,8.1241,car,,soundbible,car
wav_files/soundbible_evil-laugh-cackle_c50fa23647.wav,,5.4953,evil,,soundbible,evil
wav_files/soundbible_bone-saw-sound_4e1e8e4b05.wav,,10.0,saw,,soundbible,saw
wav_files/soundbible_short-egg-cracking_183e146c44.wav,,2.0,rip,,soundbible,rip
wav_files/soundbible_camp-fire-burning_4c8829fb3b.wav,,10.0,fireplace,,soundbible,fireplace
wav_files/soundbible_heartbeat_aa2c9937cc.wav,,9.4179,heartbeat,,soundbible,heartbeat
wav_files/soundbible_egg-cracking_2be1b6a3ce.wav,,3.3229,break,,soundbible,break
wav_files/soundbible_dial-up-modem_c19607e713.wav,,10.0,dial,,soundbible,dial
wav_files/soundbible_egg-cracking_1416e4b6fd.wav,,3.3229,break,,soundbible,break
wav_files/soundbible_bomb-dropping_74c69a818c.wav,,5.6719,bomb,,soundbible,bomb
wav_files/soundbible_chains-rattling_d17d9689df.wav,,8.3334,chain,,soundbible,chain
wav_files/soundbible_blow-up-balloon_48d648936f.wav,,2.0,Blowing,,soundbible,Blowing
wav_files/soundbible_belt-buckle-clink_25c31b3b8d.wav,,2.0,belt,,soundbible,belt
wav_files/soundbible_bell-sound-ring_510782caf9.wav,,2.115,bell,,soundbible,bell
wav_files/soundbible_blow-up-balloon_220920475c.wav,,1.7719,Blowing,,soundbible,Blowing
wav_files/soundbible_short-egg-cracking_fc7fc90640.wav,,1.5511,rip,,soundbible,rip
wav_files/soundbible_thunder-storm-2_651e86e8c3.wav,,10.0,Thunder Storm,,soundbible,Thunder Storm
wav_files/soundbible_belt-buckle-clink_3e25e3fdae.wav,,1.2307,belt,,soundbible,belt
wav_files/soundbible_beer-bottles-clank_51ac9158ab.wav,,6.6901,beer,,soundbible,beer
wav_files/soundbible_board-creak_398b1ff7d7.wav,,10.0,wood,,soundbible,wood
wav_files/soundbible_chain-saw_451cceabae.wav,,10.0,chain,,soundbible,chain
wav_files/soundbible_baby-sneeze_4dff99b637.wav,,1.3568,Baby,,soundbible,Baby
wav_files/soundbible_evil-laugh-cackle_4750a998b0.wav,,5.4953,evil,,soundbible,evil
wav_files/soundbible_woodpecker-call_d09748623f.wav,,2.9484,woodpecker,,soundbible,woodpecker
wav_files/soundbible_lightsaber-turn-on_3c81ba1897.wav,,2.6989,on,,soundbible,on
wav_files/soundbible_asian-air-raid-siren_36890f6386.wav,,10.0,Asian,,soundbible,Asian
wav_files/soundbible_ferrari-racing-around_1bddd39b1e.wav,,5.9608,Ferrari,,soundbible,Ferrari
wav_files/soundbible_lightsaber-clash_1e69c322a6.wav,,2.0,Light,,soundbible,Light
wav_files/soundbible_lightsaber-clash_5fbd7ec537.wav,,1.5413,Light,,soundbible,Light
wav_files/soundbible_thunder-storm_60b5095e17.wav,,10.0,Thunder Storm,,soundbible,Thunder Storm
wav_files/soundbible_grizzly-bear_d27cccbac6.wav,,3.5747,grizzly,,soundbible,grizzly
wav_files/soundbible_lightsaber-turn-on_a53934d042.wav,,2.7178,on,,soundbible,on
wav_files/soundbible_cub-distress-call_54bfb097f1.wav,,9.1666,black,,soundbible,black
wav_files/soundbible_woodpecker-pecking_b1b1442d96.wav,,10.0,woodpecker,,soundbible,woodpecker
wav_files/soundbible_canary-singing_2815d228e6.wav,,3.1286,bird,,soundbible,bird
wav_files/soundbible_woodpecker-call_6c477cf465.wav,,2.9484,woodpecker,,soundbible,woodpecker
wav_files/soundbible_black-bear-cub-call_31c3c8123d.wav,,5.1447,bear,,soundbible,bear
wav_files/soundbible_bat-sonar_2bd75a1293.wav,,3.182,bat,,soundbible,bat
wav_files/soundbible_canary-singing_ff774a511e.wav,,3.1286,bird,,soundbible,bird
wav_files/soundbible_heartbeat_a7c74effa6.wav,,9.6914,heartbeat,,soundbible,heartbeat
wav_files/soundbible_bear-growling_28cf00b3ba.wav,,4.4848,bear,,soundbible,bear
wav_files/soundbible_bat-call-inside-cave_e16c0a31cc.wav,,2.0,bat,,soundbible,bat
wav_files/soundbible_bubbling-cauldron_51a3ecba4a.wav,,8.9929,witch,,soundbible,witch
wav_files/soundbible_baby-girl-speaking_f253fdec03.wav,,2.0,Baby,,soundbible,Baby
wav_files/soundbible_anti-aircraft-gun_eaefc3b179.wav,,2.0,Anti,,soundbible,Anti
wav_files/soundbible_grizzly-bear_ae99c4946e.wav,,3.5788,grizzly,,soundbible,grizzly
wav_files/soundbible_bat-sonar_49bac4ff53.wav,,3.182,bat,,soundbible,bat
wav_files/soundbible_baby-monitor_2924273894.wav,,4.9183,static noise,,soundbible,static noise
wav_files/soundbible_bat-call-inside-cave_5fdf3d559e.wav,,1.5209,bat,,soundbible,bat
wav_files/soundbible_answering-machine-beep_814623f3c8.wav,,2.0,Answering,,soundbible,Answering
wav_files/soundbible_ambient-cave_fc9f1bad5e.wav,,6.5351,ambient,,soundbible,ambient
wav_files/soundbible_ambient-cave_ebabfd909d.wav,,6.5351,ambient,,soundbible,ambient
wav_files/soundbible_bobwhite-quail_51da0cb46a.wav,,4.4409,bobwhite,,soundbible,bobwhite
wav_files/soundbible_lawn-mower-cutoff-sound_19be4ff907.wav,,4.4363,lawn,,soundbible,lawn
wav_files/soundbible_bell-sound-ring_d56820ddf4.wav,,3.7138,bell,,soundbible,bell
wav_files/soundbible_beer-bottles-clank_fdfe16333f.wav,,9.0556,beer,,soundbible,beer
wav_files/soundbible_bear-growling_77401982b3.wav,,4.4931,bear,,soundbible,bear
wav_files/soundbible_fake-applause_1afb3e543c.wav,,3.5312,fake,,soundbible,fake
wav_files/soundbible_air-leaking-out-sound_5c7e9f31fe.wav,,4.5447,air,,soundbible,air
wav_files/soundbible_alien-recording_9682aa0249.wav,,10.0,alien,,soundbible,alien
wav_files/soundbible_black-bear-cub-call_cb68751aa5.wav,,5.1984,bear,,soundbible,bear
wav_files/soundbible_peeper-frogs-near-lake_cc3d69220d.wav,,10.0,peeper,,soundbible,peeper
wav_files/soundbible_baby-girl-speaking_64af00624d.wav,,1.9852,Baby,,soundbible,Baby
wav_files/soundbible_crushed-ice-machine_b3fc194c41.wav,,10.0,Crushed Ice,,soundbible,Crushed Ice
wav_files/soundbible_cub-distress-call_862bbc47c4.wav,,9.1951,black,,soundbible,black
wav_files/soundbible_757-landing_ab93f1a2cb.wav,,6.8174,Boeing,,soundbible,Boeing
wav_files/soundbible_baby-monitor_1ec483a58b.wav,,4.9183,static noise,,soundbible,static noise
wav_files/soundbible_car-stereo_e550ff5434.wav,,9.0341,Car Stereo,,soundbible,Car Stereo
wav_files/soundbible_lawn-mower-cutoff-sound_f40d7a548f.wav,,4.4375,lawn,,soundbible,lawn
wav_files/soundbible_helicopter-flyby_00079bde90.wav,,10.0,Helicopter Flyby,,soundbible,Helicopter Flyby
wav_files/soundbible_toilet-flush-refill_2b92459ed5.wav,,10.0,bathroom,,soundbible,bathroom
wav_files/soundbible_board-creak_222c7d9e7c.wav,,10.0,wood,,soundbible,wood
wav_files/soundbible_air-leaking-out-sound_02d74d1cd0.wav,,5.3905,air,,soundbible,air
wav_files/soundbible_fake-applause_bb9c577c46.wav,,3.8313,fake,,soundbible,fake
wav_files/soundbible_plate-shatter-break_6b78215ca1.wav,,10.0,Kitchen,,soundbible,Kitchen
wav_files/soundbible_jungle-birds-and-monkeys_f8f7590e20.wav,,9.378,howler monkeys,,soundbible,howler monkeys
wav_files/soundbible_breathing-weird_222274080a.wav,,10.0,Breathing Weird,,soundbible,Breathing Weird
wav_files/soundbible_alien-recording_5eaa7d3456.wav,,10.0,alien,,soundbible,alien
wav_files/soundbible_woodpecker-pecking_07a3c9f0be.wav,,10.0,woodpecker,,soundbible,woodpecker
wav_files/soundbible_baby-splashes-and-laughs_9847c9603f.wav,,10.0,kitchen,,soundbible,kitchen
wav_files/soundbible_45min-april-rainstorm_3bb1b3b409.wav,,10.0,audio to sleep to,,soundbible,audio to sleep to
wav_files/freewavesamples_kawai-k1-ii-jazz-harp-c5_923bca6f3f.wav,,1.2938,Strings,,freewavesamples,Strings
wav_files/freewavesamples_bontempi-b3-c6_9195980033.wav,,1.6639,Organs,,freewavesamples,Organs
wav_files/freewavesamples_ensoniq-zr-76-13-techno-124-bpm_fd2b6946f7.wav,,1.9346,Beats,,freewavesamples,Beats
wav_files/freewavesamples_ensoniq-zr-76-african-lp_9e49f1a793.wav,,1.9844,Beats,,freewavesamples,Beats
wav_files/freewavesamples_bontempi-b3-c5_184878592e.wav,,1.7724,Organs,,freewavesamples,Organs
wav_files/freewavesamples_ensoniq-zr-76-24-house-138-bpm_b497d2631a.wav,,1.7359,Beats,,freewavesamples,Beats
wav_files/freewavesamples_kawai-k1-ii-piano-c5_236098454f.wav,,2.8384,Electric Piano,,freewavesamples,Electric Piano
wav_files/freewavesamples_ensoniq-zr-76-stakloop-101-bpm_9713ddbc85.wav,,2.3602,Beats,,freewavesamples,Beats
wav_files/freewavesamples_kawai-k1-ii-clarinet-c4_bf35585557.wav,,1.4619,Wind Instruments,,freewavesamples,Wind Instruments
wav_files/freewavesamples_kawai-k1-ii-sitar-c3_0a87af9b93.wav,,3.8919,Strings,,freewavesamples,Strings
wav_files/freewavesamples_bontempi-b3-a3-chord_bf25ef6534.wav,,1.9352,Organs,,freewavesamples,Organs
wav_files/freewavesamples_ensoniq-zr-76-03-dope-85-bpm_aecfdb59a1.wav,,2.8219,Beats,,freewavesamples,Beats
wav_files/freewavesamples_kawai-phm-brass-ens1-c2_3b9c3ddb2f.wav,,3.4441,Brass,,freewavesamples,Brass
wav_files/freewavesamples_ensoniq-zr-76-08-dope-92-bpm_bf2a60993e.wav,,2.6061,Beats,,freewavesamples,Beats
wav_files/freewavesamples_kawai-k1-ii-piano-c6_af10ee45df.wav,,2.3516,Electric Piano,,freewavesamples,Electric Piano
wav_files/freewavesamples_ensoniq-zr-76-agogo-gm-c5_d1569db524.wav,,1.2072,Melodic Percussion,,freewavesamples,Melodic Percussion
wav_files/freewavesamples_ensoniq-zr-76-darkstrings-c4_d555fa881e.wav,,6.2949,Strings,,freewavesamples,Strings
wav_files/freewavesamples_ensoniq-zr-76-analog-bass-c2_aa659b1a9e.wav,,5.1391,Synth,,freewavesamples,Synth
wav_files/freewavesamples_ensoniq-zr-76-octave-bell-c4_8f79892b53.wav,,2.0005,Bells,,freewavesamples,Bells
wav_files/freewavesamples_kawai-phm-real-rodes-c4_726995e998.wav,,4.7046,Electric Piano,,freewavesamples,Electric Piano
wav_files/freewavesamples_ensoniq-zr-76-dist-phazbs-c1_defc03f845.wav,,3.7176,Synth,,freewavesamples,Synth
wav_files/freewavesamples_kawai-k1-ii-piano-c4_f41e1f2521.wav,,2.6037,Electric Piano,,freewavesamples,Electric Piano
wav_files/freewavesamples_ensoniq-zr-76-anarezz-stg-c4_9bea9e2565.wav,,4.7992,Strings,,freewavesamples,Strings
wav_files/freewavesamples_ensoniq-zr-76-tympani-low_9f946f5c58.wav,,2.7039,Percussion,,freewavesamples,Percussion
wav_files/freewavesamples_kawai-phm-contrabass-c3_b3308f9310.wav,,1.6978,Synth,,freewavesamples,Synth
wav_files/freewavesamples_ensoniq-zr-76-01-dope-77-bpm_09b0859785.wav,,3.1088,Beats,,freewavesamples,Beats
wav_files/freewavesamples_ensoniq-zr-76-06-breakbt-90-bpm_cae051d4de.wav,,2.6654,Beats,,freewavesamples,Beats
wav_files/freewavesamples_ensoniq-zr-76-boogie-bass-c2_eaf0e0c1d7.wav,,2.9632,Synth,,freewavesamples,Synth
wav_files/freewavesamples_ensoniq-zr-76-glockens-gm_2ab938aa93.wav,,1.9988,Melodic Percussion,,freewavesamples,Melodic Percussion
wav_files/freewavesamples_ensoniq-zr-76-handbell-c5_e90084c5d2.wav,,3.3977,Bells,,freewavesamples,Bells
wav_files/freewavesamples_ensoniq-zr-76-hot-bath-c2_45a506988f.wav,,6.7109,Strings,,freewavesamples,Strings
wav_files/freewavesamples_ensoniq-zr-76-tympani-high_fd4054fe6e.wav,,2.1425,Percussion,,freewavesamples,Percussion
wav_files/freewavesamples_ensoniq-zr-76-big-bell-c4_99014cf204.wav,,3.2011,Bells,,freewavesamples,Bells
wav_files/freewavesamples_ensoniq-zr-76-hot-bath-c4_69e3508ae0.wav,,5.9947,Strings,,freewavesamples,Strings
wav_files/freewavesamples_ensoniq-zr-76-smack-hit_588c6b5462.wav,,1.6701,Orchestral,,freewavesamples,Orchestral
wav_files/freewavesamples_ensoniq-zr-76-bellz-c5_f199d1bf65.wav,,6.4977,Bells,,freewavesamples,Bells
wav_files/freewavesamples_ensoniq-zr-76-electric-piano-1-c4_e967a01f0a.wav,,5.8128,Piano,,freewavesamples,Piano
wav_files/freewavesamples_ensoniq-zr-76-warm-bath-c2_7bd8b7efdd.wav,,10.0,Strings,,freewavesamples,Strings
wav_files/freewavesamples_ensoniq-zr-76-hop-hit_e91a8ca90c.wav,,1.6952,Orchestral,,freewavesamples,Orchestral
wav_files/freewavesamples_ensoniq-zr-76-trombone-c4_62bf1552cf.wav,,2.1473,Brass,,freewavesamples,Brass
wav_files/freewavesamples_ensoniq-zr-76-anarez-bell-c4_3f040e7bce.wav,,4.6336,Bells,,freewavesamples,Bells
wav_files/freewavesamples_ensoniq-zr-76-big-bottom-c2_7d0f576a44.wav,,3.0671,Synth,,freewavesamples,Synth
wav_files/freewavesamples_ensoniq-zr-76-harp-gm-c5_59c5cbd2c5.wav,,3.0013,Strings,,freewavesamples,Strings
wav_files/freewavesamples_ensoniq-zr-76-ac-bass-2-c2_953096c764.wav,,7.9158,Acoustic,,freewavesamples,Acoustic
wav_files/freewavesamples_ensoniq-zr-76-laser-zap-2_03fe6900ad.wav,,1.8182,Sound Effects,,freewavesamples,Sound Effects
wav_files/freewavesamples_ensoniq-zr-76-sitar-3-c3_e9cbcc5f8a.wav,,4.5813,Ethnic Instruments,,freewavesamples,Ethnic Instruments
wav_files/freewavesamples_ensoniq-zr-76-cornet-c4_bad800221c.wav,,2.2351,Brass,,freewavesamples,Brass
wav_files/freewavesamples_ensoniq-zr-76-fretnois-gm-c3_61cc22763f.wav,,1.4997,Acoustic,,freewavesamples,Acoustic
wav_files/freewavesamples_ensoniq-zr-76-synbrs-1-gm-c4_888052ec1d.wav,,4.2892,Brass,,freewavesamples,Brass
wav_files/freewavesamples_ensoniq-zr-76-flugelhorn-c4_dc33f61aeb.wav,,2.7234,Brass,,freewavesamples,Brass
wav_files/freewavesamples_ensoniq-zr-76-steel-drum-2-c5_e9a194773e.wav,,2.09,Melodic Percussion,,freewavesamples,Melodic Percussion
wav_files/freewavesamples_ensoniq-zr-76-trans-bell-c3_a869b55955.wav,,4.3791,Bells,,freewavesamples,Bells
wav_files/freewavesamples_ensoniq-zr-76-wrong-number_2e75baae77.wav,,1.5987,Sound Effects,,freewavesamples,Sound Effects
wav_files/freewavesamples_ensoniq-zr-76-fr-horn-gm-c4_4b33d8542a.wav,,3.0974,Brass,,freewavesamples,Brass
wav_files/freewavesamples_ensoniq-zr-76-steel-drum-c3_c790721f09.wav,,1.5822,Melodic Percussion,,freewavesamples,Melodic Percussion
wav_files/freewavesamples_kawai-phm-glassy-c4_51377070d5.wav,,4.8472,Lead,,freewavesamples,Lead
wav_files/freewavesamples_ensoniq-zr-76-biwa-c3_8f793106e7.wav,,4.0434,Ethnic Instruments,,freewavesamples,Ethnic Instruments
wav_files/freewavesamples_ensoniq-zr-76-lute-c3_4db6fd864b.wav,,3.1951,Acoustic,,freewavesamples,Acoustic
wav_files/freewavesamples_ensoniq-zr-76-real-thing-c4_6318794142.wav,,4.7375,Piano,,freewavesamples,Piano
wav_files/freewavesamples_ensoniq-zr-76-clarinet-c5_19f8dd5ddd.wav,,2.8909,Woodwinds,,freewavesamples,Woodwinds
wav_files/freewavesamples_ensoniq-zr-76-applause-gm_f8b7245aec.wav,,6.6776,Sound Effects,,freewavesamples,Sound Effects
wav_files/freewavesamples_ensoniq-zr-76-uprite-bass-c2_adfe71b72e.wav,,7.5709,Acoustic,,freewavesamples,Acoustic
wav_files/freewavesamples_ensoniq-zr-76-vinyl_799b0c7e15.wav,,5.2644,Sound Effects,,freewavesamples,Sound Effects
wav_files/freewavesamples_yamaha-v50-softimpani_a1ff9bb4f5.wav,,1.4542,Percussion,,freewavesamples,Percussion
wav_files/freewavesamples_ensoniq-zr-76-ocarina-c5_00c9e37fbd.wav,,2.2332,Wind Instruments,,freewavesamples,Wind Instruments
wav_files/freewavesamples_ensoniq-zr-76-bandoneon-c4_f48ad2e7c4.wav,,2.6821,Wind Instruments,,freewavesamples,Wind Instruments
wav_files/freewavesamples_ensoniq-esq-1-brass-ensemble-c4_c4c224b4a9.wav,,2.3194,Brass,,freewavesamples,Brass
wav_files/freewavesamples_yamaha-v50-rock-beat-120-bpm_0cfb65e134.wav,,1.9937,Beats,,freewavesamples,Beats
wav_files/freewavesamples_ensoniq-zr-76-didjeridu_36a3a803f0.wav,,3.4984,Wind Instruments,,freewavesamples,Wind Instruments
wav_files/freewavesamples_ensoniq-zr-76-3-layer-electric-piano-c4_d15a4f27cf.wav,,4.3979,Piano,,freewavesamples,Piano
wav_files/freewavesamples_ensoniq-esq-1-tube-bells-c2_82803c9419.wav,,4.0335,Bells,,freewavesamples,Bells
wav_files/freewavesamples_yamaha-v50-ride-pattern-120-bpm_81954c7312.wav,,1.9944,Beats,,freewavesamples,Beats
wav_files/freewavesamples_yamaha-v50-softlead-c4_ae1ed277ef.wav,,2.0776,Lead,,freewavesamples,Lead
wav_files/freewavesamples_ensoniq-zr-76-elka-strings-c3_3d1b8fbb12.wav,,4.7188,Strings,,freewavesamples,Strings
wav_files/freewavesamples_ensoniq-zr-76-wind-lead-c5_e0ba2cde54.wav,,3.6661,Lead,,freewavesamples,Lead
wav_files/freewavesamples_yamaha-v50-oildrum_ce279cf6f6.wav,,1.1905,Percussion,,freewavesamples,Percussion
wav_files/freewavesamples_yamaha-v50-icebell-c5_6e3394b707.wav,,2.2461,Bells,,freewavesamples,Bells
wav_files/freewavesamples_ensoniq-zr-76-bassoon-c3_7c0e872baa.wav,,2.1218,Woodwinds,,freewavesamples,Woodwinds
wav_files/freewavesamples_yamaha-v50-marimba-c4_56b758330b.wav,,1.7003,Melodic Percussion,,freewavesamples,Melodic Percussion
wav_files/freewavesamples_kawai-phm-grand-str-c4_9c79ee3825.wav,,4.6139,Strings,,freewavesamples,Strings
wav_files/freewavesamples_ensoniq-zr-76-record-noiz_ad889612f3.wav,,3.1992,Sound Effects,,freewavesamples,Sound Effects
wav_files/freewavesamples_roland-jv-2080-pizzicatostr-c5_d06b115f9e.wav,,2.0021,Strings,,freewavesamples,Strings
wav_files/freewavesamples_yamaha-v50-metalimba-c2_387c10a920.wav,,2.0652,Melodic Percussion,,freewavesamples,Melodic Percussion
wav_files/freewavesamples_yamaha-v50-industrial-beat-120-bpm_897c8cf192.wav,,3.9871,Beats,,freewavesamples,Beats
wav_files/freewavesamples_ensoniq-esq-1-clav-piano-c3_eff91994ed.wav,,2.5789,Electric Piano,,freewavesamples,Electric Piano
wav_files/freewavesamples_yamaha-v50-woosh_89d5ef5327.wav,,2.6571,Sound Effects,,freewavesamples,Sound Effects
wav_files/freewavesamples_roland-jv-2080-bass-pizz-c2_171d807bf1.wav,,1.9954,Strings,,freewavesamples,Strings
wav_files/freewavesamples_ensoniq-zr-76-dyn-marcato-c4_7509b25261.wav,,4.7397,Strings,,freewavesamples,Strings
wav_files/freewavesamples_yamaha-v50-synbass-1-c2_a861de16af.wav,,3.2971,Synth,,freewavesamples,Synth
wav_files/freewavesamples_roland-jv-2080-synvox-c4_e3b74eceb5.wav,,3.6697,Vocal,,freewavesamples,Vocal
wav_files/freewavesamples_roland-jv-2080-bass-marimba-c2_ea7eb3de47.wav,,1.5931,Percussion,,freewavesamples,Percussion
wav_files/freewavesamples_roland-jv-2080-vocal-oohz-c4_9ef25d7ab0.wav,,3.9002,Vocal,,freewavesamples,Vocal
wav_files/freewavesamples_roland-jv-2080-harp-c4_66a1e79282.wav,,1.9963,Strings,,freewavesamples,Strings
wav_files/freewavesamples_ensoniq-esq-1-xplore-c3_4bf467bf8c.wav,,2.2685,Lead,,freewavesamples,Lead
wav_files/freewavesamples_roland-jv-2080-chiffer-lead-c5_8035ea63f9.wav,,3.0869,Lead,,freewavesamples,Lead
wav_files/freewavesamples_ensoniq-esq-1-bass-c2_131982e33a.wav,,5.234,Synth,,freewavesamples,Synth
wav_files/freewavesamples_roland-jv-2080-tubular-bell-c5_04a41dc909.wav,,3.851,Bells,,freewavesamples,Bells
wav_files/freewavesamples_roland-jv-2080-steel-drum-c4_b72e7c86a4.wav,,1.9981,Melodic Percussion,,freewavesamples,Melodic Percussion
wav_files/freewavesamples_roland-jv-2080-echo-drops-c4_b7893399cc.wav,,3.4136,Pads,,freewavesamples,Pads
wav_files/freewavesamples_roland-jv-2080-101-bass-c2_a1e127f3f0.wav,,2.9314,Synth,,freewavesamples,Synth
wav_files/freewavesamples_roland-jv-2080-sa-rhodes-1-c4_2ec61d22a4.wav,,4.7404,Electric Piano,,freewavesamples,Electric Piano
wav_files/freewavesamples_roland-jv-2080-violincello-c4_df7891556f.wav,,4.1364,Strings,,freewavesamples,Strings
wav_files/freewavesamples_yamaha-v50-vibe-c5_eb861b360d.wav,,5.3165,Melodic Percussion,,freewavesamples,Melodic Percussion
wav_files/freewavesamples_roland-jv-2080-pick-bass-c2_dae3f806a2.wav,,8.7058,Electric,,freewavesamples,Electric
wav_files/freewavesamples_yamaha-v50-brightstrg-c4_f09c03ea08.wav,,4.7244,Strings,,freewavesamples,Strings
wav_files/freewavesamples_roland-jv-2080-choir-aahs-c4_2f69fbc4b4.wav,,4.6537,Vocal,,freewavesamples,Vocal
wav_files/freewavesamples_roland-jv-2080-soundtraque-c3_9f1ffa53a4.wav,,6.9692,Strings,,freewavesamples,Strings
wav_files/freewavesamples_roland-jv-2080-steel-str-gt-c4_b413fc6aca.wav,,5.9016,Acoustic,,freewavesamples,Acoustic
wav_files/freewavesamples_roland-jv-2080-crystal-c5_7e50417e3c.wav,,3.1196,Bells,,freewavesamples,Bells
wav_files/freewavesamples_yamaha-v50-strg-chime-c5_354921d3e8.wav,,6.6248,Strings,,freewavesamples,Strings
wav_files/freewavesamples_roland-jv-2080-melodic-tom_37c3cc76fb.wav,,1.9298,Toms,,freewavesamples,Toms
wav_files/freewavesamples_roland-jv-2080-ceremonytimp_23f3959c0c.wav,,3.0373,Percussion,,freewavesamples,Percussion
wav_files/freewavesamples_roland-jv-2080-harmonica-c4_19812479bc.wav,,2.0154,Wind Instruments,,freewavesamples,Wind Instruments
wav_files/freewavesamples_roland-jv-2080-santur-c4_5e5151d484.wav,,2.2654,Ethnic Instruments,,freewavesamples,Ethnic Instruments
wav_files/freewavesamples_roland-jv-2080-celesta-c4_4960a5eac8.wav,,3.1943,Keyboards,,freewavesamples,Keyboards
wav_files/freewavesamples_roland-jv-2080-pretty-bells-c4_3dc60040c9.wav,,4.4682,Bells,,freewavesamples,Bells
wav_files/freewavesamples_roland-jv-2080-mks-80-brass-c4_6983b43e54.wav,,3.6962,Brass,,freewavesamples,Brass
wav_files/freewavesamples_roland-jv-2080-baritone-sax-c3_c40db5aad9.wav,,1.6492,Woodwinds,,freewavesamples,Woodwinds
wav_files/freewavesamples_roland-jv-2080-halo-pad-c4_7de7dc6b73.wav,,5.5301,Pads,,freewavesamples,Pads
wav_files/freewavesamples_roland-jv-2080-trombone-c4_bde930ceb2.wav,,1.5063,Brass,,freewavesamples,Brass
wav_files/freewavesamples_roland-jv-2080-orchestra-hit-c3_a6c114b197.wav,,1.9974,Orchestral,,freewavesamples,Orchestral
wav_files/freewavesamples_roland-jv-2080-breath-noise_d1e150f125.wav,,1.8163,Sound Effects,,freewavesamples,Sound Effects
wav_files/freewavesamples_roland-jv-2080-shanai-c5_897334ed70.wav,,3.1386,Ethnic Instruments,,freewavesamples,Ethnic Instruments
wav_files/freewavesamples_roland-jv-2080-glockenspiel-c4_fc1e8c948b.wav,,3.1774,Percussion,,freewavesamples,Percussion
wav_files/freewavesamples_roland-jv-2080-oboe-mf-c4_f0fb64e8d4.wav,,2.9826,Woodwinds,,freewavesamples,Woodwinds
wav_files/freewavesamples_roland-jv-2080-nextfrontier-c4_c80de996f2.wav,,3.9979,Pads,,freewavesamples,Pads
wav_files/freewavesamples_yamaha-v50-e-piano-1-c4_4e7795646f.wav,,9.0885,Electric Piano,,freewavesamples,Electric Piano
wav_files/freewavesamples_roland-sr-jv80-12-dink-melodie-c5_ac3d6ab24d.wav,,1.0011,Lead,,freewavesamples,Lead
wav_files/freewavesamples_roland-jv-2080-whistle-c5_00e0588d14.wav,,3.4938,Wind Instruments,,freewavesamples,Wind Instruments
wav_files/freewavesamples_roland-jv-2080-reverse-cymbal_e3a782d18a.wav,,2.1906,Cymbals,,freewavesamples,Cymbals
wav_files/freewavesamples_roland-sr-jv80-12-jazzman-92-bpm_1f9ea23a57.wav,,2.6088,Beats,,freewavesamples,Beats
wav_files/freewavesamples_roland-sr-jv80-12-duck-clav-c4_cdd24027fb.wav,,3.9426,Keyboards,,freewavesamples,Keyboards
wav_files/freewavesamples_roland-sr-jv80-12-ringn-kit-81-bpm_cb6e9f18ad.wav,,2.963,Beats,,freewavesamples,Beats
wav_files/freewavesamples_roland-jv-2080-bandoneon-c4_a29757a70e.wav,,2.587,Wind Instruments,,freewavesamples,Wind Instruments
wav_files/freewavesamples_roland-jv-2080-mallet-pad-c4_f94d8c82e6.wav,,5.4904,Pads,,freewavesamples,Pads
wav_files/freewavesamples_roland-jv-2080-fantasia-c4_5e4b30c47d.wav,,3.6943,Electric Piano,,freewavesamples,Electric Piano
wav_files/freewavesamples_roland-jv-2080-clarinet-mp-c4_dc0618a88b.wav,,2.9832,Woodwinds,,freewavesamples,Woodwinds
wav_files/freewavesamples_kurzweil-k2000-tenor-sax-c4_4071f30584.wav,,2.8389,Woodwinds,,freewavesamples,Woodwinds
wav_files/freewavesamples_roland-jv-2080-film-octaves-c3_e3d4dc1d2d.wav,,4.4992,Strings,,freewavesamples,Strings
wav_files/freewavesamples_ensoniq-esq-1-fm-piano-c4_3a65b3bc5f.wav,,5.8939,Electric Piano,,freewavesamples,Electric Piano
wav_files/freewavesamples_roland-sr-jv80-12-bacon-78-bpm_c460edf91c.wav,,3.0751,Beats,,freewavesamples,Beats
wav_files/freewavesamples_roland-sr-jv80-12-swingin-90-bpm_64c136a4d0.wav,,2.6667,Beats,,freewavesamples,Beats
wav_files/freewavesamples_alesis-sanctuary-qcard-harpsilute-c5_958765a40c.wav,,2.4983,Strings,,freewavesamples,Strings
wav_files/freewavesamples_kurzweil-k2000-big-jupiter-c3_191104a816.wav,,5.7466,Strings,,freewavesamples,Strings
wav_files/freewavesamples_kurzweil-k2000-fair-breath-c4_76e0a5d2d5.wav,,6.1978,Vocal,,freewavesamples,Vocal
wav_files/freewavesamples_kurzweil-k2000-stereo-grand-c5_ed5001c24f.wav,,6.9917,Piano,,freewavesamples,Piano
wav_files/freewavesamples_alesis-sanctuary-qcard-choir-ooh-c4_b9a87281d4.wav,,3.5961,Vocal,,freewavesamples,Vocal
wav_files/freewavesamples_kurzweil-k2000-tine-elec-piano-c5_c68c3deeab.wav,,9.5055,Electric Piano,,freewavesamples,Electric Piano
wav_files/freewavesamples_kurzweil-k2000-steel-str-guitar-c4_ab201997da.wav,,4.1432,Acoustic,,freewavesamples,Acoustic
wav_files/freewavesamples_yamaha-v50-e-piano-2b-c4_fa3346a5b4.wav,,7.9556,Electric Piano,,freewavesamples,Electric Piano
wav_files/freewavesamples_alesis-sanctuary-qcard-loose-bell-c5_2efd7ac713.wav,,1.747,Bells,,freewavesamples,Bells
wav_files/freewavesamples_kawai-k5000w-buchla-c1_90b3cb94fb.wav,,1.9656,Synth,,freewavesamples,Synth
wav_files/freewavesamples_alesis-sanctuary-qcard-st-paul-s-c3_7e6828e28a.wav,,2.7753,Organs,,freewavesamples,Organs
wav_files/freewavesamples_roland-jx-03-dist-guitar-c4_e26636ad59.wav,,1.3789,Synth,,freewavesamples,Synth
wav_files/freewavesamples_alesis-sanctuary-qcard-trompette-c2_18b30714df.wav,,2.7887,Organs,,freewavesamples,Organs
wav_files/freewavesamples_alesis-sanctuary-qcard-tonewheel-c3_89c102987c.wav,,2.2315,Organs,,freewavesamples,Organs
wav_files/freewavesamples_yamaha-v50-suspense-c4_337077198e.wav,,7.4273,Sound Effects,,freewavesamples,Sound Effects
wav_files/freewavesamples_alesis-sanctuary-qcard-acoustcbas-c2_50b681eff8.wav,,10.0,Acoustic,,freewavesamples,Acoustic
wav_files/freewavesamples_roland-jx-03-vibe-c5_e408eb8b00.wav,,1.8991,Melodic Percussion,,freewavesamples,Melodic Percussion
wav_files/freewavesamples_alesis-sanctuary-qcard-promenade-c3_c56d77ba32.wav,,3.1477,Organs,,freewavesamples,Organs
wav_files/freewavesamples_alesis-sanctuary-qcard-sanctuary-c3_aad62b2580.wav,,3.5939,Organs,,freewavesamples,Organs
wav_files/freewavesamples_roland-jx-03-accordion-c4_d075320d1c.wav,,1.2286,Wind Instruments,,freewavesamples,Wind Instruments
wav_files/freewavesamples_roland-jv-2080-birds_da3dcfa9e1.wav,,4.3709,Nature,,freewavesamples,Nature
wav_files/freewavesamples_yamaha-rm50-snare-drum-2_c646984a52.wav,,1.1979,Snare,,freewavesamples,Snare
wav_files/freewavesamples_roland-jx-03-synth-brass-1-c4_c50b3d2343.wav,,1.9189,Brass,,freewavesamples,Brass
wav_files/freewavesamples_alesis-sanctuary-qcard-choir-aah-c4_e0e5098b83.wav,,3.7987,Vocal,,freewavesamples,Vocal
wav_files/freewavesamples_kurzweil-k2000-grand-strings-c3_f1b9832008.wav,,5.3957,Strings,,freewavesamples,Strings
wav_files/freewavesamples_kurzweil-k2000-stereo-grand-c3_15fe06b780.wav,,10.0,Piano,,freewavesamples,Piano
wav_files/freewavesamples_yamaha-rm50-snare-drum-5_393e4d444e.wav,,1.1054,Snare,,freewavesamples,Snare
wav_files/freewavesamples_alesis-sanctuary-qcard-wave-organ-c2_295ffef2d8.wav,,3.4376,Organs,,freewavesamples,Organs
wav_files/freewavesamples_yamaha-rm50-mid-tom-2_3c74169948.wav,,1.0017,Toms,,freewavesamples,Toms
wav_files/freewavesamples_yamaha-rm50-crash-cymbal-1_31513a3b82.wav,,2.097,Crash,,freewavesamples,Crash
wav_files/freewavesamples_yamaha-rm50-open-hi-hat-1_41b2e162e7.wav,,1.0494,Hi-Hat,,freewavesamples,Hi-Hat
wav_files/freewavesamples_yamaha-rm50-low-tom-2_c0a5095041.wav,,1.1901,Toms,,freewavesamples,Toms
wav_files/freewavesamples_yamaha-rm50-open-hi-hat-2_5cb1f248c7.wav,,1.4996,Hi-Hat,,freewavesamples,Hi-Hat
wav_files/freewavesamples_yamaha-rm50-side-stick-3_757cbf393a.wav,,1.3467,Snare,,freewavesamples,Snare
wav_files/freewavesamples_alesis-sanctuary-qcard-harpsichrd-c3_4b0f798de4.wav,,4.9939,Keyboards,,freewavesamples,Keyboards
wav_files/freewavesamples_yamaha-rm50-mid-tom-1_ad12c5aa12.wav,,1.1931,Toms,,freewavesamples,Toms
wav_files/freewavesamples_alesis-sanctuary-qcard-glassorgan-c3_b523a7e596.wav,,3.6527,Organs,,freewavesamples,Organs
wav_files/freewavesamples_yamaha-rm50-ride-cymbal-1_79d70a3295.wav,,1.9939,Ride,,freewavesamples,Ride
wav_files/freewavesamples_roland-jv-2080-nylon-gtr-c3_e6ad38aaa2.wav,,8.5129,Acoustic,,freewavesamples,Acoustic
wav_files/freewavesamples_roland-jv-2080-applause_99e2c76d25.wav,,5.9489,Sound Effects,,freewavesamples,Sound Effects
wav_files/freewavesamples_yamaha-rm50-low-tom-1_fe2b6c50b5.wav,,1.4876,Toms,,freewavesamples,Toms
wav_files/freewavesamples_cartoon-laser_52ea26c4cd.wav,,1.1066,Sound Effects,,freewavesamples,Sound Effects
wav_files/freewavesamples_yamaha-rm50-low-timbale_ec0bba5d61.wav,,1.106,Latin Percussion,,freewavesamples,Latin Percussion
wav_files/freewavesamples_yamaha-rm50-crash-cymbal-2_7acf2cb80e.wav,,2.2997,Crash,,freewavesamples,Crash
wav_files/freewavesamples_yamaha-rm50-stadium-kick_d0b1647ac1.wav,,1.9731,Kick,,freewavesamples,Kick
wav_files/freewavesamples_yamaha-rm50-splash-cymbal_74d0e33b64.wav,,1.1498,Cymbals,,freewavesamples,Cymbals
wav_files/freewavesamples_yamaha-rm50-ride-cymbal-3_a5a1ad46e0.wav,,1.9971,Ride,,freewavesamples,Ride
wav_files/freewavesamples_yamaha-rm50-rock-kick-3_517ae4f725.wav,,1.2012,Kick,,freewavesamples,Kick
wav_files/freewavesamples_roland-jx-03-clav_6f3ff14b2d.wav,,4.9935,Keyboards,,freewavesamples,Keyboards
wav_files/freewavesamples_yamaha-rm50-ride-cymbal-2_cecdaece47.wav,,1.9845,Ride,,freewavesamples,Ride
wav_files/freewavesamples_roland-jx-03-organ-1-c4_0058d8d55d.wav,,1.7638,Organs,,freewavesamples,Organs
wav_files/freewavesamples_kurzweil-k2000-bright-piano-c6_bb15b6d3c8.wav,,2.9917,Piano,,freewavesamples,Piano
wav_files/freewavesamples_kurzweil-k2000-quillsichord-c3_cf7d8cddaf.wav,,2.2924,Keyboards,,freewavesamples,Keyboards
wav_files/freewavesamples_kurzweil-k2000-finger-bass-c2_4cc31e78f1.wav,,4.9787,Electric,,freewavesamples,Electric
wav_files/freewavesamples_kurzweil-k2000-guitar-mutes-1-c3_df66cfc0a4.wav,,1.6911,Guitar,,freewavesamples,Guitar
wav_files/freewavesamples_korg-tr-rack-standard-kit-long-whistle_1e54a66ee1.wav,,1.35,Percussion,,freewavesamples,Percussion
wav_files/freewavesamples_korg-triton-harmonica-c5_c6d4c2ed3a.wav,,2.2732,Wind Instruments,,freewavesamples,Wind Instruments
wav_files/freewavesamples_kurzweil-k2000-mixed-choir-c4_76d7e97cec.wav,,5.7104,Vocal,,freewavesamples,Vocal
wav_files/freewavesamples_roland-jx-03-strings-2-c4_a86db78a60.wav,,2.3233,Strings,,freewavesamples,Strings
wav_files/freewavesamples_alesis-sanctuary-qcard-crickets_b1b04c32f7.wav,,9.1964,Nature,,freewavesamples,Nature
wav_files/freewavesamples_korg-triton-stein-bass-c3_1254cbb58f.wav,,1.2491,Electric,,freewavesamples,Electric
wav_files/freewavesamples_korg-tr-rack-standard-kit-ride-cymbal-2_f2632b29b2.wav,,2.59,Ride,,freewavesamples,Ride
wav_files/freewavesamples_korg-triton-stein-bass-c2_f18a1f8bdc.wav,,1.2981,Electric,,freewavesamples,Electric
wav_files/freewavesamples_roland-jv-2080-steel-str-gt-c3_19bfa8d5e2.wav,,6.9989,Acoustic,,freewavesamples,Acoustic
wav_files/freewavesamples_alesis-s4-stermarimb-c4_da28be92e7.wav,,1.3958,Melodic Percussion,,freewavesamples,Melodic Percussion
wav_files/freewavesamples_kurzweil-k2000-orch-hit_4981f6d624.wav,,3.4716,Orchestral,,freewavesamples,Orchestral
wav_files/freewavesamples_korg-tr-rack-standard-kit-crash-cymbal_7ed64963fa.wav,,3.6724,Crash,,freewavesamples,Crash
wav_files/freewavesamples_alesis-s4-brassy-5th-c4_10a725725c.wav,,1.5718,Lead,,freewavesamples,Lead
wav_files/freewavesamples_yamaha-sy22-vco-lead-c5_cf68358156.wav,,2.4804,Lead,,freewavesamples,Lead
wav_files/freewavesamples_yamaha-sy22-itopia-c4_de33b56db1.wav,,3.5924,Vocal,,freewavesamples,Vocal
wav_files/freewavesamples_korg-ms2000-pluck-drone-c4_efdff3cad1.wav,,2.5875,Lead,,freewavesamples,Lead
wav_files/freewavesamples_yamaha-sy22-dist-gtr-c3_065d2329db.wav,,1.8135,Synth,,freewavesamples,Synth
wav_files/freewavesamples_alesis-s4-pan-flute-c5_2809696d4c.wav,,1.6245,Ethnic Instruments,,freewavesamples,Ethnic Instruments
wav_files/freewavesamples_korg-tr-rack-standard-kit-bell-tree_a0d607b46c.wav,,5.4296,Percussion,,freewavesamples,Percussion
wav_files/freewavesamples_alesis-s4-fatsynslap-c2_37606fa40a.wav,,1.3656,Electric,,freewavesamples,Electric
wav_files/freewavesamples_yamaha-sy22-syn-bass-c2_dd6a3e1620.wav,,2.4801,Synth,,freewavesamples,Synth
wav_files/freewavesamples_korg-triton-acoustic-piano-c5_82dac1b138.wav,,10.0,Piano,,freewavesamples,Piano
wav_files/freewavesamples_korg-triton-slow-choir-st-c4_9348ad3b1f.wav,,5.6969,Vocal,,freewavesamples,Vocal
wav_files/freewavesamples_alesis-sanctuary-qcard-wind_b87cffe621.wav,,10.0,Nature,,freewavesamples,Nature
wav_files/freewavesamples_korg-triton-acoustic-bass-c3_db641b12a1.wav,,8.0872,Acoustic,,freewavesamples,Acoustic
wav_files/freewavesamples_roland-jv-2080-spaced-vox-c3_44196665a2.wav,,10.0,Pads,,freewavesamples,Pads
wav_files/freewavesamples_kurzweil-k2000-big-mono-bass-c1_e1255b31c9.wav,,10.0,Synth,,freewavesamples,Synth
wav_files/freewavesamples_yamaha-ex5-bamboo-c5_90b037a60d.wav,,2.1494,Ethnic Instruments,,freewavesamples,Ethnic Instruments
wav_files/freewavesamples_alesis-s4-flugelsolo-c4_c8d8c80444.wav,,1.7847,Brass,,freewavesamples,Brass
wav_files/freewavesamples_yamaha-ex5-mybigsectn-c5_f3e783529a.wav,,1.7509,Brass,,freewavesamples,Brass
wav_files/freewavesamples_yamaha-ex5-grunger-c3_46af224c97.wav,,2.9124,Electric,,freewavesamples,Electric
wav_files/freewavesamples_korg-triton-acoustic-piano-c3_e4233ce7b7.wav,,10.0,Piano,,freewavesamples,Piano
wav_files/freewavesamples_yamaha-ex5-straight-c5_b2e3a93ea8.wav,,2.5544,Lead,,freewavesamples,Lead
wav_files/freewavesamples_alesis-s4-dyna-roadz-c3_1eaf04207a.wav,,6.0989,Electric Piano,,freewavesamples,Electric Piano
wav_files/freewavesamples_alesis-s4-night-vox-c3_d95701e57a.wav,,7.8563,Vocal,,freewavesamples,Vocal
wav_files/freewavesamples_yamaha-ex5-clear-nylon-c3_eb04bc32a2.wav,,4.2222,Acoustic,,freewavesamples,Acoustic
wav_files/freewavesamples_yamaha-ex5-pop-brass-c4_cbe3c372f2.wav,,2.6992,Brass,,freewavesamples,Brass
wav_files/freewavesamples_yamaha-rm50-clock-strike_747ee61c01.wav,,4.4973,Sound Effects,,freewavesamples,Sound Effects
wav_files/freewavesamples_yamaha-ex5-solo-trumpet-c5_cb0f25f274.wav,,2.1707,Brass,,freewavesamples,Brass
wav_files/freewavesamples_yamaha-ex5-georgia-c5_8bde9e4fb9.wav,,4.0113,Electric Piano,,freewavesamples,Electric Piano
wav_files/freewavesamples_yamaha-ex5-mellowstrngs-c4_c6550af63a.wav,,5.4619,Strings,,freewavesamples,Strings
wav_files/freewavesamples_roland-pn-d10-01-slappin-bass-c2_739dffeefc.wav,,1.647,Electric,,freewavesamples,Electric
wav_files/freewavesamples_roland-pn-d10-01-strings-ensemble-c5_b88410fdf5.wav,,2.9793,Strings,,freewavesamples,Strings
wav_files/freewavesamples_roland-pn-d10-02-fretless-bass-1-c2_9e4862a009.wav,,2.8218,Synth,,freewavesamples,Synth
wav_files/freewavesamples_roland-pn-d10-01-acoustic-bass-c2_b324377897.wav,,2.2351,Acoustic,,freewavesamples,Acoustic
wav_files/freewavesamples_roland-pn-d10-01-harmonic-organ-c3_990523b6aa.wav,,2.1177,Organs,,freewavesamples,Organs
wav_files/freewavesamples_roland-pn-d10-01-calliope-live-c5_02f19182bf.wav,,2.2049,Lead,,freewavesamples,Lead
wav_files/freewavesamples_yamaha-ex5-strat-4-way-c4_28efd450aa.wav,,8.0632,Electric,,freewavesamples,Electric
wav_files/freewavesamples_roland-pn-d10-01-pineapple-bomb_427569959b.wav,,2.738,Sound Effects,,freewavesamples,Sound Effects
wav_files/freewavesamples_roland-pn-d10-01-western-carnival-c3_9c1a2e6dc0.wav,,3.4437,Piano,,freewavesamples,Piano
wav_files/freewavesamples_yamaha-ex5-breathchoir-c4_df9d6e0d35.wav,,5.445,Vocal,,freewavesamples,Vocal
wav_files/freewavesamples_roland-d-20-fat-synth-bass-c2_6ab506d574.wav,,2.2077,Synth,,freewavesamples,Synth
wav_files/freewavesamples_roland-pn-d10-01-indian-pipes-c5_32f548d318.wav,,2.2899,Wind Instruments,,freewavesamples,Wind Instruments
wav_files/freewavesamples_roland-d-20-ride-cymbal_442288d4df.wav,,1.6861,Ride,,freewavesamples,Ride
wav_files/freewavesamples_yamaha-ex5-classicbrass-c5_c4e79330a8.wav,,2.1594,Brass,,freewavesamples,Brass
wav_files/freewavesamples_yamaha-ex5-electro-clav-c3_e3dd478332.wav,,3.8502,Keyboards,,freewavesamples,Keyboards
wav_files/freewavesamples_roland-d-20-bright-power-c6_9226bb77fa.wav,,2.4362,Lead,,freewavesamples,Lead
wav_files/freewavesamples_roland-d-20-pizzicato-c4_3333902612.wav,,1.1454,Strings,,freewavesamples,Strings
wav_files/freewavesamples_yamaha-v50-shrinebell-c4_142c74bd62.wav,,10.0,Bells,,freewavesamples,Bells
wav_files/freewavesamples_roland-d-20-tango-passion-c5_08a20074b2.wav,,1.5665,Keyboards,,freewavesamples,Keyboards
wav_files/freewavesamples_roland-pn-d10-01-slow-voices-c5_214e4cc02f.wav,,5.6409,Vocal,,freewavesamples,Vocal
wav_files/freewavesamples_yamaha-ex5-tenor-soft-c4_6de300c39e.wav,,2.4045,Woodwinds,,freewavesamples,Woodwinds
wav_files/freewavesamples_roland-d-20-joyful-times-c5_32f39e77e8.wav,,3.0225,Bells,,freewavesamples,Bells
wav_files/freewavesamples_yamaha-ex5-big-mute-c3_ec556c57a2.wav,,4.2002,Electric,,freewavesamples,Electric
wav_files/freewavesamples_roland-d-20-tropical-mallet-c3_86347194e1.wav,,1.3933,Melodic Percussion,,freewavesamples,Melodic Percussion
wav_files/freewavesamples_roland-d-20-brassy-vox-c3_ff651a47ea.wav,,4.2216,Brass,,freewavesamples,Brass
wav_files/freewavesamples_roland-d-20-rich-piano-c4_507723262f.wav,,5.9026,Piano,,freewavesamples,Piano
wav_files/freewavesamples_roland-d-20-metalized-dist-c4_e59558c389.wav,,3.1449,Lead,,freewavesamples,Lead
wav_files/freewavesamples_roland-d-20-funky-clav-c3_6ad31c0c55.wav,,2.6018,Keyboards,,freewavesamples,Keyboards
wav_files/freewavesamples_korg-01w-tech-bass-c2_eeb97fb698.wav,,1.1729,Synth,,freewavesamples,Synth
wav_files/freewavesamples_korg-01w-trumpet-c5_b47a5da5c3.wav,,1.2989,Brass,,freewavesamples,Brass
wav_files/freewavesamples_roland-d-20-rich-harpsichord-c4_61e4b8bdfb.wav,,4.8441,Keyboards,,freewavesamples,Keyboards
wav_files/freewavesamples_korg-triton-acoustic-bass-c2_b086e4a0a3.wav,,10.0,Acoustic,,freewavesamples,Acoustic
wav_files/freewavesamples_roland-pn-d10-01-marcato-strings-c5_1508a52943.wav,,3.5423,Strings,,freewavesamples,Strings
wav_files/freewavesamples_alesis-s4-arco-violas-c5_ea42cfc6db.wav,,3.7633,Strings,,freewavesamples,Strings
wav_files/freewavesamples_korg-01w-vibraphone-c5_94c5a304c2.wav,,2.0181,Percussion,,freewavesamples,Percussion
wav_files/freewavesamples_korg-01w-sopranosax-c5_dbb9460dfb.wav,,2.0297,Woodwinds,,freewavesamples,Woodwinds
wav_files/freewavesamples_kurzweil-k2000-bright-piano-c4_225b5f065f.wav,,5.4889,Piano,,freewavesamples,Piano
wav_files/freewavesamples_roland-pn-d10-01-holly-night-c5_27bf7b3ddd.wav,,7.1357,Lead,,freewavesamples,Lead
wav_files/freewavesamples_roland-d-20-hollow-koto-c6_514e55a6c6.wav,,5.0032,Lead,,freewavesamples,Lead
wav_files/freewavesamples_roland-pn-d10-02-resonance-bass-c1_94a45009a0.wav,,3.9043,Synth,,freewavesamples,Synth
wav_files/freewavesamples_korg-01w-gamelan-c5_90c4fbefc7.wav,,2.2481,Ethnic Instruments,,freewavesamples,Ethnic Instruments
wav_files/freewavesamples_roland-d-20-cellist-c4_3f1256fc62.wav,,2.8871,Strings,,freewavesamples,Strings
wav_files/freewavesamples_yamaha-tg100-ride-cymbal-2_01b13f6f72.wav,,1.0309,Ride,,freewavesamples,Ride
wav_files/freewavesamples_yamaha-tg100-low-conga_3541c9567e.wav,,1.0876,Latin Percussion,,freewavesamples,Latin Percussion
wav_files/freewavesamples_korg-triton-acoustic-bass-c4_d43b406a5e.wav,,6.9296,Acoustic,,freewavesamples,Acoustic
wav_files/freewavesamples_korg-01w-englishhrn-c4_6c7f76e008.wav,,1.2988,Woodwinds,,freewavesamples,Woodwinds
wav_files/freewavesamples_yamaha-ex5-old-strings-c2_8a601edbde.wav,,10.0,Electric,,freewavesamples,Electric
wav_files/freewavesamples_korg-01w-cx-3-c3_e4401b54ec.wav,,2.9976,Organs,,freewavesamples,Organs
wav_files/freewavesamples_yamaha-tg100-chinese-cymbal_2f7c7978cf.wav,,1.5904,Cymbals,,freewavesamples,Cymbals
wav_files/freewavesamples_yamaha-tg100-snare-drum_7740f5735c.wav,,1.0827,Snare,,freewavesamples,Snare
wav_files/freewavesamples_yamaha-tg100-splash-cymbal_186c0f7eea.wav,,1.5891,Cymbals,,freewavesamples,Cymbals
wav_files/freewavesamples_yamaha-tg100-ride-bell_459bd3386e.wav,,2.3099,Ride,,freewavesamples,Ride
wav_files/freewavesamples_yamaha-tg100-crash-cymbal-2_132aa89246.wav,,2.7328,Crash,,freewavesamples,Crash
wav_files/freewavesamples_korg-01w-choir-c3_dd48f98146.wav,,3.4884,Vocal,,freewavesamples,Vocal
wav_files/freewavesamples_yamaha-tg100-oohchoir-c4_372e603542.wav,,1.9089,Vocal,,freewavesamples,Vocal
wav_files/freewavesamples_yamaha-tg100-crash-cymbal_a1024d49d1.wav,,3.0914,Crash,,freewavesamples,Crash
wav_files/freewavesamples_yamaha-tg100-distortd-c4_80c3d0ac95.wav,,1.4551,Synth,,freewavesamples,Synth
wav_files/freewavesamples_roland-sc-88-mid-tom_10128d1763.wav,,1.2063,Toms,,freewavesamples,Toms
wav_files/freewavesamples_yamaha-tg100-snare-drum-2_6304b40931.wav,,1.141,Snare,,freewavesamples,Snare
wav_files/freewavesamples_roland-sc-88-mid-tom-2_8d179e6f71.wav,,1.3242,Toms,,freewavesamples,Toms
wav_files/freewavesamples_roland-sc-88-low-tom-2_a7b9704456.wav,,1.2045,Toms,,freewavesamples,Toms
wav_files/freewavesamples_roland-sc-88-open-hi-hat_dc9e34056f.wav,,1.8182,Hi-Hat,,freewavesamples,Hi-Hat
wav_files/freewavesamples_yamaha-ex5-clean-lead-c5_d8e3f0c178.wav,,5.9476,Electric,,freewavesamples,Electric
wav_files/freewavesamples_yamaha-tg100-high-timbale_db93a7f3c0.wav,,1.0502,Latin Percussion,,freewavesamples,Latin Percussion
wav_files/freewavesamples_roland-d-20-warm-pad-fade-c3_881db155fc.wav,,5.5522,Strings,,freewavesamples,Strings
wav_files/freewavesamples_yamaha-tg100-bass-drum_62301d15b9.wav,,1.1992,Kick,,freewavesamples,Kick
wav_files/freewavesamples_roland-sc-88-crash-cymbal_9222261baa.wav,,2.3849,Crash,,freewavesamples,Crash
wav_files/freewavesamples_roland-sc-88-ride-bell_623993e048.wav,,1.7009,Ride,,freewavesamples,Ride
wav_files/freewavesamples_roland-sc-88-open-cuica_a40347e521.wav,,1.1382,Latin Percussion,,freewavesamples,Latin Percussion
wav_files/freewavesamples_roland-sc-88-ride-cymbal-2_455b901167.wav,,1.6048,Ride,,freewavesamples,Ride
wav_files/freewavesamples_roland-sc-88-crash-cymbal-2_1b28522c9e.wav,,2.1909,Crash,,freewavesamples,Crash
wav_files/freewavesamples_roland-sc-88-low-tom_a1309aaccb.wav,,1.1132,Toms,,freewavesamples,Toms
wav_files/freewavesamples_roland-sc-88-snare-roll_6d6df8a7bb.wav,,1.6008,Snare,,freewavesamples,Snare
wav_files/freewavesamples_korg-01w-a-guitar-c3_a80b4179fd.wav,,9.7255,Acoustic,,freewavesamples,Acoustic
wav_files/freewavesamples_roland-sc-88-chinese-cymbal_e4a5e3281e.wav,,1.7731,Cymbals,,freewavesamples,Cymbals
wav_files/freewavesamples_yamaha-tg100-ride-cymbal_92682843d1.wav,,2.1913,Ride,,freewavesamples,Ride
wav_files/freewavesamples_yamaha-tg100-slapbas1-c2_289d0f8f91.wav,,1.4474,Synth,,freewavesamples,Synth
wav_files/freewavesamples_roland-sc-88-ride-cymbal_201739bf14.wav,,2.0699,Ride,,freewavesamples,Ride
wav_files/freewavesamples_yamaha-tg100-grandpno-c3_b3df22bdfe.wav,,5.2931,Piano,,freewavesamples,Piano
wav_files/freewavesamples_korg-01w-classicgtr-c3_6048345e79.wav,,4.6836,Acoustic,,freewavesamples,Acoustic
wav_files/freewavesamples_roland-sc-88-muted-trumpet-c5_edc56fad15.wav,,2.1331,Brass,,freewavesamples,Brass
wav_files/freewavesamples_roland-sc-88-high-bongo_bdcfc610fd.wav,,1.5437,Latin Percussion,,freewavesamples,Latin Percussion
wav_files/freewavesamples_roland-sc-88-piccolo-c6_6556fef4c8.wav,,1.5562,Woodwinds,,freewavesamples,Woodwinds
wav_files/freewavesamples_roland-sc-88-alto-sax-c5_2fbfc2e3c7.wav,,1.3764,Woodwinds,,freewavesamples,Woodwinds
wav_files/freewavesamples_roland-sc-88-baritone-sax-c3_568b2eb3d2.wav,,1.5577,Woodwinds,,freewavesamples,Woodwinds
wav_files/freewavesamples_roland-sc-88-bassoon-c4_0f4a1c9e64.wav,,1.4853,Woodwinds,,freewavesamples,Woodwinds
wav_files/freewavesamples_yamaha-sy22-full-str-c2_f94237424e.wav,,9.8746,Strings,,freewavesamples,Strings
wav_files/freewavesamples_roland-sc-88-english-horn-c5_ee9f33f9b2.wav,,1.9497,Woodwinds,,freewavesamples,Woodwinds
wav_files/freewavesamples_roland-sc-88-soprano-sax-c5_f47904f8b7.wav,,1.6892,Woodwinds,,freewavesamples,Woodwinds
wav_files/freewavesamples_roland-sc-88-recorder-c6_dd1fa45e4c.wav,,1.7098,Woodwinds,,freewavesamples,Woodwinds
wav_files/freewavesamples_roland-sc-88-charang-lead-c5_2aaf429b63.wav,,1.3184,Lead,,freewavesamples,Lead
wav_files/freewavesamples_roland-sc-88-open-surdo_45f998a373.wav,,1.3228,Latin Percussion,,freewavesamples,Latin Percussion
wav_files/freewavesamples_roland-sc-88-new-age-pad-c4_db97d26c11.wav,,2.6385,Pads,,freewavesamples,Pads
wav_files/freewavesamples_korg-01w-bellevue-c2_079a6cd899.wav,,7.1242,Pads,,freewavesamples,Pads
wav_files/freewavesamples_korg-01w-jazzguitar-c4_ad0417b45b.wav,,4.0986,Electric,,freewavesamples,Electric
wav_files/freewavesamples_roland-sc-88-chiff-lead-c5_fe401ef83d.wav,,1.4283,Lead,,freewavesamples,Lead
wav_files/freewavesamples_roland-sc-88-fifths-lead-c5_5bd104720f.wav,,3.2843,Lead,,freewavesamples,Lead
wav_files/freewavesamples_roland-sc-88-shakuhachi-c6_db4612427a.wav,,2.2642,Ethnic Instruments,,freewavesamples,Ethnic Instruments
wav_files/freewavesamples_roland-sc-88-pan-flute-c5_77640c27a3.wav,,2.2643,Wind Instruments,,freewavesamples,Wind Instruments
wav_files/freewavesamples_roland-sc-88-french-horn-c4_9c7fb6a040.wav,,2.0169,Woodwinds,,freewavesamples,Woodwinds
wav_files/freewavesamples_roland-sc-88-calliope-lead-c5_5fe09c7d05.wav,,1.7212,Lead,,freewavesamples,Lead
wav_files/freewavesamples_roland-sc-88-bass-lead-c3_210f3120f8.wav,,2.8223,Lead,,freewavesamples,Lead
wav_files/freewavesamples_roland-sc-88-ocarina-c6_4fc3811a9b.wav,,1.6233,Ethnic Instruments,,freewavesamples,Ethnic Instruments
wav_files/freewavesamples_roland-sc-88-oboe-c5_660a57a3ae.wav,,1.6432,Woodwinds,,freewavesamples,Woodwinds
wav_files/freewavesamples_roland-sc-88-halo-pad-c5_dc2b425fbd.wav,,2.6905,Pads,,freewavesamples,Pads
wav_files/freewavesamples_roland-sc-88-bowed-pad-c4_df0a79b96b.wav,,2.845,Pads,,freewavesamples,Pads
wav_files/freewavesamples_roland-sc-88-crystal-fx-c6_88fc52a0f4.wav,,2.1024,Bells,,freewavesamples,Bells
wav_files/freewavesamples_roland-sc-88-shamisen-c4_a2a7ff2986.wav,,1.3489,Ethnic Instruments,,freewavesamples,Ethnic Instruments
wav_files/freewavesamples_roland-sc-88-voice-lead-c5_1f772305ba.wav,,2.2329,Lead,,freewavesamples,Lead
wav_files/freewavesamples_roland-sc-88-metallic-pad-c4_f1ca8ac69f.wav,,3.0615,Pads,,freewavesamples,Pads
wav_files/freewavesamples_roland-sc-88-koto-c5_c80e720846.wav,,2.0489,Ethnic Instruments,,freewavesamples,Ethnic Instruments
wav_files/freewavesamples_roland-sc-88-fiddle-c5_e53477359d.wav,,2.5929,Strings,,freewavesamples,Strings
wav_files/freewavesamples_roland-sc-88-steel-drum-c5_39b2a73696.wav,,1.0704,Melodic Percussion,,freewavesamples,Melodic Percussion
wav_files/freewavesamples_roland-sc-88-taiko-drum_97950bb658.wav,,2.5119,Ethnic Instruments,,freewavesamples,Ethnic Instruments
wav_files/freewavesamples_roland-sc-88-shanai-c5_0387764109.wav,,1.4852,Ethnic Instruments,,freewavesamples,Ethnic Instruments
wav_files/freewavesamples_roland-sc-88-gunshot_c16fed61bf.wav,,1.5309,Sound Effects,,freewavesamples,Sound Effects
wav_files/freewavesamples_roland-sc-88-telephone-ring_d06b5050b2.wav,,1.6404,Sound Effects,,freewavesamples,Sound Effects
wav_files/freewavesamples_roland-sc-88-bagpipe-c4_d1ae886a50.wav,,2.7107,Wind Instruments,,freewavesamples,Wind Instruments
wav_files/freewavesamples_roland-sc-88-tuba-c3_6e1b068cdd.wav,,1.3491,Brass,,freewavesamples,Brass
wav_files/freewavesamples_roland-sc-88-orchestra-hit_f06f6379e2.wav,,1.6182,Orchestral,,freewavesamples,Orchestral
wav_files/freewavesamples_roland-sc-88-trombone-c5_bb913d6c9e.wav,,1.7953,Brass,,freewavesamples,Brass
wav_files/freewavesamples_roland-sc-88-brightness-fx-c5_704715d98a.wav,,3.73,Pads,,freewavesamples,Pads
wav_files/freewavesamples_roland-sc-88-whistle-c6_7c840b8521.wav,,1.9851,Woodwinds,,freewavesamples,Woodwinds
wav_files/freewavesamples_roland-sc-88-echo-fx-c6_ee34177dd5.wav,,2.8972,Pads,,freewavesamples,Pads
wav_files/freewavesamples_roland-sc-88-reverse-cymbal_e3a2a12092.wav,,2.077,Cymbals,,freewavesamples,Cymbals
wav_files/freewavesamples_roland-sc-88-rain-fx-c4_22073bf06f.wav,,4.1204,Keyboards,,freewavesamples,Keyboards
wav_files/freewavesamples_roland-sc-88-tremolo-strings-c5_ba0b607cf5.wav,,2.5254,Strings,,freewavesamples,Strings
wav_files/freewavesamples_roland-sc-88-choir-aah-c5_6d93c7f11d.wav,,2.2952,Vocal,,freewavesamples,Vocal
wav_files/freewavesamples_roland-sc-88-viola-c4_ea284c7458.wav,,2.4562,Strings,,freewavesamples,Strings
wav_files/freewavesamples_roland-sc-88-harp-c4_ea8ae86834.wav,,3.0899,Strings,,freewavesamples,Strings
wav_files/freewavesamples_roland-sc-88-kalimba-c5_7a22572990.wav,,2.6301,Ethnic Instruments,,freewavesamples,Ethnic Instruments
wav_files/freewavesamples_roland-sc-88-banjo-c4_7e5891ae7f.wav,,3.4336,Other Fretted Instruments,,freewavesamples,Other Fretted Instruments
wav_files/freewavesamples_korg-triton-acoustic-piano-c1_6f2cf6dc8a.wav,,10.0,Piano,,freewavesamples,Piano
wav_files/freewavesamples_roland-sc-88-string-ensemble-c5_a4209b84c4.wav,,2.0438,Strings,,freewavesamples,Strings
wav_files/freewavesamples_roland-sc-88-cello-c3_5152590d61.wav,,2.4419,Strings,,freewavesamples,Strings
wav_files/freewavesamples_roland-sc-88-seashore_1f4cbf79dd.wav,,5.2449,Nature,,freewavesamples,Nature
wav_files/freewavesamples_roland-sc-88-timpani_eb1ec2ff1f.wav,,1.7645,Percussion,,freewavesamples,Percussion
wav_files/freewavesamples_roland-sc-88-sitar-c4_a0697e7d18.wav,,6.7421,Ethnic Instruments,,freewavesamples,Ethnic Instruments
wav_files/freewavesamples_roland-sc-88-muted-electric-guitar-c3_74fac86756.wav,,1.9438,Electric,,freewavesamples,Electric
wav_files/freewavesamples_roland-sc-88-violin-c5_40dc54ae15.wav,,2.9268,Strings,,freewavesamples,Strings
wav_files/freewavesamples_roland-sc-88-marimba-c4_e25a17ca74.wav,,1.3938,Percussion,,freewavesamples,Percussion
wav_files/freewavesamples_roland-sc-88-distorted-guitar-c3_24d2e5ee16.wav,,2.3461,Electric,,freewavesamples,Electric
wav_files/freewavesamples_roland-sc-88-drawbar-organ-c3_b9be5c1c51.wav,,1.5917,Organs,,freewavesamples,Organs
wav_files/freewavesamples_roland-sc-88-celesta-c4_2e993e45d6.wav,,2.6954,Keyboards,,freewavesamples,Keyboards
wav_files/freewavesamples_roland-sc-88-tango-accordion-c5_b20308fb0e.wav,,1.6102,Wind Instruments,,freewavesamples,Wind Instruments
wav_files/freewavesamples_korg-tr-rack-pound-bass-c2_ed4d171f73.wav,,1.0555,Synth,,freewavesamples,Synth
wav_files/freewavesamples_roland-sc-88-picked-electric-bass-c2_93e7b9b479.wav,,6.0781,Electric,,freewavesamples,Electric
wav_files/freewavesamples_roland-sc-88-percussive-organ-c3_f5780a1de7.wav,,2.474,Organs,,freewavesamples,Organs
wav_files/freewavesamples_roland-sc-88-overdriven-guitar-c3_237dd4fb8c.wav,,2.8737,Electric,,freewavesamples,Electric
wav_files/freewavesamples_roland-sc-88-harmonica-c5_0d3d12a45f.wav,,1.8001,Wind Instruments,,freewavesamples,Wind Instruments
wav_files/freewavesamples_roland-sc-88-chirping-birds_381a9e9de8.wav,,5.4786,Nature,,freewavesamples,Nature
wav_files/freewavesamples_roland-sc-88-glockenspiel-c5_960155b246.wav,,3.7704,Percussion,,freewavesamples,Percussion
wav_files/freewavesamples_roland-sc-88-steel-string-guitar-c3_6f10855db2.wav,,4.3379,Acoustic,,freewavesamples,Acoustic
wav_files/freewavesamples_roland-sc-88-accordion-c4_69f2388123.wav,,1.3622,Wind Instruments,,freewavesamples,Wind Instruments
wav_files/freewavesamples_roland-sc-88-nylon-string-guitar-c4_f369eaae41.wav,,4.5775,Acoustic,,freewavesamples,Acoustic
wav_files/freewavesamples_korg-tr-rack-solo-sax-c5_a9a9f63aad.wav,,1.6039,Woodwinds,,freewavesamples,Woodwinds
wav_files/freewavesamples_roland-sc-88-harpsichord-c2_f2a5f1be5e.wav,,6.1741,Keyboards,,freewavesamples,Keyboards
wav_files/freewavesamples_korg-tr-rack-banjo-andro-c4_382af53669.wav,,1.7723,Other Fretted Instruments,,freewavesamples,Other Fretted Instruments
wav_files/freewavesamples_korg-tr-rack-tinkle-bells-c6_9ca0d61121.wav,,1.4992,Bells,,freewavesamples,Bells
wav_files/freewavesamples_roland-sc-88-dulcimer-c5_c854e601b1.wav,,1.8356,Other Fretted Instruments,,freewavesamples,Other Fretted Instruments
wav_files/freewavesamples_korg-tr-rack-orchestral-brass-c5_610012f1cb.wav,,1.9096,Brass,,freewavesamples,Brass
wav_files/freewavesamples_korg-tr-rack-mute-trombone-c5_021305930f.wav,,1.0781,Brass,,freewavesamples,Brass
wav_files/freewavesamples_korg-tr-rack-baritone-sax-c3_ebda1cb59b.wav,,1.5356,Woodwinds,,freewavesamples,Woodwinds
wav_files/freewavesamples_roland-sc-88-acoustic-bass-c2_1e9291bf21.wav,,6.0047,Acoustic,,freewavesamples,Acoustic
wav_files/freewavesamples_korg-tr-rack-medium-trumpet-c4_0db6da612e.wav,,1.4125,Brass,,freewavesamples,Brass
wav_files/freewavesamples_korg-tr-rack-dance-piano-c4_a04b67de6d.wav,,3.7497,Piano,,freewavesamples,Piano
wav_files/freewavesamples_korg-tr-rack-viola-c4_ea303aec83.wav,,2.4909,Strings,,freewavesamples,Strings
wav_files/freewavesamples_korg-tr-rack-bouzouki-c4_07439f212b.wav,,2.5691,Ethnic Instruments,,freewavesamples,Ethnic Instruments
wav_files/freewavesamples_roland-sc-88-contrabass-c2_6e467d5e92.wav,,2.7248,Strings,,freewavesamples,Strings
wav_files/freewavesamples_korg-tr-rack-tin-flute-c6_6bb58cc72f.wav,,1.439,Woodwinds,,freewavesamples,Woodwinds
wav_files/freewavesamples_korg-tr-rack-marcato-strings-c3_8b6c912897.wav,,1.4468,Strings,,freewavesamples,Strings
wav_files/freewavesamples_korg-tr-rack-nistrom-bass-c1_4ab26f2b12.wav,,3.9588,Synth,,freewavesamples,Synth
wav_files/freewavesamples_yamaha-tg100-fngrbass-c2_f05e6860ea.wav,,6.8217,Synth,,freewavesamples,Synth
wav_files/freewavesamples_korg-tr-rack-olddark-e-p-c4_cf4bc1bd72.wav,,6.6821,Electric Piano,,freewavesamples,Electric Piano
wav_files/freewavesamples_korg-tr-rack-pizzicato-ensemble-c4_dbba93d638.wav,,1.2803,Strings,,freewavesamples,Strings
wav_files/freewavesamples_korg-tr-rack-african-log-drum-c4_44b7be4d41.wav,,1.8371,Ethnic Instruments,,freewavesamples,Ethnic Instruments
wav_files/freewavesamples_korg-tr-rack-koto-c5_ca574110ff.wav,,1.3224,Ethnic Instruments,,freewavesamples,Ethnic Instruments
wav_files/freewavesamples_roland-sc-88-harpsichord-c4_ace9deed89.wav,,5.3109,Keyboards,,freewavesamples,Keyboards
wav_files/freewavesamples_roland-sc-88-vibraphone-c5_8f568fc760.wav,,6.4114,Percussion,,freewavesamples,Percussion
wav_files/freewavesamples_kawai-k5000w-flute-c6_fb9061a6f2.wav,,1.1738,Woodwinds,,freewavesamples,Woodwinds
wav_files/freewavesamples_korg-tr-rack-saw-stack-c2_13e3c82b78.wav,,4.5097,Lead,,freewavesamples,Lead
wav_files/freewavesamples_korg-tr-rack-french-horn-ensemble-c5_b3bb7fca7d.wav,,1.4298,Brass,,freewavesamples,Brass
wav_files/freewavesamples_kawai-k5000w-mute-tp-c5_859b19ae48.wav,,1.2813,Brass,,freewavesamples,Brass
wav_files/freewavesamples_korg-tr-rack-bassoon-c3_e71a5d23ea.wav,,1.4311,Woodwinds,,freewavesamples,Woodwinds
wav_files/freewavesamples_korg-tr-rack-recorder-c6_b726bf6b27.wav,,1.8898,Woodwinds,,freewavesamples,Woodwinds
wav_files/freewavesamples_kawai-k5000w-bassoon-c4_0bfdb5431f.wav,,1.7019,Woodwinds,,freewavesamples,Woodwinds
wav_files/freewavesamples_korg-tr-rack-dad-s-jazz-guitar-c4_19d05c7820.wav,,5.3033,Electric,,freewavesamples,Electric
wav_files/freewavesamples_kawai-k5000w-trumpet-c5_e73771f9e9.wav,,1.6438,Brass,,freewavesamples,Brass
wav_files/freewavesamples_yamaha-tg77-nester-lead-c4_ac7f4e1de0.wav,,1.1924,Lead,,freewavesamples,Lead
wav_files/freewavesamples_yamaha-tg77-shami-c4_a4e6069ce9.wav,,1.0959,Ethnic Instruments,,freewavesamples,Ethnic Instruments
wav_files/freewavesamples_kawai-k5000w-clarinet-c5_7629ffad15.wav,,1.9516,Woodwinds,,freewavesamples,Woodwinds
wav_files/freewavesamples_yamaha-tg77-sawmono-lead-c5_9a32b07d71.wav,,1.2981,Lead,,freewavesamples,Lead
wav_files/freewavesamples_korg-tr-rack-slow-strings-c3_5a8cb02be7.wav,,5.2186,Strings,,freewavesamples,Strings
wav_files/freewavesamples_kawai-k5000w-pizzicto-c5_d9f8aed2e0.wav,,1.2482,Strings,,freewavesamples,Strings
wav_files/freewavesamples_yamaha-tg77-ivory-piano-c6_0153f6c8dc.wav,,4.9205,Piano,,freewavesamples,Piano
wav_files/freewavesamples_korg-tr-rack-vocalscape-c4_6d54ad6a88.wav,,3.7776,Vocal,,freewavesamples,Vocal
wav_files/freewavesamples_kawai-k3-harpsichord-c3_7b7a74da87.wav,,1.8497,Keyboards,,freewavesamples,Keyboards
wav_files/freewavesamples_kawai-k3-brass-c3_70347937af.wav,,1.271,Brass,,freewavesamples,Brass
wav_files/freewavesamples_yamaha-tg77-fm-bite-brass-c3_a405b0bc57.wav,,1.6036,Brass,,freewavesamples,Brass
wav_files/freewavesamples_yamaha-tg77-shonuff-c5_d5400182c9.wav,,3.3814,Synth,,freewavesamples,Synth
wav_files/freewavesamples_kawai-k3-bell-c3_c57c691436.wav,,1.0262,Bells,,freewavesamples,Bells
wav_files/freewavesamples_yamaha-tg77-sqrmono-lead-c4_7068c97cdf.wav,,2.4856,Lead,,freewavesamples,Lead
wav_files/freewavesamples_kawai-k5000w-tremstrg-c5_897a8c04b1.wav,,2.4377,Strings,,freewavesamples,Strings
wav_files/freewavesamples_kawai-k3-vox-c4_31e6cb7a56.wav,,2.1166,Vocal,,freewavesamples,Vocal
wav_files/freewavesamples_kawai-k3-oboe-c3_06d48870b6.wav,,1.8094,Wind Instruments,,freewavesamples,Wind Instruments
wav_files/freewavesamples_roland-sc-88-grand-piano-c3_67eda9d535.wav,,10.0,Piano,,freewavesamples,Piano
wav_files/freewavesamples_korg-tr-rack-standupthebass-c2_a322c9eeee.wav,,10.0,Acoustic,,freewavesamples,Acoustic
wav_files/freewavesamples_korg-tr-rack-tubular-bell-c6_7578363e6e.wav,,6.4811,Bells,,freewavesamples,Bells
wav_files/freewavesamples_yamaha-mu90r-rezzy-bass-c2_c8f8741ae4.wav,,1.1011,Synth,,freewavesamples,Synth
wav_files/freewavesamples_yamaha-mu90r-fuzzline-c2_a938a50be6.wav,,1.3916,Lead,,freewavesamples,Lead
wav_files/freewavesamples_yamaha-mu90r-analog-sq-1-c4_db70e6725e.wav,,2.7277,Lead,,freewavesamples,Lead
wav_files/freewavesamples_yamaha-tg77-woodbass-c1_23c4545cc3.wav,,2.832,Acoustic,,freewavesamples,Acoustic
wav_files/freewavesamples_kawai-k3-clav-c3_85f6fa6ad0.wav,,4.8326,Keyboards,,freewavesamples,Keyboards
wav_files/freewavesamples_roland-sc-88-music-box-c5_76557335c1.wav,,6.4839,Bells,,freewavesamples,Bells
wav_files/freewavesamples_yamaha-mu90r-banjo-man-c4_270b3e2410.wav,,1.4146,Other Fretted Instruments,,freewavesamples,Other Fretted Instruments
wav_files/freewavesamples_kawai-k3-pulsating-pad-c2_c288737b34.wav,,7.5691,Pads,,freewavesamples,Pads
wav_files/freewavesamples_yamaha-mu90r-lambadaacord-c4_4c81fa1f77.wav,,1.4679,Keyboards,,freewavesamples,Keyboards
wav_files/freewavesamples_yamaha-tg77-ivory-piano-c2_463cec9d7d.wav,,10.0,Piano,,freewavesamples,Piano
wav_files/freewavesamples_yamaha-mu90r-mellostrings-c4_764b1a2bea.wav,,2.3744,Strings,,freewavesamples,Strings
wav_files/freewavesamples_yamaha-mu90r-70s-rock-or-c3_c474b48e0d.wav,,2.5151,Organs,,freewavesamples,Organs
wav_files/freewavesamples_yamaha-mu90r-grand-pad-c3_dfd7824b2b.wav,,5.2914,Pads,,freewavesamples,Pads
wav_files/freewavesamples_korg-n1r-snare-roll_0d1bfa0b5c.wav,,1.6541,Snare,,freewavesamples,Snare
wav_files/freewavesamples_korg-n1r-kettle-drum_f01b05da45.wav,,2.2858,Percussion,,freewavesamples,Percussion
wav_files/freewavesamples_yamaha-mu90r-french-acord-c4_fd2cfc4fdf.wav,,1.7524,Keyboards,,freewavesamples,Keyboards
wav_files/freewavesamples_yamaha-mu90r-full-church-c2_4b6a5695a8.wav,,3.3404,Organs,,freewavesamples,Organs
wav_files/freewavesamples_yamaha-mu90r-phase-clavi-c3_41fb4e0389.wav,,2.2289,Keyboards,,freewavesamples,Keyboards
wav_files/freewavesamples_roland-sc-88-grand-piano-c5_0a80be0fc2.wav,,7.9962,Piano,,freewavesamples,Piano
wav_files/freewavesamples_yamaha-mu90r-ricky-guitar-c3_bc808b6b0d.wav,,4.7905,Electric,,freewavesamples,Electric
wav_files/freewavesamples_korg-n1r-high-tom_8f5d1fc76a.wav,,1.2927,Toms,,freewavesamples,Toms
wav_files/freewavesamples_yamaha-mu90r-laser-harp-c5_8c1c0b5862.wav,,2.9627,Strings,,freewavesamples,Strings
wav_files/freewavesamples_kawai-k3-bright-piano-c3_f780539d18.wav,,6.7839,Piano,,freewavesamples,Piano
wav_files/freewavesamples_korg-n1r-crash-cymbal_1da60606f2.wav,,2.5909,Crash,,freewavesamples,Crash
wav_files/freewavesamples_yamaha-mu90r-phase-ep-c4_0ead78db9d.wav,,7.7009,Electric Piano,,freewavesamples,Electric Piano
wav_files/freewavesamples_yamaha-mu90r-concertgrand-c6_82bcf9359f.wav,,5.5063,Piano,,freewavesamples,Piano
wav_files/freewavesamples_korg-n1r-low-tom_cebaf78dcd.wav,,1.5695,Toms,,freewavesamples,Toms
wav_files/freewavesamples_korg-n1r-high-tom-2_114b5743bd.wav,,1.1693,Toms,,freewavesamples,Toms
wav_files/freewavesamples_yamaha-mu90r-heavens-door-c2_967bc50c87.wav,,7.9896,Pads,,freewavesamples,Pads
wav_files/freewavesamples_korg-n1r-short-whistle_5828373301.wav,,1.0004,Percussion,,freewavesamples,Percussion
wav_files/freewavesamples_korg-n1r-mid-tom-2_929c504521.wav,,1.6009,Toms,,freewavesamples,Toms
wav_files/freewavesamples_korg-n1r-low-timbale_8f9b05b6a7.wav,,1.1885,Latin Percussion,,freewavesamples,Latin Percussion
wav_files/freewavesamples_korg-n1r-vibraslap_74289f60f0.wav,,2.0959,Percussion,,freewavesamples,Percussion
wav_files/freewavesamples_korg-n1r-open-hi-hat_63b0c2fee6.wav,,1.32,Hi-Hat,,freewavesamples,Hi-Hat
wav_files/freewavesamples_korg-n1r-low-tom-2_a690c5efae.wav,,2.7282,Toms,,freewavesamples,Toms
wav_files/freewavesamples_korg-n1r-high-timbale_7ce660814f.wav,,1.0078,Latin Percussion,,freewavesamples,Latin Percussion
wav_files/freewavesamples_korg-n1r-ride-cymbal_0f9159d72c.wav,,1.2958,Ride,,freewavesamples,Ride
wav_files/freewavesamples_korg-n1r-crash-cymbal-2_b0effe92fd.wav,,2.5791,Crash,,freewavesamples,Crash
wav_files/freewavesamples_yamaha-mu90r-saww-lead-c4_a3779fbf01.wav,,2.0938,Lead,,freewavesamples,Lead
wav_files/freewavesamples_korg-n1r-ride-cymbal-2_d75354f986.wav,,1.7925,Ride,,freewavesamples,Ride
wav_files/freewavesamples_korg-n1r-long-whistle_461b9b54dd.wav,,1.3997,Percussion,,freewavesamples,Percussion
wav_files/freewavesamples_korg-n1r-mid-tom_1e55bf9b55.wav,,1.3692,Toms,,freewavesamples,Toms
wav_files/freewavesamples_yamaha-mu90r-concertgrand-c2_483dec3caf.wav,,10.0,Piano,,freewavesamples,Piano
wav_files/freewavesamples_korg-n1r-open-triangle_fdfb1b84a8.wav,,1.4484,Percussion,,freewavesamples,Percussion
wav_files/freewavesamples_yamaha-mu90r-6-string-gt-c3_f59153722c.wav,,2.7654,Acoustic,,freewavesamples,Acoustic
wav_files/freewavesamples_yamaha-mu90r-concertgrand-c4_4291c7ccd5.wav,,8.7039,Piano,,freewavesamples,Piano
wav_files/freewavesamples_korg-n1r-belltree_917aaf2d5d.wav,,2.5066,Percussion,,freewavesamples,Percussion
wav_files/freewavesamples_korg-n1r-open-surdo_e7a1a6f6b2.wav,,1.0039,Latin Percussion,,freewavesamples,Latin Percussion
wav_files/freewavesamples_ensoniq-vfx-sd-steel-drum-c4_0d7d362036.wav,,1.6661,Melodic Percussion,,freewavesamples,Melodic Percussion
wav_files/freewavesamples_ensoniq-vfx-sd-snare_287953935f.wav,,1.2486,Snare,,freewavesamples,Snare
wav_files/freewavesamples_ensoniq-vfx-sd-cowbell_1daeeec4b3.wav,,1.3687,Percussion,,freewavesamples,Percussion
wav_files/freewavesamples_ensoniq-vfx-sd-kick_465790aa2a.wav,,1.8807,Kick,,freewavesamples,Kick
wav_files/freewavesamples_korg-n1r-chinese-cymbal_308d904de6.wav,,2.1634,Cymbals,,freewavesamples,Cymbals
wav_files/freewavesamples_ensoniq-vfx-sd-ride-cymbal_712c0080c2.wav,,1.3389,Ride,,freewavesamples,Ride
wav_files/freewavesamples_ensoniq-vfx-sd-slap-bass-c1_016a061cbe.wav,,1.6418,Synth,,freewavesamples,Synth
wav_files/freewavesamples_korg-n1r-jingle-bell_44374240a3.wav,,1.2107,Percussion,,freewavesamples,Percussion
wav_files/freewavesamples_ensoniq-vfx-sd-harpsichord-c3_7c2436f16d.wav,,3.1093,Keyboards,,freewavesamples,Keyboards
wav_files/freewavesamples_ensoniq-vfx-sd-kalimba-c5_7a2e2699c2.wav,,1.6193,Ethnic Instruments,,freewavesamples,Ethnic Instruments
wav_files/freewavesamples_yamaha-mu90r-chorusguitar-c3_ea2f4f8485.wav,,4.8873,Electric,,freewavesamples,Electric
wav_files/freewavesamples_korg-tr-rack-mondo-rimba-c3_7fe7b52a7e.wav,,2.8226,Melodic Percussion,,freewavesamples,Melodic Percussion
wav_files/freewavesamples_korg-tr-rack-sun-bells-c4_13f4133bc9.wav,,2.8804,Bells,,freewavesamples,Bells
wav_files/freewavesamples_korg-tr-rack-jazz-organ-2-c3_9eb9a7fe8e.wav,,2.7735,Organs,,freewavesamples,Organs
wav_files/freewavesamples_roland-sc-88-grand-piano-c1_64d99d8cba.wav,,10.0,Piano,,freewavesamples,Piano
wav_files/freewavesamples_ensoniq-vfx-sd-fat-brass-c4_143366a359.wav,,2.8788,Brass,,freewavesamples,Brass
wav_files/freewavesamples_ensoniq-vfx-sd-synth-lead-c5_89f76df24e.wav,,3.2396,Lead,,freewavesamples,Lead
wav_files/freewavesamples_korg-tr-rack-tubular-vibes-c4_c59b04771e.wav,,2.4785,Melodic Percussion,,freewavesamples,Melodic Percussion
wav_files/freewavesamples_korg-tr-rack-vs-bell-boy-c5_fce1a09f29.wav,,2.2864,Bells,,freewavesamples,Bells
wav_files/freewavesamples_korg-tr-rack-finger-pickin-c4_4a23194a21.wav,,5.2639,Acoustic,,freewavesamples,Acoustic
wav_files/freewavesamples_ensoniq-vfx-sd-scream-lead-c4_5677dbe483.wav,,2.6456,Lead,,freewavesamples,Lead
wav_files/freewavesamples_korg-tr-rack-velocity-organ-c2_364e68666e.wav,,2.6883,Organs,,freewavesamples,Organs
wav_files/freewavesamples_korg-tr-rack-solo-violin-c5_0ccd8890b7.wav,,2.7006,Strings,,freewavesamples,Strings
wav_files/freewavesamples_ensoniq-vfx-sd-cathedral-organ-c4_0a6271b194.wav,,4.4216,Organs,,freewavesamples,Organs
wav_files/freewavesamples_kawai-k5000w-percorg1-c4_806156d33c.wav,,1.306,Organs,,freewavesamples,Organs
wav_files/freewavesamples_korg-tr-rack-lethal-drum-hit_60eae41cf4.wav,,2.4997,Drums,,freewavesamples,Drums
wav_files/freewavesamples_korg-tr-rack-clarinet-c4_4ae9141d02.wav,,1.7187,Woodwinds,,freewavesamples,Woodwinds
wav_files/freewavesamples_yamaha-tg77-mystery-pad-c3_f5b625cf86.wav,,5.2252,Pads,,freewavesamples,Pads
wav_files/freewavesamples_korg-tr-rack-harp-c5_46df84601e.wav,,2.3974,Strings,,freewavesamples,Strings
wav_files/freewavesamples_kawai-k3-electric-piano-c4_006f45cfa8.wav,,7.2678,Electric Piano,,freewavesamples,Electric Piano
wav_files/freewavesamples_korg-tr-rack-acoustic-bass-c2_a5721adb61.wav,,5.6223,Acoustic,,freewavesamples,Acoustic
wav_files/freewavesamples_kawai-k5000w-koto-c5_e5963506c4.wav,,1.3217,Ethnic Instruments,,freewavesamples,Ethnic Instruments
wav_files/freewavesamples_kawai-k5000w-strings-c4_db647e076c.wav,,2.8767,Strings,,freewavesamples,Strings
wav_files/freewavesamples_ensoniq-esq-1-electric-bass-c2_9d3c2a6b93.wav,,2.7258,Electric,,freewavesamples,Electric
wav_files/freewavesamples_yamaha-tg77-ivory-piano-c4_922a925f53.wav,,7.3267,Piano,,freewavesamples,Piano
wav_files/freewavesamples_ensoniq-esq-1-eoww-c2_6ebe6a82c4.wav,,1.3838,Lead,,freewavesamples,Lead
wav_files/freewavesamples_ensoniq-esq-1-string-ensemble-c4_d6067e0abc.wav,,3.0155,Strings,,freewavesamples,Strings
wav_files/freewavesamples_ensoniq-esq-1-toy-piano-c5_4550a5c7d8.wav,,1.5491,Piano,,freewavesamples,Piano
wav_files/freewavesamples_ensoniq-esq-1-wave-bell-c4_4711628d90.wav,,2.7557,Bells,,freewavesamples,Bells
wav_files/freewavesamples_alesis-fusion-bright-acoustic-piano-c4_9dcea2a8da.wav,,2.9657,Piano,,freewavesamples,Piano
wav_files/freewavesamples_alesis-fusion-viola-c5_3f03b716aa.wav,,1.7861,Strings,,freewavesamples,Strings
wav_files/freewavesamples_alesis-fusion-english-horn-c5_ef3fdb2472.wav,,1.6647,Brass,,freewavesamples,Brass
wav_files/freewavesamples_ensoniq-esq-1-koto-c5_4e0a58eda2.wav,,1.5019,Ethnic Instruments,,freewavesamples,Ethnic Instruments
wav_files/freewavesamples_alesis-fusion-tango-accordion-c5_f61b3444d8.wav,,1.1079,Wind Instruments,,freewavesamples,Wind Instruments
wav_files/freewavesamples_korg-tr-rack-acoustic-piano-c5_36f01928df.wav,,5.5137,Piano,,freewavesamples,Piano
wav_files/freewavesamples_korg-tr-rack-light-choir-c5_5f422ff4fa.wav,,2.0758,Vocal,,freewavesamples,Vocal
wav_files/freewavesamples_korg-tr-rack-fretless-bass-c3_7ec0b96576.wav,,6.1276,Electric,,freewavesamples,Electric
wav_files/freewavesamples_korg-tr-rack-breath-of-life-c3_fb3bd1f2ac.wav,,9.6247,Pads,,freewavesamples,Pads
wav_files/freewavesamples_korg-tr-rack-asian-gong_5f73e71c17.wav,,6.6658,Ethnic Instruments,,freewavesamples,Ethnic Instruments
wav_files/freewavesamples_ensoniq-esq-1-air-c2_cc5f08a1c2.wav,,2.127,Vocal,,freewavesamples,Vocal
wav_files/freewavesamples_alesis-fusion-nylon-string-guitar-c4_b582b2155d.wav,,2.2081,Acoustic,,freewavesamples,Acoustic
wav_files/freewavesamples_korg-tr-rack-nylon-guitar-c4_533f178923.wav,,4.1566,Acoustic,,freewavesamples,Acoustic
wav_files/freewavesamples_alesis-fusion-recorder-c5_99c970adb5.wav,,1.5605,Woodwinds,,freewavesamples,Woodwinds
wav_files/freewavesamples_alesis-fusion-fretless-bass-c3_09374bf1f5.wav,,4.1454,Electric,,freewavesamples,Electric
wav_files/freewavesamples_alesis-fusion-shakuhachi-c5_da28a63d3e.wav,,2.6813,Ethnic Instruments,,freewavesamples,Ethnic Instruments
wav_files/freewavesamples_alesis-fusion-timpani_40bf8a6297.wav,,1.5971,Percussion,,freewavesamples,Percussion
wav_files/freewavesamples_alesis-fusion-steel-string-guitar-c4_2e664c2121.wav,,3.6029,Acoustic,,freewavesamples,Acoustic
wav_files/freewavesamples_alesis-fusion-contrabass-c2_0a0c80194b.wav,,2.0678,Strings,,freewavesamples,Strings
wav_files/freewavesamples_ensoniq-esq-1-piano-c3_8f75277d7e.wav,,2.8091,Piano,,freewavesamples,Piano
wav_files/freewavesamples_yamaha-fs1r-drum-kit-3-snare_037af9dbb1.wav,,1.0946,Snare,,freewavesamples,Snare
wav_files/freewavesamples_alesis-fusion-acoustic-bass-c2_a72be88ac9.wav,,2.8976,Acoustic,,freewavesamples,Acoustic
wav_files/freewavesamples_alesis-fusion-honky-tonk-piano-c5_3a82b8bf79.wav,,1.1941,Piano,,freewavesamples,Piano
wav_files/freewavesamples_korg-tr-rack-motion-synth-c2_f916335734.wav,,9.7297,Pads,,freewavesamples,Pads
wav_files/freewavesamples_alesis-fusion-bright-acoustic-piano-c6_f5041068a2.wav,,2.4947,Piano,,freewavesamples,Piano
wav_files/freewavesamples_alesis-fusion-ocarina-c5_cc5c6555f7.wav,,1.8088,Wind Instruments,,freewavesamples,Wind Instruments
wav_files/freewavesamples_ensoniq-esq-1-moog-bass-c1_92484c1ae5.wav,,5.3371,Synth,,freewavesamples,Synth
wav_files/freewavesamples_yamaha-fs1r-drum-kit-3-kick_7d84075eeb.wav,,1.1969,Kick,,freewavesamples,Kick
wav_files/freewavesamples_yamaha-fs1r-plastic-bass-c2_9ffcedc5eb.wav,,1.0001,Synth,,freewavesamples,Synth
wav_files/freewavesamples_alesis-fusion-whistle-c6_b0b76f15c6.wav,,1.8081,Wind Instruments,,freewavesamples,Wind Instruments
wav_files/freewavesamples_alesis-fusion-sitar-c4_9e45dec13b.wav,,2.4244,Ethnic Instruments,,freewavesamples,Ethnic Instruments
wav_files/freewavesamples_alesis-fusion-tremolo-strings-c4_25051d7df5.wav,,3.2008,Strings,,freewavesamples,Strings
wav_files/freewavesamples_alesis-fusion-violin-c5_adcc2c7d49.wav,,1.8041,Strings,,freewavesamples,Strings
wav_files/freewavesamples_yamaha-fs1r-boomtchak-kick_b11da29a3d.wav,,1.0526,Kick,,freewavesamples,Kick
wav_files/freewavesamples_alesis-fusion-telephone-ring_2c090e7890.wav,,1.4368,Sound Effects,,freewavesamples,Sound Effects
wav_files/freewavesamples_alesis-fusion-voice-oohs-c4_76b5ca9e82.wav,,1.9949,Vocal,,freewavesamples,Vocal
wav_files/freewavesamples_yamaha-fs1r-accordion-c5_799390cef5.wav,,1.8964,Wind Instruments,,freewavesamples,Wind Instruments
wav_files/freewavesamples_yamaha-fs1r-pompeii-c2_5bc9648a1d.wav,,6.5066,Pads,,freewavesamples,Pads
wav_files/freewavesamples_yamaha-fs1r-vox-move-c4_ce6c5d35df.wav,,6.8965,Vocal,,freewavesamples,Vocal
wav_files/freewavesamples_yamaha-fs1r-velvet-dyno-c3_8e9140fb2b.wav,,3.7141,Electric Piano,,freewavesamples,Electric Piano
wav_files/freewavesamples_yamaha-tg77-winter-c2_f407486bea.wav,,3.8915,Pads,,freewavesamples,Pads
wav_files/freewavesamples_alesis-fusion-bright-acoustic-piano-c2_8f9ddaf397.wav,,3.2243,Piano,,freewavesamples,Piano
wav_files/freewavesamples_yamaha-tg77-clavinet-c3_483bd25f1a.wav,,4.3016,Keyboards,,freewavesamples,Keyboards
wav_files/freewavesamples_yamaha-fs1r-obie-strings-c3_37b1cdef85.wav,,3.4878,Strings,,freewavesamples,Strings
wav_files/freewavesamples_yamaha-fs1r-dx-soft-c4_790c29dbf9.wav,,1.6061,Brass,,freewavesamples,Brass
wav_files/freewavesamples_yamaha-fs1r-full-tines-c4_cc0f4db974.wav,,2.1129,Electric Piano,,freewavesamples,Electric Piano
wav_files/freewavesamples_yamaha-fs1r-spacy-aaah-c4_aafcfe0d24.wav,,5.7477,Vocal,,freewavesamples,Vocal
wav_files/freewavesamples_yamaha-fs1r-heimdal-c1_b496df0075.wav,,7.8594,Pads,,freewavesamples,Pads
wav_files/freewavesamples_yamaha-tg77-cello-plus-c3_22d8b9a0cd.wav,,4.4184,Strings,,freewavesamples,Strings
wav_files/freewavesamples_kawai-k5000w-k-bells-c4_36dfdaaf6d.wav,,3.5347,Bells,,freewavesamples,Bells
wav_files/freewavesamples_kawai-k5000w-ding_6600e9bad5.wav,,1.0702,Sound Effects,,freewavesamples,Sound Effects
wav_files/freewavesamples_korg-tr-rack-finger-pickin-c3_3296fb0296.wav,,7.4232,Acoustic,,freewavesamples,Acoustic
wav_files/freewavesamples_ensoniq-vfx-sd-classic-piano-c2_1daaa8c4e8.wav,,7.4091,Piano,,freewavesamples,Piano
wav_files/freewavesamples_kawai-k5000w-machine-gun_9d90e4edde.wav,,1.3425,Sound Effects,,freewavesamples,Sound Effects
wav_files/freewavesamples_kawai-k5000w-dog-bark_4566ae3194.wav,,1.1681,Nature,,freewavesamples,Nature
wav_files/freewavesamples_kawai-k5000w-dublbone-c5_fcba6e9c45.wav,,1.4957,Brass,,freewavesamples,Brass
wav_files/freewavesamples_yamaha-fs1r-nu-suitcase-c4_825b03cb5d.wav,,8.9624,Electric Piano,,freewavesamples,Electric Piano
wav_files/freewavesamples_yamaha-tg77-heaven-vox-c5_f4958aa016.wav,,3.7227,Vocal,,freewavesamples,Vocal
wav_files/freewavesamples_kawai-k5000w-race-car_4e6aa3d3b8.wav,,2.3214,Sound Effects,,freewavesamples,Sound Effects
wav_files/freewavesamples_yamaha-fs1r-full-b3-c3_73da4c8d52.wav,,2.0575,Organs,,freewavesamples,Organs
wav_files/freewavesamples_yamaha-fs1r-nebulous-c1_7638333514.wav,,10.0,Pads,,freewavesamples,Pads
wav_files/freewavesamples_yamaha-fs1r-teck-hook-c3_ba92666439.wav,,1.5248,Lead,,freewavesamples,Lead
wav_files/freewavesamples_kawai-k5000w-rezonato-c2_fb589442e1.wav,,3.8465,Synth,,freewavesamples,Synth
wav_files/freewavesamples_yamaha-fs1r-choir-c4_c0f65c1f81.wav,,4.115,Vocal,,freewavesamples,Vocal
wav_files/freewavesamples_yamaha-fs1r-ep-wide-c5_6d7e48c06f.wav,,6.5035,Electric Piano,,freewavesamples,Electric Piano
wav_files/freewavesamples_kawai-k5000w-sphaera-c3_ccbf38b67d.wav,,7.3682,Pads,,freewavesamples,Pads
wav_files/freewavesamples_alesis-fusion-clean-guitar-c3_c437b4dfd2.wav,,4.4623,Electric,,freewavesamples,Electric
wav_files/freewavesamples_m-audio-venom-ride-cymbal_bc5bd1f2c8.wav,,1.5035,Ride,,freewavesamples,Ride
wav_files/freewavesamples_m-audio-venom-stranglead-c3_e8b3c52e79.wav,,1.5427,Lead,,freewavesamples,Lead
wav_files/freewavesamples_m-audio-venom-sh-sh-sh-c3_70b9b7d168.wav,,1.4112,Pads,,freewavesamples,Pads
wav_files/freewavesamples_kawai-k5000w-taurus-c2_cc755cb443.wav,,4.3935,Synth,,freewavesamples,Synth
wav_files/freewavesamples_m-audio-venom-dreambells-c6_763b978fc6.wav,,1.8584,Bells,,freewavesamples,Bells
wav_files/freewavesamples_m-audio-venom-splash-cymbal_3ceb9503f6.wav,,1.4454,Crash,,freewavesamples,Crash
wav_files/freewavesamples_m-audio-venom-sleepwalk-c5_8c290cbaa6.wav,,1.3816,Lead,,freewavesamples,Lead
wav_files/freewavesamples_yamaha-fs1r-starship-c1_e73bc29ad4.wav,,10.0,Pads,,freewavesamples,Pads
wav_files/freewavesamples_yamaha-fs1r-ep-wide-c4_702c7e8bbf.wav,,6.6418,Electric Piano,,freewavesamples,Electric Piano
wav_files/freewavesamples_kawai-k5000w-marsmoby-c4_6bc645439c.wav,,6.8858,Pads,,freewavesamples,Pads
wav_files/freewavesamples_yamaha-fs1r-lightyears-c3_fb7801dc8a.wav,,8.0976,Pads,,freewavesamples,Pads
wav_files/freewavesamples_m-audio-venom-sawzallbs-c1_d9e020298e.wav,,1.3343,Synth,,freewavesamples,Synth
wav_files/freewavesamples_m-audio-venom-singee-c3_f09844c3f9.wav,,1.815,Lead,,freewavesamples,Lead
wav_files/freewavesamples_m-audio-venom-ultrabell-c3_3811ed3757.wav,,3.8538,Bells,,freewavesamples,Bells
wav_files/freewavesamples_m-audio-venom-spherebass-c2_b396b0e5a8.wav,,2.8774,Synth,,freewavesamples,Synth
wav_files/freewavesamples_m-audio-venom-octavide-c2_c9f9258cf8.wav,,2.8161,Strings,,freewavesamples,Strings
wav_files/freewavesamples_m-audio-venom-sync-bass-c2_55d22a92db.wav,,1.7706,Synth,,freewavesamples,Synth
wav_files/freewavesamples_kawai-k5000w-12strgtr-c3_fe0ac021af.wav,,5.3266,Synth,,freewavesamples,Synth
wav_files/freewavesamples_m-audio-venom-crash-cymbal_8d4bc05873.wav,,2.1646,Crash,,freewavesamples,Crash
wav_files/freewavesamples_yamaha-tg77-dream-rhodes-c5_22faefec41.wav,,6.4076,Electric Piano,,freewavesamples,Electric Piano
wav_files/freewavesamples_m-audio-venom-70sstrings-c4_6c660286aa.wav,,3.0826,Strings,,freewavesamples,Strings
wav_files/freewavesamples_casio-vz-10m-clarinet-c4_2c8302c103.wav,,1.1078,Wind Instruments,,freewavesamples,Wind Instruments
wav_files/freewavesamples_kawai-k5000w-thunder_2038065ee8.wav,,3.3639,Nature,,freewavesamples,Nature
wav_files/freewavesamples_m-audio-venom-disintegr8-c3_cff7680bff.wav,,6.974,Chiptune,,freewavesamples,Chiptune
wav_files/freewavesamples_kawai-k5000w-hawaiian-c4_86f3f14045.wav,,9.4053,Synth,,freewavesamples,Synth
wav_files/freewavesamples_casio-vz-10m-power-fifths-c4_a4b852aa9d.wav,,1.7357,Lead,,freewavesamples,Lead
wav_files/freewavesamples_casio-vz-10m-buzzy-deep-bass-c1_2327bba2c9.wav,,2.1888,Synth,,freewavesamples,Synth
wav_files/freewavesamples_casio-vz-10m-hard-organ-c2_23529cd6cc.wav,,1.1733,Organs,,freewavesamples,Organs
wav_files/freewavesamples_m-audio-venom-classicv-c4_38a72cb6dd.wav,,1.5459,Lead,,freewavesamples,Lead
wav_files/freewavesamples_casio-vz-10m-pizzicato-bell-c4_d5d315f27d.wav,,2.8248,Strings,,freewavesamples,Strings
wav_files/freewavesamples_m-audio-venom-am-bell-c4_ae7e79e905.wav,,1.5493,Bells,,freewavesamples,Bells
wav_files/freewavesamples_m-audio-venom-currents-c2_f3c5de02de.wav,,5.5093,Pads,,freewavesamples,Pads
wav_files/freewavesamples_m-audio-venom-blissbell-c4_d19120eea5.wav,,2.5533,Bells,,freewavesamples,Bells
wav_files/freewavesamples_casio-vz-10m-soft-glass-c4_62faf7deae.wav,,2.8217,Pads,,freewavesamples,Pads
wav_files/freewavesamples_casio-vz-10m-celeste-c5_29aa913fcd.wav,,2.0836,Keyboards,,freewavesamples,Keyboards
wav_files/freewavesamples_m-audio-venom-glass-harp-c5_bd3e99437f.wav,,5.3759,Lead,,freewavesamples,Lead
wav_files/freewavesamples_casio-vz-10m-cool-organ-c4_a524897a4a.wav,,1.5704,Organs,,freewavesamples,Organs
wav_files/freewavesamples_casio-vz-10m-piano-c2_62ccef735c.wav,,7.2541,Piano,,freewavesamples,Piano
wav_files/freewavesamples_casio-vz-10m-phased-synth-c4_bd2e46a3e3.wav,,1.8927,Lead,,freewavesamples,Lead
wav_files/freewavesamples_yamaha-tx81z-accordion-c4_63cc0c335e.wav,,1.2848,Wind Instruments,,freewavesamples,Wind Instruments
wav_files/freewavesamples_ensoniq-esq-1-wind_3413907cfe.wav,,10.0,Nature,,freewavesamples,Nature
wav_files/freewavesamples_m-audio-venom-distlulaby-c5_309f0b444d.wav,,3.1202,Lead,,freewavesamples,Lead
wav_files/freewavesamples_yamaha-tx81z-analogbrass-c3_c0bfd39981.wav,,1.1188,Brass,,freewavesamples,Brass
wav_files/freewavesamples_yamaha-dx7-metallfon-c4_ab6dd373eb.wav,,1.8661,Bells,,freewavesamples,Bells
wav_files/freewavesamples_yamaha-tx81z-violin-with-vibrato-c5_d9e6269479.wav,,1.8853,Strings,,freewavesamples,Strings
wav_files/freewavesamples_yamaha-tx81z-violin-c5_085f910996.wav,,1.2785,Strings,,freewavesamples,Strings
wav_files/freewavesamples_yamaha-dx7-chimin-c4_e4dce9aafa.wav,,3.8221,Bells,,freewavesamples,Bells
wav_files/freewavesamples_m-audio-venom-mysterio-c2_5363498599.wav,,9.2656,Pads,,freewavesamples,Pads
wav_files/freewavesamples_casio-vz-10m-quickbass-c2_18e16a7ec5.wav,,3.5314,Synth,,freewavesamples,Synth
wav_files/freewavesamples_yamaha-tx81z-elecbass-1-c1_d7780638dc.wav,,1.1147,Synth,,freewavesamples,Synth
wav_files/freewavesamples_yamaha-dx7-bass-c2_341e147c82.wav,,6.1292,Synth,,freewavesamples,Synth
wav_files/freewavesamples_yamaha-tx81z-whistling-c5_7750c5a5ca.wav,,1.3833,Wind Instruments,,freewavesamples,Wind Instruments
wav_files/freewavesamples_yamaha-tx81z-voices-c4_e5428fb047.wav,,3.3698,Vocal,,freewavesamples,Vocal
wav_files/freewavesamples_yamaha-tx81z-harp-c5_842341c918.wav,,1.33,Strings,,freewavesamples,Strings
wav_files/freewavesamples_yamaha-tx81z-krstlchoir-c5_a74d98953b.wav,,2.0084,Pads,,freewavesamples,Pads
wav_files/freewavesamples_yamaha-tx81z-timpani_9c8014a4f4.wav,,2.3957,Percussion,,freewavesamples,Percussion
wav_files/freewavesamples_casio-vz-10m-harpsichord-c3_f38ab5a572.wav,,2.8305,Keyboards,,freewavesamples,Keyboards
wav_files/freewavesamples_casio-vz-10m-astral-c2_d47412e41a.wav,,6.4499,Pads,,freewavesamples,Pads
wav_files/freewavesamples_yamaha-tx81z-breathorgn-c4_ecd5f45b98.wav,,2.3481,Wind Instruments,,freewavesamples,Wind Instruments
wav_files/freewavesamples_casio-vz-10m-bright-phaze-c4_d05450cdb2.wav,,10.0,Pads,,freewavesamples,Pads
wav_files/freewavesamples_casio-vz-10m-gong-c2_3d98e5fae4.wav,,6.6372,Cymbals,,freewavesamples,Cymbals
wav_files/freewavesamples_korg-n1r-danceremix-c4_ecc918af5a.wav,,1.1115,Lead,,freewavesamples,Lead
wav_files/freewavesamples_korg-n1r-rockguitar-c3_18ac247e32.wav,,1.8344,Electric,,freewavesamples,Electric
wav_files/freewavesamples_korg-n1r-harmonics-c5_1878a40017.wav,,1.1707,Electric,,freewavesamples,Electric
wav_files/freewavesamples_yamaha-tx81z-fuzz-clavi-c2_196a1a4bde.wav,,5.5669,Keyboards,,freewavesamples,Keyboards
wav_files/freewavesamples_korg-n1r-stereo-hit_37b369dcba.wav,,1.407,Orchestral,,freewavesamples,Orchestral
wav_files/freewavesamples_kawai-k5000w-sweep2-c4_6e36b91571.wav,,10.0,Pads,,freewavesamples,Pads
wav_files/freewavesamples_yamaha-tx81z-doublebass-c1_fbd4475a54.wav,,3.4647,Synth,,freewavesamples,Synth
wav_files/freewavesamples_korg-n1r-dance-bass-c2_4e5fbe2d4b.wav,,1.3947,Synth,,freewavesamples,Synth
wav_files/freewavesamples_korg-n1r-salsahorns-c5_ae452fa867.wav,,1.2005,Brass,,freewavesamples,Brass
wav_files/freewavesamples_korg-n1r-fatrezbass-c2_6a3c60203c.wav,,1.5777,Synth,,freewavesamples,Synth
wav_files/freewavesamples_korg-n1r-rock-mutes-c3_51878dac23.wav,,1.3019,Electric,,freewavesamples,Electric
wav_files/freewavesamples_korg-n1r-split-sync-c3_c78f010007.wav,,2.0038,Lead,,freewavesamples,Lead
wav_files/freewavesamples_korg-n1r-basspicker-c2_09d812fa7d.wav,,1.6989,Electric,,freewavesamples,Electric
wav_files/freewavesamples_m-audio-venom-fractalize-c4_d818f47565.wav,,6.0661,Pads,,freewavesamples,Pads
wav_files/freewavesamples_korg-n1r-rave-mix-c3_01681ebdfb.wav,,1.4616,Orchestral,,freewavesamples,Orchestral
wav_files/freewavesamples_korg-n1r-thunder_803298aa00.wav,,5.1472,Nature,,freewavesamples,Nature
wav_files/freewavesamples_korg-ms2000-dirtbass-c2_db83349ccf.wav,,1.0464,Synth,,freewavesamples,Synth
wav_files/freewavesamples_korg-n1r-n-strings-c4_4a0f07fac5.wav,,2.9889,Strings,,freewavesamples,Strings
wav_files/freewavesamples_yamaha-tx81z-tube-bells-c4_8216838fd7.wav,,7.8564,Bells,,freewavesamples,Bells
wav_files/freewavesamples_kawai-k5000w-rezzopad-c3_b464f8a5d7.wav,,9.015,Pads,,freewavesamples,Pads
wav_files/freewavesamples_korg-n1r-gamelan-c4_8840c64700.wav,,3.992,Ethnic Instruments,,freewavesamples,Ethnic Instruments
wav_files/freewavesamples_korg-ms2000-electrokoto-c5_ddde236ea8.wav,,1.1286,Strings,,freewavesamples,Strings
wav_files/freewavesamples_korg-n1r-whitenoise_c97c4580e5.wav,,8.4759,Sound Effects,,freewavesamples,Sound Effects
wav_files/freewavesamples_korg-n1r-tubecrunch-c4_400e277fbd.wav,,3.4096,Electric,,freewavesamples,Electric
wav_files/freewavesamples_korg-n1r-stein-bass-c2_52f38c157b.wav,,10.0,Electric,,freewavesamples,Electric
wav_files/freewavesamples_roland-pn-d10-03-wood-bass-c2_023d9affcd.wav,,1.1864,Acoustic,,freewavesamples,Acoustic
wav_files/freewavesamples_roland-pn-d10-03-street-accordion-c4_1f49a95302.wav,,1.6064,Wind Instruments,,freewavesamples,Wind Instruments
wav_files/freewavesamples_roland-pn-d10-03-live-jupiter-brs-c2_5853aaf3db.wav,,2.398,Brass,,freewavesamples,Brass
wav_files/freewavesamples_korg-ms2000-humantouch-c2_01bea5f027.wav,,2.9344,Vocal,,freewavesamples,Vocal
wav_files/freewavesamples_roland-d-20-elec-pop-2-120-bpm_46d0ad03ce.wav,,2.0045,Beats,,freewavesamples,Beats
wav_files/freewavesamples_roland-d-20-16beat-1-116-bpm_797408700b.wav,,2.0711,Beats,,freewavesamples,Beats
wav_files/freewavesamples_korg-ms2000-thin-pad-c3_abeece1104.wav,,3.4148,Pads,,freewavesamples,Pads
wav_files/freewavesamples_roland-d-20-8beat-1-112-bpm_ba8feb4531.wav,,2.1459,Beats,,freewavesamples,Beats
wav_files/freewavesamples_yamaha-tx81z-lowstring-c2_c268fb5a28.wav,,4.0308,Strings,,freewavesamples,Strings
wav_files/freewavesamples_roland-d-20-disco-1-120-bpm_3b8257767d.wav,,2.0027,Beats,,freewavesamples,Beats
wav_files/freewavesamples_korg-n1r-britenylon-c5_f5d1cb0274.wav,,7.4124,Acoustic,,freewavesamples,Acoustic
wav_files/freewavesamples_yamaha-tx81z-alchemist-c3_5688698802.wav,,7.3259,Strings,,freewavesamples,Strings
wav_files/freewavesamples_roland-d-20-rhumba-104-bpm_f1fc9c11f6.wav,,2.3096,Beats,,freewavesamples,Beats
wav_files/freewavesamples_casio-vz-10m-space-lander-c2_ee359a37f1.wav,,6.8535,Pads,,freewavesamples,Pads
wav_files/freewavesamples_roland-d-20-samba-1-104-bpm_03173d4c4a.wav,,2.3123,Beats,,freewavesamples,Beats
wav_files/freewavesamples_korg-n1r-flamenco-c4_371e54eeeb.wav,,7.664,Acoustic,,freewavesamples,Acoustic
wav_files/freewavesamples_roland-d-20-ballad-96-bpm_a175735e32.wav,,2.6103,Beats,,freewavesamples,Beats
wav_files/freewavesamples_korg-n1r-seashore_09c535c0a2.wav,,6.0936,Nature,,freewavesamples,Nature
wav_files/freewavesamples_korg-n1r-rock-piano-c3_89481509a9.wav,,9.9771,Piano,,freewavesamples,Piano
wav_files/freewavesamples_casio-vz-10m-pulsating-c2_6355ae4c36.wav,,7.7531,Synth,,freewavesamples,Synth
wav_files/freewavesamples_yamaha-psr-22-pipe-organ-1-c3_591d07e8dd.wav,,2.1469,Organs,,freewavesamples,Organs
wav_files/freewavesamples_yamaha-psr-22-synth-organ-c3_76d6df3584.wav,,2.6905,Organs,,freewavesamples,Organs
wav_files/freewavesamples_yamaha-psr-22-elec-piano-c4_55c1bd2948.wav,,4.4419,Electric Piano,,freewavesamples,Electric Piano
wav_files/freewavesamples_yamaha-psr-22-country_dc020c40c6.wav,,1.9992,Beats,,freewavesamples,Beats
wav_files/freewavesamples_yamaha-psr-22-slow-rock_104b3b4f0f.wav,,1.9993,Beats,,freewavesamples,Beats
wav_files/freewavesamples_yamaha-psr-22-salsa_07cced7543.wav,,1.9991,Beats,,freewavesamples,Beats
wav_files/freewavesamples_yamaha-psr-22-swing_fdd5c99989.wav,,1.9935,Beats,,freewavesamples,Beats
wav_files/freewavesamples_yamaha-psr-22-fantasy-c4_3b76d3d666.wav,,4.3385,Strings,,freewavesamples,Strings
wav_files/freewavesamples_casio-vz-10m-fretless-bass-c2_0113738d52.wav,,5.0882,Electric,,freewavesamples,Electric
wav_files/freewavesamples_yamaha-psr-22-vibes-c5_bd3aaaee2c.wav,,5.1226,Melodic Percussion,,freewavesamples,Melodic Percussion
wav_files/freewavesamples_korg-n1r-hollowbody-c3_8ec7e29b6b.wav,,8.2869,Electric,,freewavesamples,Electric
wav_files/freewavesamples_korg-ns5r-crash-cymbal-2_0ea622d689.wav,,3.2163,Crash,,freewavesamples,Crash
wav_files/freewavesamples_drill_1194b3f49c.wav,,1.2038,Sound Effects,,freewavesamples,Sound Effects
wav_files/freewavesamples_korg-ns5r-ride-cymbal-2_36010cac0c.wav,,2.3236,Ride,,freewavesamples,Ride
wav_files/freewavesamples_roland-d-20-jazz-1-112-bpm_5dd4557ac3.wav,,4.2937,Beats,,freewavesamples,Beats
wav_files/freewavesamples_door-close_f4250310e2.wav,,1.3419,Sound Effects,,freewavesamples,Sound Effects
wav_files/freewavesamples_yamaha-psr-22-big-band_fede125e83.wav,,3.9928,Beats,,freewavesamples,Beats
wav_files/freewavesamples_yamaha-psr-22-rock-n-roll_a406c681b7.wav,,2.9867,Beats,,freewavesamples,Beats
wav_files/freewavesamples_woman-laughing_a299454e19.wav,,1.2965,Voice,,freewavesamples,Voice
wav_files/freewavesamples_lion-roar_46f6af1ab5.wav,,1.1092,Nature,,freewavesamples,Nature
wav_files/freewavesamples_race-car_d2311a7283.wav,,2.2544,Sound Effects,,freewavesamples,Sound Effects
wav_files/freewavesamples_korg-ns5r-power-ride-cymbal-2_d57033621d.wav,,1.7906,Ride,,freewavesamples,Ride
wav_files/freewavesamples_korg-n1r-upright-c2_5d66ddbedf.wav,,5.9471,Acoustic,,freewavesamples,Acoustic
wav_files/freewavesamples_chirping-birds-2_004048eff5.wav,,1.6171,Nature,,freewavesamples,Nature
wav_files/freewavesamples_engine-start_c9fd6c7e82.wav,,2.4419,Sound Effects,,freewavesamples,Sound Effects
wav_files/freewavesamples_woman-screaming_671c61206b.wav,,1.6743,Voice,,freewavesamples,Voice
wav_files/freewavesamples_korg-ns5r-power-crash-cymbal-2_ac59093a21.wav,,3.9616,Crash,,freewavesamples,Crash
wav_files/freewavesamples_yamaha-tx81z-wendy-c2_43557d9659.wav,,4.1957,Synth,,freewavesamples,Synth
wav_files/freewavesamples_yamaha-psr-22-heavy-metal_a3f8da3456.wav,,3.9986,Beats,,freewavesamples,Beats
wav_files/freewavesamples_korg-n1r-mr-gong-c2_ef20ba3569.wav,,10.0,Cymbals,,freewavesamples,Cymbals
wav_files/freewavesamples_vinyl-scratch-2_3ff7426fbf.wav,,1.1535,Sound Effects,,freewavesamples,Sound Effects
wav_files/freewavesamples_flowing-water_2334a85dbe.wav,,2.7661,Nature,,freewavesamples,Nature
wav_files/freewavesamples_korg-ms2000-fullstrings-c3_6bf22ec516.wav,,4.6502,Strings,,freewavesamples,Strings
wav_files/freewavesamples_cat-meow_3e3d069360.wav,,1.2354,Nature,,freewavesamples,Nature
wav_files/freewavesamples_korg-ns5r-melo-tom-1_6080adbca5.wav,,1.0084,Toms,,freewavesamples,Toms
wav_files/freewavesamples_korg-ns5r-synthbass1-c2_172d58d314.wav,,2.3914,Synth,,freewavesamples,Synth
wav_files/freewavesamples_korg-ms2000-himelody-c5_73c11b1119.wav,,3.6156,Strings,,freewavesamples,Strings
wav_files/freewavesamples_korg-ns5r-pickedbass-c2_2d88f77279.wav,,2.114,Electric,,freewavesamples,Electric
wav_files/freewavesamples_korg-ns5r-power-crash-cymbal_22d8e35d66.wav,,3.9958,Crash,,freewavesamples,Crash
wav_files/freewavesamples_korg-ns5r-squarewave-c5_82be970fad.wav,,1.9002,Lead,,freewavesamples,Lead
wav_files/freewavesamples_korg-ns5r-acousticbs-c3_83ea969d2c.wav,,2.4499,Acoustic,,freewavesamples,Acoustic
wav_files/freewavesamples_korg-ns5r-synth-drum_da61869cc2.wav,,1.321,Toms,,freewavesamples,Toms
wav_files/freewavesamples_korg-ns5r-saw-wave-c3_7413085dcb.wav,,2.1591,Lead,,freewavesamples,Lead
wav_files/freewavesamples_korg-ns5r-shamisen-c4_00382e6eb9.wav,,1.0004,Ethnic Instruments,,freewavesamples,Ethnic Instruments
wav_files/freewavesamples_train_f3d1afefef.wav,,5.5541,Sound Effects,,freewavesamples,Sound Effects
wav_files/freewavesamples_korg-ns5r-piano-2-c3_c496849486.wav,,9.4398,Piano,,freewavesamples,Piano
wav_files/freewavesamples_korg-ns5r-panflute-1-c5_2ef43ed1f6.wav,,1.5834,Ethnic Instruments,,freewavesamples,Ethnic Instruments
wav_files/freewavesamples_korg-ns5r-solo-vox-c5_83f1209841.wav,,2.2574,Vocal,,freewavesamples,Vocal
wav_files/freewavesamples_korg-ns5r-bari-sax-c3_5db5187921.wav,,1.6857,Brass,,freewavesamples,Brass
wav_files/freewavesamples_korg-ns5r-crash-cymbal_c0c1437b9d.wav,,3.2804,Crash,,freewavesamples,Crash
wav_files/freewavesamples_korg-ns5r-crystal-c6_e46c7d9409.wav,,1.9325,Bells,,freewavesamples,Bells
wav_files/freewavesamples_korg-ns5r-metal-pad-c4_8577d87b1e.wav,,2.7952,Pads,,freewavesamples,Pads
wav_files/freewavesamples_korg-ns5r-glocken-c4_da10cb3865.wav,,2.5179,Melodic Percussion,,freewavesamples,Melodic Percussion
wav_files/freewavesamples_korg-ns5r-spacevoice-c5_cbc752fa4d.wav,,2.4143,Pads,,freewavesamples,Pads
wav_files/freewavesamples_korg-ns5r-e-piano-1-c4_4cec07dde2.wav,,8.3209,Electric Piano,,freewavesamples,Electric Piano
wav_files/freewavesamples_korg-ns5r-flute-c5_225582ea05.wav,,2.0503,Wind Instruments,,freewavesamples,Wind Instruments
wav_files/freewavesamples_korg-ns5r-piano-2-c5_1546bae04f.wav,,8.0973,Piano,,freewavesamples,Piano
wav_files/freewavesamples_korg-ns5r-taiko_94b96ee346.wav,,1.5368,Ethnic Instruments,,freewavesamples,Ethnic Instruments
wav_files/freewavesamples_yamaha-psr-22-rhumba_4048ab469a.wav,,3.9928,Beats,,freewavesamples,Beats
wav_files/freewavesamples_korg-ns5r-5th-saw-c4_54a86022a8.wav,,2.0021,Lead,,freewavesamples,Lead
wav_files/freewavesamples_korg-ns5r-charang-c4_d396dbde04.wav,,1.3654,Lead,,freewavesamples,Lead
wav_files/freewavesamples_korg-ns5r-celesta-c5_4803f704f1.wav,,3.0698,Keyboards,,freewavesamples,Keyboards
wav_files/freewavesamples_korg-ns5r-xylophone-c4_ae4acc0cc3.wav,,1.209,Melodic Percussion,,freewavesamples,Melodic Percussion
wav_files/freewavesamples_korg-ns5r-e-piano-1-c6_646d4ac399.wav,,6.0953,Electric Piano,,freewavesamples,Electric Piano
wav_files/freewavesamples_korg-dw-8000-lead-c5_1eafa1ee55.wav,,1.2398,Lead,,freewavesamples,Lead
wav_files/freewavesamples_korg-ns5r-bandoneon1-c4_66713580a9.wav,,1.9021,Wind Instruments,,freewavesamples,Wind Instruments
wav_files/freewavesamples_creak_7a5ccc7947.wav,,1.9932,Sound Effects,,freewavesamples,Sound Effects
wav_files/freewavesamples_korg-ns5r-xylophone-c3_9307695d70.wav,,1.2279,Melodic Percussion,,freewavesamples,Melodic Percussion
wav_files/freewavesamples_korg-ns5r-explosion_abde040263.wav,,3.734,Sound Effects,,freewavesamples,Sound Effects
wav_files/freewavesamples_korg-ns5r-piano-3-c3_dff45ae3ce.wav,,10.0,Electric Piano,,freewavesamples,Electric Piano
wav_files/freewavesamples_police-siren_acb6f3ca1b.wav,,3.0856,Sound Effects,,freewavesamples,Sound Effects
wav_files/freewavesamples_korg-ns5r-tubular-c5_5d0f6d28ac.wav,,3.6489,Melodic Percussion,,freewavesamples,Melodic Percussion
wav_files/freewavesamples_korg-ns5r-applause-1_ea2aea4336.wav,,3.7758,Sound Effects,,freewavesamples,Sound Effects
wav_files/freewavesamples_korg-ns5r-xylophone-c5_53c36d76f9.wav,,1.3066,Melodic Percussion,,freewavesamples,Melodic Percussion
wav_files/freewavesamples_korg-dw-8000-pipe-organ-c3_4fef4711b1.wav,,1.8203,Organs,,freewavesamples,Organs
wav_files/freewavesamples_yamaha-pss-140-cello-c4_8438d2a179.wav,,1.4472,Strings,,freewavesamples,Strings
wav_files/freewavesamples_korg-ns5r-fretless-1-c2_080c643481.wav,,3.3167,Electric,,freewavesamples,Electric
wav_files/freewavesamples_korg-ns5r-timpani-c3_e092f9bea7.wav,,2.2858,Percussion,,freewavesamples,Percussion
wav_files/freewavesamples_yamaha-pss-140-small-church-c5_f4c60b021e.wav,,2.1002,Organs,,freewavesamples,Organs
wav_files/freewavesamples_yamaha-pss-140-drip-c3_627f625f73.wav,,1.7459,Synth,,freewavesamples,Synth
wav_files/freewavesamples_yamaha-pss-140-leaf-spring-c3_0b33b143c8.wav,,2.1905,Sound Effects,,freewavesamples,Sound Effects
wav_files/freewavesamples_yamaha-tg100-squareld-c5_8feec8add8.wav,,1.7901,Lead,,freewavesamples,Lead
wav_files/freewavesamples_korg-dw-8000-synth-strings-c5_186ec655d7.wav,,1.9253,Strings,,freewavesamples,Strings
wav_files/freewavesamples_korg-ns5r-strings-1-c4_83c72a04da.wav,,2.2646,Strings,,freewavesamples,Strings
wav_files/freewavesamples_tire-screech_608dc805b7.wav,,1.0701,Sound Effects,,freewavesamples,Sound Effects
wav_files/freewavesamples_yamaha-tg100-chiff-ld-c4_2d063ffa4d.wav,,1.3874,Lead,,freewavesamples,Lead
wav_files/freewavesamples_yamaha-tg100-caliopld-c5_a92915d8fb.wav,,1.3933,Lead,,freewavesamples,Lead
wav_files/freewavesamples_yamaha-tg100-ocarina-c5_bd6211e2c5.wav,,1.2946,Ethnic Instruments,,freewavesamples,Ethnic Instruments
wav_files/freewavesamples_yamaha-tg100-charanld-c4_175f71851f.wav,,1.3329,Lead,,freewavesamples,Lead
wav_files/freewavesamples_yamaha-tg100-bass-ld-c3_145e63916a.wav,,1.4778,Lead,,freewavesamples,Lead
wav_files/freewavesamples_yamaha-tg100-whistle-c5_64742dd550.wav,,1.223,Wind Instruments,,freewavesamples,Wind Instruments
wav_files/freewavesamples_yamaha-tg100-saw-ld-c5_8b2d8e1332.wav,,1.016,Lead,,freewavesamples,Lead
wav_files/freewavesamples_yamaha-pss-140-flute-c4_ed93b2facd.wav,,1.7767,Wind Instruments,,freewavesamples,Wind Instruments
wav_files/freewavesamples_yamaha-tg100-polysypd-c5_7eb10a4189.wav,,1.7388,Pads,,freewavesamples,Pads
wav_files/freewavesamples_korg-ns5r-sweeppad-c4_451ef9880a.wav,,6.7097,Pads,,freewavesamples,Pads
wav_files/freewavesamples_yamaha-tg100-choir-pd-c4_1b6c6c1b69.wav,,2.7534,Pads,,freewavesamples,Pads
wav_files/freewavesamples_korg-ns5r-choiraahs1-c4_f9130aab9b.wav,,3.1916,Vocal,,freewavesamples,Vocal
wav_files/freewavesamples_korg-ns5r-tinklebell-c4_e47aafa26f.wav,,2.4022,Bells,,freewavesamples,Bells
wav_files/freewavesamples_yamaha-tg100-sitar-c4_7afb473279.wav,,1.3392,Ethnic Instruments,,freewavesamples,Ethnic Instruments
wav_files/freewavesamples_yamaha-tg100-warm-pd-c5_3c472e2e5a.wav,,3.5611,Pads,,freewavesamples,Pads
wav_files/freewavesamples_korg-dw-8000-hollow-bell-c4_4422ee697f.wav,,2.5602,Bells,,freewavesamples,Bells
wav_files/freewavesamples_yamaha-tg100-banjo-c4_f89fd7a152.wav,,1.2056,Other Fretted Instruments,,freewavesamples,Other Fretted Instruments
wav_files/freewavesamples_korg-dw-8000-bell-c4_3d9b3103b3.wav,,4.2168,Bells,,freewavesamples,Bells
wav_files/freewavesamples_yamaha-tg100-crystal-c5_63be276281.wav,,1.7868,Pads,,freewavesamples,Pads
wav_files/freewavesamples_roland-pn-d10-03-hammered-e-piano-c3_1c62dec72e.wav,,6.723,Electric Piano,,freewavesamples,Electric Piano
wav_files/freewavesamples_yamaha-tg100-voice-ld-c5_db4012dcdf.wav,,1.4252,Lead,,freewavesamples,Lead
wav_files/freewavesamples_yamaha-tg100-synthtom_571d37b48f.wav,,1.0002,Toms,,freewavesamples,Toms
wav_files/freewavesamples_yamaha-tg100-fiddle-c5_06763dc3cf.wav,,1.2701,Strings,,freewavesamples,Strings
wav_files/freewavesamples_yamaha-tg100-fretnoiz_1c57d98a5d.wav,,1.0721,Electric,,freewavesamples,Electric
wav_files/freewavesamples_yamaha-tg100-halo-pd-c4_101be314b9.wav,,1.5419,Pads,,freewavesamples,Pads
wav_files/freewavesamples_yamaha-tg100-bowed-pd-c2_c1762ea3e9.wav,,3.0667,Pads,,freewavesamples,Pads
wav_files/freewavesamples_yamaha-tg100-bright-c6_9de1042136.wav,,2.0404,Pads,,freewavesamples,Pads
wav_files/freewavesamples_yamaha-tg100-shanai-c5_353f0245c8.wav,,1.2438,Ethnic Instruments,,freewavesamples,Ethnic Instruments
wav_files/freewavesamples_yamaha-tg100-revcymbl_d449e88ea5.wav,,2.1294,Cymbals,,freewavesamples,Cymbals
wav_files/freewavesamples_korg-ns5r-piano-3-c5_2af685638a.wav,,7.2481,Electric Piano,,freewavesamples,Electric Piano
wav_files/freewavesamples_yamaha-tg100-stl-drum_8a2292a082.wav,,1.3756,Ethnic Instruments,,freewavesamples,Ethnic Instruments
wav_files/freewavesamples_yamaha-tg100-fifth-ld-c4_b326028e26.wav,,1.2381,Lead,,freewavesamples,Lead
wav_files/freewavesamples_kawai-k1r-crash-cymbal_ab36bb77fe.wav,,1.9413,Crash,,freewavesamples,Crash
wav_files/freewavesamples_yamaha-tg100-metal-pd-c5_20216c3778.wav,,2.0916,Pads,,freewavesamples,Pads
wav_files/freewavesamples_yamaha-tg100-kalimba-c5_3fc69a513d.wav,,1.3351,Ethnic Instruments,,freewavesamples,Ethnic Instruments
wav_files/freewavesamples_yamaha-tg100-newagepd-c4_1b92f41e5c.wav,,3.2014,Pads,,freewavesamples,Pads
wav_files/freewavesamples_kawai-k1r-frenchhorn-c5_524e98e55a.wav,,1.2404,Brass,,freewavesamples,Brass
wav_files/freewavesamples_kawai-k1r-whistle-c6_2f888801da.wav,,1.5043,Wind Instruments,,freewavesamples,Wind Instruments
wav_files/freewavesamples_kawai-k1r-analog-lead-c4_418a3ebc4c.wav,,1.0961,Lead,,freewavesamples,Lead
wav_files/freewavesamples_kawai-k1r-clavinet-c3_0a8c2d74f6.wav,,1.9499,Keyboards,,freewavesamples,Keyboards
wav_files/freewavesamples_kawai-k1r-phase-strings-c4_f6dd08fceb.wav,,1.8766,Strings,,freewavesamples,Strings
wav_files/freewavesamples_korg-01w-chamberens-c3_10af26f457.wav,,1.6761,Strings,,freewavesamples,Strings
wav_files/freewavesamples_yamaha-tg100-sweep-pd-c2_8cf7fa42a3.wav,,7.9865,Pads,,freewavesamples,Pads
wav_files/freewavesamples_korg-01w-16-piano-c5_8112fa5340.wav,,5.9874,Piano,,freewavesamples,Piano
wav_files/freewavesamples_korg-01w-tenor-sax-c4_777bff3439.wav,,1.3066,Woodwinds,,freewavesamples,Woodwinds
wav_files/freewavesamples_korg-01w-bottles-c4_f4ce022c94.wav,,1.4756,Wind Instruments,,freewavesamples,Wind Instruments
wav_files/freewavesamples_kawai-k1r-reflection_8df1a38cb0.wav,,2.7266,Pads,,freewavesamples,Pads
wav_files/freewavesamples_kawai-k1r-sitar-c4_75b462c5d0.wav,,2.0966,Ethnic Instruments,,freewavesamples,Ethnic Instruments
wav_files/freewavesamples_korg-01w-alto-sax-c3_1aecded408.wav,,1.3209,Woodwinds,,freewavesamples,Woodwinds
wav_files/freewavesamples_yamaha-tg100-applause_3d26860ad3.wav,,4.2536,Sound Effects,,freewavesamples,Sound Effects
wav_files/freewavesamples_korg-n1r-12string-gt-c3_0e99f88584.wav,,8.7993,Acoustic,,freewavesamples,Acoustic
wav_files/freewavesamples_kawai-k1r-rap-kick_4143d51a20.wav,,1.3189,Kick,,freewavesamples,Kick
wav_files/freewavesamples_korg-01w-xfade-bass-c2_12f771787f.wav,,5.4159,Acoustic,,freewavesamples,Acoustic
wav_files/freewavesamples_korg-01w-harmonics1-e5_b7e58b79c0.wav,,3.4147,Electric,,freewavesamples,Electric
wav_files/freewavesamples_korg-01w-sweet-oboe-c4_014e997b68.wav,,1.7202,Woodwinds,,freewavesamples,Woodwinds
wav_files/freewavesamples_korg-01w-xpressbell-c5_0f28e0a23a.wav,,2.5358,Bells,,freewavesamples,Bells
wav_files/freewavesamples_korg-01w-alan-s-run-c4_4c839876f9.wav,,1.1977,Electric,,freewavesamples,Electric
wav_files/freewavesamples_korg-01w-b-bass-c2_42fe833d05.wav,,4.7575,Acoustic,,freewavesamples,Acoustic
wav_files/freewavesamples_korg-ns5r-piano-2-c4_3de9dd985a.wav,,8.2762,Piano,,freewavesamples,Piano
wav_files/freewavesamples_korg-01w-muted-trpt-c4_1215e7ff0a.wav,,1.1743,Woodwinds,,freewavesamples,Woodwinds
wav_files/freewavesamples_kawai-k1r-aah-c4_df36b1e6ac.wav,,4.3675,Vocal,,freewavesamples,Vocal
wav_files/freewavesamples_korg-dw-8000-saw-pulse-bass-c2_fe07b8c4b5.wav,,6.439,Synth,,freewavesamples,Synth
wav_files/freewavesamples_korg-01w-marimba-c3_376855451e.wav,,2.3207,Percussion,,freewavesamples,Percussion
wav_files/freewavesamples_yamaha-tg500-br-tooth-c3_9003961e73.wav,,3.1236,Brass,,freewavesamples,Brass
wav_files/freewavesamples_yamaha-tg500-br-sawsf-c5_9c3ef7a4c3.wav,,2.8002,Brass,,freewavesamples,Brass
wav_files/freewavesamples_korg-01w-doublestop-c3_b69f88e1d0.wav,,7.1628,Keyboards,,freewavesamples,Keyboards
wav_files/freewavesamples_yamaha-tg500-fi-kalim-c5_9e69c19c68.wav,,1.1566,Ethnic Instruments,,freewavesamples,Ethnic Instruments
wav_files/freewavesamples_yamaha-tg500-gt-nylon-c4_c0731849a4.wav,,1.6769,Acoustic,,freewavesamples,Acoustic
wav_files/freewavesamples_yamaha-tg100-seashore_ec1f1e868a.wav,,10.0,Sound Effects,,freewavesamples,Sound Effects
wav_files/freewavesamples_yamaha-tg500-ch-vocod-c2_4ed99ff896.wav,,1.6133,Vocal,,freewavesamples,Vocal
wav_files/freewavesamples_korg-01w-vs-bells-1-c4_4aedeb50c9.wav,,3.9926,Bells,,freewavesamples,Bells
wav_files/freewavesamples_yamaha-tg500-ch-ooh-c4_e0651a706d.wav,,3.1383,Vocal,,freewavesamples,Vocal
wav_files/freewavesamples_korg-01w-flute-c5_d398c0cb12.wav,,1.6143,Woodwinds,,freewavesamples,Woodwinds
wav_files/freewavesamples_korg-01w-harp-c5_5a2c76cae4.wav,,2.5895,Strings,,freewavesamples,Strings
wav_files/freewavesamples_yamaha-tg100-helicopter_8a34a79a8f.wav,,4.4939,Sound Effects,,freewavesamples,Sound Effects
wav_files/freewavesamples_yamaha-tg500-ky-cali1-c4_16b7fe3c9d.wav,,1.0866,Wind Instruments,,freewavesamples,Wind Instruments
wav_files/freewavesamples_yamaha-tg500-gt-nylon-e2_15cdb82931.wav,,3.7043,Acoustic,,freewavesamples,Acoustic
wav_files/freewavesamples_yamaha-tg500-gt-strt1-c4_2077d19d66.wav,,1.7918,Electric,,freewavesamples,Electric
wav_files/freewavesamples_yamaha-tg500-br-wow-c3_afc6e2c365.wav,,2.0913,Brass,,freewavesamples,Brass
wav_files/freewavesamples_yamaha-tg500-wn-bari-c2_334db1f57c.wav,,1.1975,Woodwinds,,freewavesamples,Woodwinds
wav_files/freewavesamples_yamaha-tg500-wn-tenor-c3_e53a1a5a58.wav,,1.1195,Woodwinds,,freewavesamples,Woodwinds
wav_files/freewavesamples_yamaha-tg500-wn-pan-c5_7229c72226.wav,,1.5593,Ethnic Instruments,,freewavesamples,Ethnic Instruments
wav_files/freewavesamples_yamaha-tg500-wn-clari-c4_bafbb73593.wav,,1.1525,Woodwinds,,freewavesamples,Woodwinds
wav_files/freewavesamples_yamaha-tg500-sp-vizon-c4_9a1223fafb.wav,,2.3805,Synthesizer,,freewavesamples,Synthesizer
wav_files/freewavesamples_yamaha-tg500-wn-basso-c2_0d2a360f56.wav,,1.1898,Woodwinds,,freewavesamples,Woodwinds
wav_files/freewavesamples_yamaha-tg500-or-dist-c2_52daeec3ba.wav,,1.4909,Organs,,freewavesamples,Organs
wav_files/freewavesamples_yamaha-tg500-sc-bell-c4_1919bcbc7a.wav,,2.3408,Bells,,freewavesamples,Bells
wav_files/freewavesamples_yamaha-tg500-or-door0-c4_9eba0b824c.wav,,1.6799,Organs,,freewavesamples,Organs
wav_files/freewavesamples_yamaha-tg500-st-cello-c3_8885f42a8e.wav,,1.5309,Strings,,freewavesamples,Strings
wav_files/freewavesamples_yamaha-tg500-gt-harm-e5_13c4ca5da7.wav,,4.0374,Electric,,freewavesamples,Electric
wav_files/freewavesamples_roland-r-8-vibraslap_a7054d631b.wav,,1.395,Percussion,,freewavesamples,Percussion
wav_files/freewavesamples_yamaha-tg500-me-mello-c2_4dd0993ce2.wav,,6.7854,Pads,,freewavesamples,Pads
wav_files/freewavesamples_yamaha-tg500-orchestra-hit_dd653090c5.wav,,1.936,Orchestral,,freewavesamples,Orchestral
wav_files/freewavesamples_yamaha-tg500-ba-wood-c3_15a4e12ceb.wav,,1.5455,Acoustic,,freewavesamples,Acoustic
wav_files/freewavesamples_yamaha-tg500-ch-spirit-c4_998c82274b.wav,,5.732,Vocal,,freewavesamples,Vocal
wav_files/freewavesamples_yamaha-tg500-st-cntra-c2_1dc534d20c.wav,,1.8202,Strings,,freewavesamples,Strings
wav_files/freewavesamples_yamaha-tg500-gt-amod-c3_86db4035a9.wav,,5.1536,Electric,,freewavesamples,Electric
wav_files/freewavesamples_yamaha-tg500-ap-dance-c5_c29ff36272.wav,,1.0947,Piano,,freewavesamples,Piano
wav_files/freewavesamples_korg-01w-crickets_33a3955e09.wav,,7.8189,Nature,,freewavesamples,Nature
wav_files/freewavesamples_korg-01w-jet-stream_1013a1f504.wav,,10.0,Sound Effects,,freewavesamples,Sound Effects
wav_files/freewavesamples_roland-u-110-choir-c4_8fa1e7165f.wav,,1.8678,Vocal,,freewavesamples,Vocal
wav_files/freewavesamples_yamaha-tg500-ba-pick2-c1_5405dea7f5.wav,,1.8481,Electric,,freewavesamples,Electric
wav_files/freewavesamples_yamaha-tg77-wurlitzer-c4_869c76a240.wav,,1.8466,Electric Piano,,freewavesamples,Electric Piano
wav_files/freewavesamples_yamaha-tg500-sp-lyle-c4_4d203d271f.wav,,2.1808,Pads,,freewavesamples,Pads
wav_files/freewavesamples_yamaha-tg77-harpsichord-c3_523139e3e6.wav,,1.1627,Keyboards,,freewavesamples,Keyboards
wav_files/freewavesamples_roland-r-8-bell-tree_0739c7855f.wav,,1.5317,Percussion,,freewavesamples,Percussion
wav_files/freewavesamples_korg-01w-rosewoodgt-c3_c7ce4ed86d.wav,,7.5664,Acoustic,,freewavesamples,Acoustic
wav_files/freewavesamples_yamaha-tg500-fi-harp-c3_9005ac1c0f.wav,,2.4174,Strings,,freewavesamples,Strings
wav_files/freewavesamples_roland-r-8-thai-gong_72315227e3.wav,,2.5375,Ethnic Instruments,,freewavesamples,Ethnic Instruments
wav_files/freewavesamples_roland-r-8-triangle_45960acd17.wav,,1.0158,Percussion,,freewavesamples,Percussion
wav_files/freewavesamples_roland-u-110-fantasy-c5_d45f53e8de.wav,,4.6706,Bells,,freewavesamples,Bells
wav_files/freewavesamples_yamaha-tg500-br-syn-2-c2_db7f52c8cf.wav,,2.562,Brass,,freewavesamples,Brass
wav_files/freewavesamples_yamaha-tg77-wine-glass-c5_eaefc2988b.wav,,2.2739,Synthesizer,,freewavesamples,Synthesizer
wav_files/freewavesamples_yamaha-tg500-ch-aah-c3_611f849e2f.wav,,4.3728,Vocal,,freewavesamples,Vocal
wav_files/freewavesamples_yamaha-tg77-dulcimer-c4_6099977b97.wav,,1.763,Other Fretted Instruments,,freewavesamples,Other Fretted Instruments
wav_files/freewavesamples_korg-m1-soundtrack-c4_2e7a0f7259.wav,,4.0242,Pads,,freewavesamples,Pads
wav_files/freewavesamples_korg-m1-windbells_8fd22e69d4.wav,,2.8964,Sound Effects,,freewavesamples,Sound Effects
wav_files/freewavesamples_kawai-k3-organ-c2_4ff4635cff.wav,,1.257,Organs,,freewavesamples,Organs
wav_files/freewavesamples_korg-m3r-crash-cymbal_655a8b1955.wav,,1.86,Crash,,freewavesamples,Crash
wav_files/freewavesamples_casio-cz-5000-synth-brass-c2_898f7f329f.wav,,1.8956,Brass,,freewavesamples,Brass
wav_files/freewavesamples_korg-m1-nimbus-c4_41706a6deb.wav,,3.3875,Pads,,freewavesamples,Pads
wav_files/freewavesamples_yamaha-tg55-brassy-lead-c4_b31c3aa833.wav,,1.1121,Lead,,freewavesamples,Lead
wav_files/freewavesamples_yamaha-tg77-tine-electric-piano-c4_e2f5cf466d.wav,,1.3884,Electric Piano,,freewavesamples,Electric Piano
wav_files/freewavesamples_korg-01w-sadstrings-c4_5b7ef3ff4b.wav,,4.1749,Strings,,freewavesamples,Strings
wav_files/freewavesamples_casio-cz-5000-violin-c4_809e69522c.wav,,1.1257,Strings,,freewavesamples,Strings
wav_files/freewavesamples_yamaha-tg77-rhodes-c4_f718441f8a.wav,,1.9374,Electric Piano,,freewavesamples,Electric Piano
wav_files/freewavesamples_korg-m3r-nocturnal-c3_d62321a163.wav,,3.7198,Pads,,freewavesamples,Pads
wav_files/freewavesamples_yamaha-tg55-dawnchorus-c3_26e21c7b03.wav,,3.1916,Vocal,,freewavesamples,Vocal
wav_files/freewavesamples_yamaha-tg500-tp-clock-c2_b4b1afb2b3.wav,,7.3622,Bells,,freewavesamples,Bells
wav_files/freewavesamples_korg-m3r-solar-rings-c2_3e417acefd.wav,,2.9393,Pads,,freewavesamples,Pads
wav_files/freewavesamples_yamaha-dx7-e-organ-1-c3_8a595dabfe.wav,,1.2288,Organs,,freewavesamples,Organs
wav_files/freewavesamples_yamaha-dx7-bell-flute-c5_2fa4fa65a5.wav,,3.6399,Bells,,freewavesamples,Bells
wav_files/freewavesamples_korg-01w-16-piano-c1_953c282636.wav,,10.0,Piano,,freewavesamples,Piano
wav_files/freewavesamples_casio-cz-5000-human-voice-c4_ff50f7cfa4.wav,,1.4527,Vocal,,freewavesamples,Vocal
wav_files/freewavesamples_yamaha-dx7-brs-chime-c4_fcfb9df1c5.wav,,1.2734,Synthesizer,,freewavesamples,Synthesizer
wav_files/freewavesamples_yamaha-dx7-whistles-c4_e006f204ca.wav,,1.0598,Wind Instruments,,freewavesamples,Wind Instruments
wav_files/freewavesamples_roland-r-8-gong_5a132881fb.wav,,9.5386,Cymbals,,freewavesamples,Cymbals
wav_files/freewavesamples_korg-01w-16-piano-c3_ce3d6d3e2c.wav,,8.7896,Piano,,freewavesamples,Piano
wav_files/freewavesamples_casio-cz-5000-vibraphone-c3_ef8e10a86e.wav,,2.2045,Melodic Percussion,,freewavesamples,Melodic Percussion
wav_files/freewavesamples_yamaha-dx7-voices-bc-c4_7aadf4bdfe.wav,,2.9999,Pads,,freewavesamples,Pads
wav_files/freewavesamples_yamaha-tg500-se-fear_e047b5c27e.wav,,10.0,Sound Effects,,freewavesamples,Sound Effects
wav_files/freewavesamples_casio-cz-5000-synth-bass-c1_4e87c2dd76.wav,,5.7719,Synth,,freewavesamples,Synth
wav_files/freewavesamples_casio-mt-45-beguine_80a8735abd.wav,,1.7819,Beats,,freewavesamples,Beats
wav_files/freewavesamples_casio-mt-45-pops_b2ed9ec4a9.wav,,1.7793,Beats,,freewavesamples,Beats
wav_files/freewavesamples_korg-01w-tidal-wave-c1_163a811e88.wav,,9.8209,Pads,,freewavesamples,Pads
wav_files/freewavesamples_kawai-k11-low-conga_1eb09ae026.wav,,1.0155,Latin Percussion,,freewavesamples,Latin Percussion
wav_files/freewavesamples_casio-mt-45-tango_3eeeeb7b7d.wav,,1.7833,Beats,,freewavesamples,Beats
wav_files/freewavesamples_ensoniq-sq-1-open-hi-hat_582161bfb1.wav,,1.2017,Hi-Hat,,freewavesamples,Hi-Hat
wav_files/freewavesamples_korg-01w-ephemerals-c2_b4840f18f3.wav,,10.0,Pads,,freewavesamples,Pads
wav_files/freewavesamples_casio-mt-45-disco_9941fb9cf9.wav,,3.5677,Beats,,freewavesamples,Beats
wav_files/freewavesamples_casio-mt-45-samba_6ea41b9c8d.wav,,1.7833,Beats,,freewavesamples,Beats
wav_files/freewavesamples_kawai-k3-bass-c2_013be7e728.wav,,3.1271,Synth,,freewavesamples,Synth
wav_files/freewavesamples_yamaha-dx7-e-piano-1-c3_3b640a63d9.wav,,7.0778,Electric Piano,,freewavesamples,Electric Piano
wav_files/freewavesamples_kawai-k11-sleigh-bells_0233af1e48.wav,,1.1151,Percussion,,freewavesamples,Percussion
wav_files/freewavesamples_kawai-k11-bob-snare_b908a94564.wav,,1.106,Snare,,freewavesamples,Snare
wav_files/freewavesamples_kawai-k11-bell-tree_caa4deba01.wav,,1.1592,Percussion,,freewavesamples,Percussion
wav_files/freewavesamples_kawai-k11-high-timbale_647e2d579a.wav,,1.1665,Latin Percussion,,freewavesamples,Latin Percussion
wav_files/freewavesamples_yamaha-dx7-chimes-c6_daaead803b.wav,,4.9522,Bells,,freewavesamples,Bells
wav_files/freewavesamples_kawai-k11-bob-crash-cymbal_7a8e0827b2.wav,,1.9223,Crash,,freewavesamples,Crash
wav_files/freewavesamples_kawai-k11-bob-ride-cymbal_9e83412dcb.wav,,1.8059,Ride,,freewavesamples,Ride
wav_files/freewavesamples_kawai-k11-low-timbale_52db875807.wav,,1.1314,Latin Percussion,,freewavesamples,Latin Percussion
wav_files/freewavesamples_casio-mt-45-16-beat_4202a3e567.wav,,3.5641,Beats,,freewavesamples,Beats
wav_files/freewavesamples_yamaha-dx7-chime-strg-c1_0a9c2c1db1.wav,,5.9668,Strings,,freewavesamples,Strings
wav_files/freewavesamples_ensoniq-sq-1-crash-cymbal_7f28aa7af0.wav,,2.2376,Crash,,freewavesamples,Crash
wav_files/freewavesamples_yamaha-pss-140-boom-piano-c3_f54a256a07.wav,,1.5823,Piano,,freewavesamples,Piano
wav_files/freewavesamples_yamaha-dx7-descent-c2_7d9de0cbbf.wav,,7.5896,Pads,,freewavesamples,Pads
wav_files/freewavesamples_korg-m1-pad-ana-c3_f41230d6c9.wav,,3.4202,Pads,,freewavesamples,Pads
wav_files/freewavesamples_yamaha-pss-140-bar-chimes-c5_fa372ef9e5.wav,,3.2953,Bells,,freewavesamples,Bells
wav_files/freewavesamples_yamaha-pss-140-human-voice-2-c5_e4b5f8505e.wav,,1.5784,Synthesizer,,freewavesamples,Synthesizer
wav_files/freewavesamples_kawai-k11-bob-kick_26a48215dd.wav,,2.5473,Kick,,freewavesamples,Kick
wav_files/freewavesamples_e-mu-proteus-fx-wacky-crash-cymbal_bfc3715925.wav,,2.5424,Crash,,freewavesamples,Crash
wav_files/freewavesamples_yamaha-pss-140-human-voice-1-c4_44a7ebe7df.wav,,1.9145,Synthesizer,,freewavesamples,Synthesizer
wav_files/freewavesamples_kawai-k11-bob-splash-cymbal_0c7baa3b19.wav,,1.3461,Cymbals,,freewavesamples,Cymbals
wav_files/freewavesamples_yamaha-dx7-brass-s-h-c2_6613a68af4.wav,,4.6962,Brass,,freewavesamples,Brass
wav_files/freewavesamples_e-mu-proteus-fx-whales-c1_1724749b1f.wav,,3.2487,Pads,,freewavesamples,Pads
wav_files/freewavesamples_e-mu-proteus-fx-909-kick_805eca5da3.wav,,1.7935,Kick,,freewavesamples,Kick
wav_files/freewavesamples_yamaha-pss-170-jazz-organ-c3_1622b018d1.wav,,1.0469,Organs,,freewavesamples,Organs
wav_files/freewavesamples_yamaha-pss-140-small-church-c3_372c288ee9.wav,,1.5736,Organs,,freewavesamples,Organs
wav_files/freewavesamples_e-mu-proteus-fx-revcymbl_026926afe6.wav,,1.8522,Cymbals,,freewavesamples,Cymbals
wav_files/freewavesamples_yamaha-pss-170-banjo-c3_d8403b0782.wav,,1.4421,Other Fretted Instruments,,freewavesamples,Other Fretted Instruments
wav_files/freewavesamples_yamaha-pss-170-electronic-organ-2-c3_e90f0457ee.wav,,1.1015,Organs,,freewavesamples,Organs
wav_files/freewavesamples_yamaha-pss-140-chime-organ-c3_e420616d27.wav,,1.3696,Organs,,freewavesamples,Organs
wav_files/freewavesamples_kawai-k3-sweep-pad-c1_eecd6db3ed.wav,,10.0,Pads,,freewavesamples,Pads
wav_files/freewavesamples_yamaha-pss-140-chimes-c4_b1863a4e33.wav,,2.8641,Bells,,freewavesamples,Bells
wav_files/freewavesamples_yamaha-pss-170-disco_24c9a0b83e.wav,,1.9891,Beats,,freewavesamples,Beats
wav_files/freewavesamples_yamaha-pss-140-funky-marimba-c3_d5e1e9ad12.wav,,4.254,Percussion,,freewavesamples,Percussion
wav_files/freewavesamples_yamaha-pss-170-samba_7d10b7ac17.wav,,1.9895,Beats,,freewavesamples,Beats
wav_files/freewavesamples_yamaha-pss-170-raindrop-c3_e7019ef31f.wav,,3.0877,Synthesizer,,freewavesamples,Synthesizer
wav_files/freewavesamples_yamaha-pss-140-12-beat_d763a4bf43.wav,,1.9075,Beats,,freewavesamples,Beats
wav_files/freewavesamples_yamaha-pss-170-waltz_f3f96a4ca7.wav,,2.9827,Beats,,freewavesamples,Beats
wav_files/freewavesamples_yamaha-pss-170-whisper-c5_254dfc5049.wav,,1.6394,Synthesizer,,freewavesamples,Synthesizer
wav_files/freewavesamples_yamaha-pss-140-waltz_014f291cf0.wav,,2.8613,Beats,,freewavesamples,Beats
wav_files/freewavesamples_e-mu-proteus-fx-infinite_a2bc4c3dd4.wav,,7.7949,Sound Effects,,freewavesamples,Sound Effects
wav_files/freewavesamples_yamaha-pss-170-baby-doll-c5_92b4dfe826.wav,,3.8605,Bells,,freewavesamples,Bells
wav_files/freewavesamples_yamaha-ps-3-string-c4_0511cc279e.wav,,2.7454,Strings,,freewavesamples,Strings
wav_files/freewavesamples_korg-01w-50-s-scifi_3abfcdbb95.wav,,10.0,Sound Effects,,freewavesamples,Sound Effects
wav_files/freewavesamples_yamaha-ps-3-piano-c3_78a7b0b78d.wav,,2.2359,Piano,,freewavesamples,Piano
wav_files/freewavesamples_yamaha-pss-280-glockenspiel-c4_cf6665e844.wav,,1.3533,Melodic Percussion,,freewavesamples,Melodic Percussion
wav_files/freewavesamples_yamaha-dx7-e-piano-1-c5_4eb4f3ae6b.wav,,5.7282,Electric Piano,,freewavesamples,Electric Piano
wav_files/freewavesamples_yamaha-pss-280-trumpet-c3_f8e80415b2.wav,,1.1069,Brass,,freewavesamples,Brass
wav_files/freewavesamples_yamaha-pss-280-swing-band_a2d78f0551.wav,,3.9541,Beats,,freewavesamples,Beats
wav_files/freewavesamples_yamaha-pss-170-fireworks-c3_e18ba4fb72.wav,,3.5089,Sound Effects,,freewavesamples,Sound Effects
wav_files/freewavesamples_yamaha-pss-280-comet-c2_62ca6f51c6.wav,,3.5061,Synthesizer,,freewavesamples,Synthesizer
wav_files/freewavesamples_yamaha-pss-280-galaxy-c5_332834858e.wav,,3.2351,Sound Effects,,freewavesamples,Sound Effects
wav_files/freewavesamples_e-mu-proteus-fx-twinmood-c2_2f1bce4398.wav,,10.0,Pads,,freewavesamples,Pads
wav_files/freewavesamples_yamaha-pss-280-funk_001635d8a3.wav,,3.9479,Beats,,freewavesamples,Beats
wav_files/freewavesamples_yamaha-pss-280-rock-ballad_62cb94d880.wav,,3.956,Beats,,freewavesamples,Beats
wav_files/freewavesamples_yamaha-pss-280-transistor-organ-c4_d628c06bc9.wav,,1.5386,Organs,,freewavesamples,Organs
wav_files/freewavesamples_yamaha-pss-280-female-chorus_defb05eae6.wav,,2.872,Synthesizer,,freewavesamples,Synthesizer
wav_files/freewavesamples_yamaha-pss-170-honky-tonk-clavi-c3_cec025fffb.wav,,3.7606,Keyboards,,freewavesamples,Keyboards
wav_files/freewavesamples_e-mu-proteus-fx-xtraslow-c2_eb0ae597f1.wav,,10.0,Pads,,freewavesamples,Pads
wav_files/freewavesamples_yamaha-pss-170-hand-bell-c3_e2b1848a2b.wav,,6.9188,Synthesizer,,freewavesamples,Synthesizer
wav_files/freewavesamples_yamaha-ps-300-bossa-nova_48cf3be3b1.wav,,2.7334,Beats,,freewavesamples,Beats
wav_files/freewavesamples_yamaha-ps-300-piccolo-c5_a4c9901d4a.wav,,1.1954,Wind Instruments,,freewavesamples,Wind Instruments
wav_files/freewavesamples_yamaha-ps-300-vibraphone-c3_c45decc400.wav,,1.7727,Percussion,,freewavesamples,Percussion
wav_files/freewavesamples_yamaha-ps-300-march_f264f42266.wav,,3.6075,Beats,,freewavesamples,Beats
wav_files/freewavesamples_yamaha-ps-300-piano-c3_146afc70a4.wav,,2.2096,Piano,,freewavesamples,Piano
wav_files/freewavesamples_yamaha-pss-140-16-beat_5ac1d71568.wav,,3.815,Beats,,freewavesamples,Beats
wav_files/freewavesamples_yamaha-ps-300-organ-c3_28db8588c3.wav,,2.5056,Organs,,freewavesamples,Organs
wav_files/freewavesamples_yamaha-pss-140-fantastic-piano-c5_de85d39948.wav,,4.6214,Electric Piano,,freewavesamples,Electric Piano
wav_files/freewavesamples_casio-mt-600-double-reed-c3_66c361280c.wav,,1.1729,Lead,,freewavesamples,Lead
wav_files/freewavesamples_casio-mt-600-clarinet-c4_bb351277f7.wav,,1.0424,Lead,,freewavesamples,Lead
wav_files/freewavesamples_yamaha-pss-280-piccolo-c5_a44c149d49.wav,,1.0417,Woodwinds,,freewavesamples,Woodwinds
wav_files/freewavesamples_casio-mt-600-koto-c5_68d00a3771.wav,,1.4212,Keyboards,,freewavesamples,Keyboards
wav_files/freewavesamples_casio-mt-600-disco-2_d0cb436de9.wav,,4.4318,Beats,,freewavesamples,Beats
wav_files/freewavesamples_yamaha-dx7-lasersweep_cbb2b45dd3.wav,,10.0,Sound Effects,,freewavesamples,Sound Effects
wav_files/freewavesamples_casio-mt-600-synth-bass-c2_94ec774554.wav,,1.1429,Synth,,freewavesamples,Synth
wav_files/freewavesamples_yamaha-pss-280-alien_aaf8b4fba7.wav,,3.7222,Sound Effects,,freewavesamples,Sound Effects
wav_files/freewavesamples_casio-mt-600-synth-celesta-c4_c899759998.wav,,2.6319,Keyboards,,freewavesamples,Keyboards
wav_files/freewavesamples_yamaha-pss-170-honky-tonk-piano-c3_2d8c7f58d0.wav,,3.7606,Piano,,freewavesamples,Piano
wav_files/freewavesamples_yamaha-ps-300-samba_c220b5a046.wav,,5.273,Beats,,freewavesamples,Beats
wav_files/freewavesamples_casio-mt-600-rock-1_917fc2a607.wav,,4.4289,Beats,,freewavesamples,Beats
wav_files/freewavesamples_yamaha-pss-170-harpsichord-2-c4_75a04a87df.wav,,2.8961,Keyboards,,freewavesamples,Keyboards
wav_files/freewavesamples_casio-mt-600-symphonic-ens-c2_49d08a0e36.wav,,1.9481,Strings,,freewavesamples,Strings
wav_files/freewavesamples_casio-mt-600-beguine_2a695e17ff.wav,,4.4329,Beats,,freewavesamples,Beats
wav_files/freewavesamples_casio-mt-600-pipe-organ-c4_ad323c1d6e.wav,,1.8808,Organs,,freewavesamples,Organs
wav_files/freewavesamples_casio-mt-600-brass-ens-c3_5aa9916231.wav,,1.1869,Brass,,freewavesamples,Brass
wav_files/freewavesamples_casio-mt-600-synth-reed-c2_fb9b1883a8.wav,,3.4796,Lead,,freewavesamples,Lead
wav_files/freewavesamples_yamaha-pss-280-hard-rock_c2f8a8b5fa.wav,,3.9527,Beats,,freewavesamples,Beats
wav_files/freewavesamples_casio-mt-600-synth-strings-c4_1dcd1dba0b.wav,,3.5361,Strings,,freewavesamples,Strings
wav_files/freewavesamples_laser-kick_6f99584201.wav,,1.4751,Kick,,freewavesamples,Kick
wav_files/freewavesamples_kawai-k11-koto-c3_f40b9b4fbe.wav,,1.3898,Ethnic Instruments,,freewavesamples,Ethnic Instruments
wav_files/freewavesamples_kawai-k11-shamisen-c4_8571af92a2.wav,,1.4965,Ethnic Instruments,,freewavesamples,Ethnic Instruments
wav_files/freewavesamples_casio-mt-600-elec-piano-1-c4_2042424914.wav,,2.0518,Electric Piano,,freewavesamples,Electric Piano
wav_files/freewavesamples_kawai-k11-flute-c5_b2a67dd86c.wav,,2.0892,Woodwinds,,freewavesamples,Woodwinds
wav_files/freewavesamples_casio-mt-600-piano-1-c3_05e1779cf8.wav,,1.8069,Piano,,freewavesamples,Piano
wav_files/freewavesamples_kawai-k11-stldrum-c5_3e9215eee2.wav,,1.3731,Ethnic Instruments,,freewavesamples,Ethnic Instruments
wav_files/freewavesamples_kawai-k11-banjo-c5_397c9094c3.wav,,1.6241,Other Fretted Instruments,,freewavesamples,Other Fretted Instruments
wav_files/freewavesamples_casio-mt-600-8-beat-1_77d4cda9b4.wav,,4.4316,Beats,,freewavesamples,Beats
wav_files/freewavesamples_kawai-k11-cleangtr-c3_1afd5e0ca9.wav,,1.8479,Electric,,freewavesamples,Electric
wav_files/freewavesamples_casio-mt-600-synth-bells-c3_dcf76a8069.wav,,2.1849,Bells,,freewavesamples,Bells
wav_files/freewavesamples_woodblock-2_9d55733810.wav,,1.1427,Percussion,,freewavesamples,Percussion
wav_files/freewavesamples_kawai-k11-tubulbel-c6_0693a7141d.wav,,1.7873,Bells,,freewavesamples,Bells
wav_files/freewavesamples_kawai-k11-musicbox-c4_f4f5f9ace1.wav,,1.2081,Bells,,freewavesamples,Bells
wav_files/freewavesamples_kawai-k11-grpiano-c4_0fa37501d6.wav,,1.7796,Piano,,freewavesamples,Piano
wav_files/freewavesamples_casio-mt-600-explosion_e6a73641f6.wav,,2.5184,Sound Effects,,freewavesamples,Sound Effects
wav_files/freewavesamples_yamaha-ps-3-rock_c238da4ebf.wav,,3.0816,Beats,,freewavesamples,Beats
wav_files/freewavesamples_kawai-k11-dulcimer-c4_218e4472fb.wav,,1.5376,Other Fretted Instruments,,freewavesamples,Other Fretted Instruments
wav_files/freewavesamples_high-cuica_fae799caed.wav,,1.3017,Latin Percussion,,freewavesamples,Latin Percussion
wav_files/freewavesamples_rim_b80f9fd14a.wav,,1.0621,Snare,,freewavesamples,Snare
wav_files/freewavesamples_high-timpani_2ec5bf7ae9.wav,,2.4952,Percussion,,freewavesamples,Percussion
wav_files/freewavesamples_yamaha-ps-300-violin-c4_c35676b4f7.wav,,2.4596,Strings,,freewavesamples,Strings
wav_files/freewavesamples_mute-conga-1_244982fc0b.wav,,1.0674,Latin Percussion,,freewavesamples,Latin Percussion
wav_files/freewavesamples_claves_9abbda0b4a.wav,,1.1496,Latin Percussion,,freewavesamples,Latin Percussion
wav_files/freewavesamples_casio-mt-600-strings-1-c4_0e047ff8af.wav,,2.7321,Strings,,freewavesamples,Strings
wav_files/freewavesamples_low-conga-2_a827b78bbb.wav,,1.1442,Latin Percussion,,freewavesamples,Latin Percussion
wav_files/freewavesamples_low-cuica_450efaefd9.wav,,1.4951,Latin Percussion,,freewavesamples,Latin Percussion
wav_files/freewavesamples_low-timbales_21fe87ff03.wav,,1.2488,Latin Percussion,,freewavesamples,Latin Percussion
wav_files/freewavesamples_yamaha-pss-140-tango_62573344fd.wav,,3.815,Beats,,freewavesamples,Beats
wav_files/freewavesamples_low-agogo_4e92b48b4f.wav,,1.0488,Percussion,,freewavesamples,Percussion
wav_files/freewavesamples_kawai-k11-harp-c3_c7f32ebd21.wav,,2.0306,Strings,,freewavesamples,Strings
wav_files/freewavesamples_splash-cymbal-1_95e578066c.wav,,1.3166,Cymbals,,freewavesamples,Cymbals
wav_files/freewavesamples_cross-sticks_a5ad1efe48.wav,,1.0973,Percussion,,freewavesamples,Percussion
wav_files/freewavesamples_bamboo_adfb439565.wav,,1.1983,Percussion,,freewavesamples,Percussion
wav_files/freewavesamples_finger-snaps_c38ddde1f9.wav,,1.0004,Sound Effects,,freewavesamples,Sound Effects
wav_files/freewavesamples_low-scratch_4ad027dfcd.wav,,1.1951,Sound Effects,,freewavesamples,Sound Effects
wav_files/freewavesamples_kawai-k11-seashore_cffd7a051d.wav,,3.7115,Nature,,freewavesamples,Nature
wav_files/freewavesamples_slam-1_d3aa1bd04c.wav,,1.511,Kick,,freewavesamples,Kick
wav_files/freewavesamples_cup-cymbal_b28e216977.wav,,1.6442,Cymbals,,freewavesamples,Cymbals
wav_files/freewavesamples_casio-mt-600-typhoon-sound_893c6a659d.wav,,3.8099,Nature,,freewavesamples,Nature
wav_files/freewavesamples_bass-drum-3_b3404c48c1.wav,,1.2459,Kick,,freewavesamples,Kick
wav_files/freewavesamples_slam-2_3267337ce8.wav,,1.4098,Kick,,freewavesamples,Kick
wav_files/freewavesamples_bass-drum-2_08b0465f81.wav,,1.3356,Kick,,freewavesamples,Kick
wav_files/freewavesamples_bass-drum-1_90bb40bab4.wav,,1.2521,Kick,,freewavesamples,Kick
wav_files/freewavesamples_electronic-tom-1_3484ea57af.wav,,1.5419,Toms,,freewavesamples,Toms
wav_files/freewavesamples_electronic-tom-4_6b74074c39.wav,,1.2091,Toms,,freewavesamples,Toms
wav_files/freewavesamples_electronic-tom-3_e6b8c2dfc8.wav,,1.5973,Toms,,freewavesamples,Toms
wav_files/freewavesamples_casio-mt-600-vibraphone-1-c4_394e7700dc.wav,,4.126,Melodic Percussion,,freewavesamples,Melodic Percussion
wav_files/freewavesamples_cowbell-4_507aeb244b.wav,,1.1796,Percussion,,freewavesamples,Percussion
wav_files/freewavesamples_low-timpani_792dbbb2eb.wav,,3.1501,Percussion,,freewavesamples,Percussion
wav_files/freewavesamples_electronic-tom-2_1df2de78aa.wav,,1.554,Toms,,freewavesamples,Toms
wav_files/freewavesamples_open-hi-hat-7_0c359797ea.wav,,1.5223,Hi-Hat,,freewavesamples,Hi-Hat
wav_files/freewavesamples_snare-drum-22_1f89780875.wav,,1.3416,Snare,,freewavesamples,Snare
wav_files/freewavesamples_snare-drum-23_6ff49d9ddc.wav,,1.4412,Snare,,freewavesamples,Snare
wav_files/freewavesamples_snare-drum-21_d7a09dbec5.wav,,1.2372,Snare,,freewavesamples,Snare
wav_files/freewavesamples_high-scratch_bb13b24fff.wav,,1.2184,Sound Effects,,freewavesamples,Sound Effects
wav_files/freewavesamples_bottle_899333e9f2.wav,,1.3438,Percussion,,freewavesamples,Percussion
wav_files/freewavesamples_metal-hit_3698d8d430.wav,,1.4258,Percussion,,freewavesamples,Percussion
wav_files/freewavesamples_yamaha-sy22-brasssect-c2_2673d6cba8.wav,,1.5893,Brass,,freewavesamples,Brass
wav_files/freewavesamples_crash-cymbal-9_95ec2ac76c.wav,,2.0262,Crash,,freewavesamples,Crash
wav_files/freewavesamples_reverse-cymbal_b88be23057.wav,,1.5719,Cymbals,,freewavesamples,Cymbals
wav_files/freewavesamples_kawai-k11-warmpd-c3_62c3a1db66.wav,,5.3327,Pads,,freewavesamples,Pads
wav_files/freewavesamples_ride-cymbal-9_5e2a121b63.wav,,1.9369,Ride,,freewavesamples,Ride
wav_files/freewavesamples_crash-cymbal-8_3b3d347528.wav,,2.0403,Crash,,freewavesamples,Crash
wav_files/freewavesamples_alesis-s4-tangoaccrd-c4_cd46060d5c.wav,,1.7235,Wind Instruments,,freewavesamples,Wind Instruments
wav_files/freewavesamples_high-timbales_37559f727d.wav,,1.1973,Latin Percussion,,freewavesamples,Latin Percussion
wav_files/freewavesamples_alesis-s4-brasssect-c3_67c850c255.wav,,1.4303,Brass,,freewavesamples,Brass
wav_files/freewavesamples_alesis-s4-piccolo-c5_3314fed979.wav,,1.8321,Woodwinds,,freewavesamples,Woodwinds
wav_files/freewavesamples_yamaha-dx7-filter-swp-c1_97794f3af2.wav,,10.0,Pads,,freewavesamples,Pads
wav_files/freewavesamples_alesis-s4-tremstrngs-c4_89324f5cb2.wav,,2.2068,Strings,,freewavesamples,Strings
wav_files/freewavesamples_alesis-s4-chifflead-c5_652c841d0e.wav,,1.5651,Lead,,freewavesamples,Lead
wav_files/freewavesamples_alesis-s4-clean-gtr-c4_ca9da70a39.wav,,1.5676,Electric,,freewavesamples,Electric
wav_files/freewavesamples_alesis-s4-5th-s-lead-c5_5a74043067.wav,,1.8671,Lead,,freewavesamples,Lead
wav_files/freewavesamples_alesis-s4-calliope-c4_054d8a6a0d.wav,,1.7252,Lead,,freewavesamples,Lead
wav_files/freewavesamples_alesis-s4-shakuhachi-c5_b254091033.wav,,1.6732,Ethnic Instruments,,freewavesamples,Ethnic Instruments
wav_files/freewavesamples_yamaha-sy22-marimba-c2_bf257d98cc.wav,,1.8326,Percussion,,freewavesamples,Percussion
wav_files/freewavesamples_alesis-s4-voice-lead-c5_d98e0f6b13.wav,,2.2168,Lead,,freewavesamples,Lead
wav_files/freewavesamples_alesis-s4-breathnoiz-c5_0befd29ba3.wav,,1.2908,Sound Effects,,freewavesamples,Sound Effects
wav_files/freewavesamples_alesis-s4-bag-pipe-c4_c3cb4206a1.wav,,1.9017,Wind Instruments,,freewavesamples,Wind Instruments
wav_files/freewavesamples_alesis-s4-bari-sax-c2_c18299da57.wav,,1.8562,Woodwinds,,freewavesamples,Woodwinds
wav_files/freewavesamples_yamaha-dx7-lead-guitr-c2_33dd24a4cf.wav,,10.0,Synth,,freewavesamples,Synth
wav_files/freewavesamples_alesis-s4-harmonica-c5_6903953135.wav,,1.7559,Wind Instruments,,freewavesamples,Wind Instruments
wav_files/freewavesamples_roland-r-8-reverse-cymbal_c7f73fe0ba.wav,,1.4706,Cymbals,,freewavesamples,Cymbals
wav_files/freewavesamples_korg-m1-harpsicord-c4_db315fd5f8.wav,,2.5031,Keyboards,,freewavesamples,Keyboards
wav_files/freewavesamples_korg-m1-recorder-c4_33e888c68e.wav,,2.9127,Woodwinds,,freewavesamples,Woodwinds
wav_files/freewavesamples_korg-m1-tubaflugel-c3_7860c7c3e2.wav,,3.3321,Brass,,freewavesamples,Brass
wav_files/freewavesamples_casio-mt-600-bossa-nova_6ca4fbe84c.wav,,8.8664,Beats,,freewavesamples,Beats
wav_files/freewavesamples_korg-m3r-bassoon-c3_30d5036a29.wav,,1.6892,Woodwinds,,freewavesamples,Woodwinds
wav_files/freewavesamples_alesis-s4-charang-c4_4ba84eff81.wav,,1.9043,Lead,,freewavesamples,Lead
wav_files/freewavesamples_korg-m1-drop_2a634ffc3f.wav,,4.0447,Nature,,freewavesamples,Nature
wav_files/freewavesamples_yamaha-sy22-bell-wah-c1_207d26d8f9.wav,,9.7298,Pads,,freewavesamples,Pads
wav_files/freewavesamples_korg-m3r-clarinet-c4_e3e513825a.wav,,2.6696,Woodwinds,,freewavesamples,Woodwinds
wav_files/freewavesamples_alesis-s4-sopranosax-c5_a0b5090ceb.wav,,1.9989,Woodwinds,,freewavesamples,Woodwinds
wav_files/freewavesamples_korg-m3r-room-vibes-c4_a6420feb1c.wav,,1.123,Keyboards,,freewavesamples,Keyboards
wav_files/freewavesamples_korg-m3r-harpstring-c4_b613c13002.wav,,3.2765,Strings,,freewavesamples,Strings
wav_files/freewavesamples_casio-mt-600-reggae_2bf3329ebb.wav,,8.8665,Beats,,freewavesamples,Beats
wav_files/freewavesamples_alesis-s4-goblins-c3_50f0a34699.wav,,4.1389,Synthesizer,,freewavesamples,Synthesizer
wav_files/freewavesamples_korg-m1-santur-c3_39894b2c54.wav,,1.6752,Ethnic Instruments,,freewavesamples,Ethnic Instruments
wav_files/freewavesamples_korg-m3r-clavicord-c2_f5ecf6b091.wav,,2.4464,Keyboards,,freewavesamples,Keyboards
wav_files/freewavesamples_korg-m3r-cornet-c4_89a100d08b.wav,,1.9925,Brass,,freewavesamples,Brass
wav_files/freewavesamples_korg-m3r-celesta-c5_0a23e9efc9.wav,,2.5079,Keyboards,,freewavesamples,Keyboards
wav_files/freewavesamples_korg-m3r-tecnoblock-c4_e71c2c0e67.wav,,2.9284,Synthesizer,,freewavesamples,Synthesizer
wav_files/freewavesamples_yamaha-sy22-prophecy-c2_2684a7c159.wav,,10.0,Pads,,freewavesamples,Pads
wav_files/freewavesamples_korg-m1-digital-5-c4_13fbcd0887.wav,,3.8536,Pads,,freewavesamples,Pads
wav_files/freewavesamples_yamaha-sy22-crystals-c3_24f7fb2965.wav,,10.0,Pads,,freewavesamples,Pads
wav_files/freewavesamples_korg-m3r-chorale-c2_33a79f2c64.wav,,3.7189,Organs,,freewavesamples,Organs
wav_files/freewavesamples_korg-m3r-ready2rock-c2_d52ce6dc48.wav,,2.8796,Piano,,freewavesamples,Piano
wav_files/freewavesamples_korg-m3r-quartet-c3_650f1b57de.wav,,2.5692,Strings,,freewavesamples,Strings
wav_files/freewavesamples_korg-m3r-glassvoice-c4_7297f98c4a.wav,,5.1448,Pads,,freewavesamples,Pads
wav_files/freewavesamples_korg-m3r-kettledrum-c2_89718daaee.wav,,2.8581,Percussion,,freewavesamples,Percussion
wav_files/freewavesamples_korg-m3r-shorthorns-c4_bd95d8dc31.wav,,2.7683,Brass,,freewavesamples,Brass
wav_files/freewavesamples_korg-m3r-grand-piano-c3_90fb104f70.wav,,2.8922,Piano,,freewavesamples,Piano
wav_files/freewavesamples_korg-m3r-grand-piano-c1_cd04ffcdbb.wav,,3.161,Piano,,freewavesamples,Piano
wav_files/freewavesamples_yamaha-sy22-nautilus-c2_cb4f4f7d78.wav,,10.0,Pads,,freewavesamples,Pads
wav_files/freewavesamples_korg-m3r-meetmrbass-c1_8ec0476b57.wav,,2.4809,Synth,,freewavesamples,Synth
wav_files/freewavesamples_korg-m3r-guitar-c3_75914b817f.wav,,2.8133,Acoustic,,freewavesamples,Acoustic
wav_files/freewavesamples_korg-m3r-phasedclav-c2_bdc5c58273.wav,,2.2131,Keyboards,,freewavesamples,Keyboards
wav_files/freewavesamples_korg-m3r-donquixote-c3_bb9cf893ad.wav,,2.7919,Keyboards,,freewavesamples,Keyboards
wav_files/freewavesamples_korg-m3r-cloudbells-c3_5d9abf2b6f.wav,,4.2104,Bells,,freewavesamples,Bells
wav_files/freewavesamples_korg-m3r-flugelhorn-c4_ef6f607395.wav,,3.5748,Brass,,freewavesamples,Brass
wav_files/freewavesamples_alesis-s4-rain-fx-c3_542aca3186.wav,,3.8257,Synthesizer,,freewavesamples,Synthesizer
wav_files/freewavesamples_korg-m1-angels-c4_a1b7143e9b.wav,,3.7444,Vocal,,freewavesamples,Vocal
wav_files/freewavesamples_yamaha-pss-280-wave_d54b7e9bcd.wav,,9.3779,Sound Effects,,freewavesamples,Sound Effects
wav_files/freewavesamples_e-mu-proteus-fx-rouge-c2_978901bf8f.wav,,1.1198,Synth,,freewavesamples,Synth
wav_files/freewavesamples_korg-m3r-voicechoir-c3_e27870f81c.wav,,4.5128,Vocal,,freewavesamples,Vocal
wav_files/freewavesamples_korg-m3r-percorgan-c2_c5a88877c7.wav,,3.2896,Organs,,freewavesamples,Organs
wav_files/freewavesamples_korg-m3r-reed-flute-c3_a5112f4296.wav,,5.6015,Wind Instruments,,freewavesamples,Wind Instruments
wav_files/freewavesamples_korg-m3r-pan-pipes-c5_c85c70238b.wav,,3.5983,Ethnic Instruments,,freewavesamples,Ethnic Instruments
wav_files/freewavesamples_korg-m3r-sonata-1-c2_9b4c9327d0.wav,,3.8773,Strings,,freewavesamples,Strings
wav_files/freewavesamples_e-mu-proteus-fx-pizzstr-c4_e2489d0732.wav,,1.1073,Strings,,freewavesamples,Strings
wav_files/freewavesamples_korg-m3r-ensemble-c4_983b9224ad.wav,,3.5879,Strings,,freewavesamples,Strings
wav_files/freewavesamples_e-mu-proteus-fx-echotpt-c5_6fe524223a.wav,,2.2324,Brass,,freewavesamples,Brass
wav_files/freewavesamples_e-mu-proteus-fx-cathedra-c3_0716e3791c.wav,,1.8074,Organs,,freewavesamples,Organs
wav_files/freewavesamples_korg-m3r-fretless-c1_76b126f461.wav,,2.9921,Electric,,freewavesamples,Electric
wav_files/freewavesamples_e-mu-proteus-fx-bottle-c4_81f7a22a48.wav,,1.1716,Wind Instruments,,freewavesamples,Wind Instruments
wav_files/freewavesamples_korg-m3r-violins-c4_47edf5e7ee.wav,,4.1796,Strings,,freewavesamples,Strings
wav_files/freewavesamples_e-mu-proteus-fx-kotoid-c4_b3b89418dc.wav,,1.9996,Strings,,freewavesamples,Strings
wav_files/freewavesamples_korg-m3r-vox-land-c4_8d42fc746c.wav,,5.2368,Vocal,,freewavesamples,Vocal
wav_files/freewavesamples_e-mu-proteus-fx-basclrnt-c3_c8294d5fd7.wav,,1.2651,Woodwinds,,freewavesamples,Woodwinds
wav_files/freewavesamples_e-mu-proteus-fx-tuba-c2_95073ce341.wav,,1.1596,Brass,,freewavesamples,Brass
wav_files/freewavesamples_e-mu-proteus-fx-tenorsax-c3_764082cac8.wav,,1.2826,Woodwinds,,freewavesamples,Woodwinds
wav_files/freewavesamples_e-mu-proteus-fx-fiddle-c5_36c54198a4.wav,,1.1611,Strings,,freewavesamples,Strings
wav_files/freewavesamples_korg-m3r-grand-piano-c5_afdc74b2a4.wav,,2.6574,Piano,,freewavesamples,Piano
wav_files/freewavesamples_korg-m3r-newstrings-c2_3e67209302.wav,,4.0671,Strings,,freewavesamples,Strings
wav_files/freewavesamples_e-mu-proteus-fx-fretles2-c1_83a99421c6.wav,,1.0501,Electric,,freewavesamples,Electric
wav_files/freewavesamples_e-mu-proteus-fx-musicbox-c4_8eeb5f694b.wav,,2.1768,Bells,,freewavesamples,Bells
wav_files/freewavesamples_e-mu-proteus-fx-shanai-c4_fec876f332.wav,,1.1881,Ethnic Instruments,,freewavesamples,Ethnic Instruments
wav_files/freewavesamples_yamaha-sy22-evolver-c1_d05dcc26f0.wav,,10.0,Pads,,freewavesamples,Pads
wav_files/freewavesamples_e-mu-proteus-fx-tamblock-c5_4a4cca9d19.wav,,1.0879,Percussion,,freewavesamples,Percussion
wav_files/freewavesamples_e-mu-proteus-fx-pulsar-c2_c7d0e689b8.wav,,1.758,Synth,,freewavesamples,Synth
wav_files/freewavesamples_e-mu-proteus-fx-bassoon-c3_b53ab9d4c0.wav,,1.2699,Woodwinds,,freewavesamples,Woodwinds
wav_files/freewavesamples_e-mu-proteus-fx-pizvioln-c5_d9d071e7f4.wav,,1.0011,Strings,,freewavesamples,Strings
wav_files/freewavesamples_korg-m3r-touchroads-c2_e06a1f7a82.wav,,2.7911,Electric Piano,,freewavesamples,Electric Piano
wav_files/freewavesamples_e-mu-proteus-fx-frhorns2-c4_92d8ab7155.wav,,1.232,Brass,,freewavesamples,Brass
wav_files/freewavesamples_e-mu-proteus-fx-voxspred-c3_4ac45253c5.wav,,2.2953,Vocal,,freewavesamples,Vocal
wav_files/freewavesamples_e-mu-proteus-fx-tubebels-c6_378c9a0fc6.wav,,3.0035,Bells,,freewavesamples,Bells
wav_files/freewavesamples_e-mu-proteus-fx-ocarina-c5_37f98ac43c.wav,,1.3361,Ethnic Instruments,,freewavesamples,Ethnic Instruments
wav_files/freewavesamples_e-mu-proteus-fx-pianotar-c3_9111a5496e.wav,,1.6016,Piano,,freewavesamples,Piano
wav_files/freewavesamples_korg-m3r-pipe-organ-c1_a0a3ea16fc.wav,,4.3591,Organs,,freewavesamples,Organs
wav_files/freewavesamples_e-mu-proteus-fx-cntrabas-c2_0563ea9b8a.wav,,1.2414,Strings,,freewavesamples,Strings
wav_files/freewavesamples_e-mu-proteus-fx-marimba-c3_f988507101.wav,,1.4976,Percussion,,freewavesamples,Percussion
wav_files/freewavesamples_ensoniq-sq-1-dyno-keys-c4_9c3a0ebaec.wav,,1.8798,Electric Piano,,freewavesamples,Electric Piano
wav_files/freewavesamples_ensoniq-sq-1-trumpet-c3_90424441de.wav,,2.3342,Brass,,freewavesamples,Brass
wav_files/freewavesamples_e-mu-proteus-fx-stereosax-c4_16ef8a434c.wav,,2.0031,Woodwinds,,freewavesamples,Woodwinds
wav_files/freewavesamples_ensoniq-sq-1-pizzicato-c5_fd34d21fbe.wav,,2.4029,Strings,,freewavesamples,Strings
wav_files/freewavesamples_e-mu-proteus-fx-pizzbass-c2_8b7bf4d665.wav,,1.5653,Strings,,freewavesamples,Strings
wav_files/freewavesamples_e-mu-proteus-fx-orchhit-c2_629ba7ce4d.wav,,1.6099,Orchestral,,freewavesamples,Orchestral
wav_files/freewavesamples_e-mu-proteus-fx-acstereo-c3_fda79a5049.wav,,1.2731,Acoustic,,freewavesamples,Acoustic
wav_files/freewavesamples_ensoniq-sq-1-encore-c4_c52c169218.wav,,3.9926,Electric Piano,,freewavesamples,Electric Piano
wav_files/freewavesamples_e-mu-proteus-fx-dark-ages-c2_5212482700.wav,,3.7503,Strings,,freewavesamples,Strings
wav_files/freewavesamples_ensoniq-sq-1-koto-c3_56bd87e141.wav,,1.2941,Ethnic Instruments,,freewavesamples,Ethnic Instruments
wav_files/freewavesamples_ensoniq-sq-1-road-time-c3_79e6ac2859.wav,,2.4724,Electric Piano,,freewavesamples,Electric Piano
wav_files/freewavesamples_ensoniq-sq-1-trombone-c4_787dd43723.wav,,2.3746,Brass,,freewavesamples,Brass
wav_files/freewavesamples_ensoniq-sq-1-clarinet-c4_355721d5df.wav,,2.9258,Woodwinds,,freewavesamples,Woodwinds
wav_files/freewavesamples_kawai-k5000w-altosax-c4_3d8edb3b0a.wav,,2.4146,Woodwinds,,freewavesamples,Woodwinds
wav_files/freewavesamples_e-mu-proteus-fx-thunder-c1_2f4056a918.wav,,1.1932,Electric,,freewavesamples,Electric
wav_files/freewavesamples_ensoniq-sq-1-biwa-c4_606a1d16ef.wav,,1.3973,Ethnic Instruments,,freewavesamples,Ethnic Instruments
wav_files/freewavesamples_ensoniq-sq-1-jam-bass-c1_4e96631bee.wav,,1.6699,Synth,,freewavesamples,Synth
wav_files/freewavesamples_kawai-k5000w-accord-1-c4_e3c5d5235c.wav,,2.1998,Wind Instruments,,freewavesamples,Wind Instruments
wav_files/freewavesamples_kawai-k5000w-calliope-c4_734128e9d4.wav,,2.4891,Wind Instruments,,freewavesamples,Wind Instruments
wav_files/freewavesamples_kawai-k5000w-trombone-c4_e79b6a6f01.wav,,2.784,Brass,,freewavesamples,Brass
wav_files/freewavesamples_ensoniq-sq-1-forest-flute-c5_96c98a495d.wav,,2.8964,Wind Instruments,,freewavesamples,Wind Instruments
wav_files/freewavesamples_e-mu-proteus-fx-vibropad-c3_ee3e57e191.wav,,2.8022,Bells,,freewavesamples,Bells
wav_files/freewavesamples_ensoniq-sq-1-french-horn-c4_60ea81f42b.wav,,2.5743,Brass,,freewavesamples,Brass
wav_files/freewavesamples_e-mu-proteus-fx-javanese-c3_f0a2c49155.wav,,2.9689,Bells,,freewavesamples,Bells
wav_files/freewavesamples_kawai-k5000w-englhorn-c3_53311e8d6b.wav,,2.7667,Woodwinds,,freewavesamples,Woodwinds
wav_files/freewavesamples_kawai-k5000w-bottle-c4_ef954d69f7.wav,,2.806,Wind Instruments,,freewavesamples,Wind Instruments
wav_files/freewavesamples_ensoniq-sq-1-pop-grand-c3_ddfe86de0f.wav,,2.1563,Piano,,freewavesamples,Piano
wav_files/freewavesamples_e-mu-proteus-fx-harmonic-c4_53c2b854f3.wav,,1.2391,Electric,,freewavesamples,Electric
wav_files/freewavesamples_e-mu-proteus-fx-hollow-c3_f297ae5033.wav,,1.9987,Lead,,freewavesamples,Lead
wav_files/freewavesamples_kawai-k5000w-brdtweet_e3c82bc3af.wav,,4.6909,Nature,,freewavesamples,Nature
wav_files/freewavesamples_kawai-k5000w-nylongt1-c4_59cd5e9de6.wav,,3.0006,Acoustic,,freewavesamples,Acoustic
wav_files/freewavesamples_yamaha-sy22-rainnite-c1_189af15250.wav,,10.0,Pads,,freewavesamples,Pads
wav_files/freewavesamples_kawai-k5000w-steelgt1-c3_18184fcb7b.wav,,3.2445,Acoustic,,freewavesamples,Acoustic
wav_files/freewavesamples_kawai-k5000w-ocarina-c5_c4bacd0cbc.wav,,2.9969,Ethnic Instruments,,freewavesamples,Ethnic Instruments
wav_files/freewavesamples_kawai-k5000w-syn-drum_2920d65d02.wav,,1.7844,Toms,,freewavesamples,Toms
wav_files/freewavesamples_kawai-k5000w-viola-c4_74e31ea369.wav,,3.9986,Strings,,freewavesamples,Strings
wav_files/freewavesamples_e-mu-proteus-fx-digipno-c3_b14c89fc09.wav,,2.5027,Synthesizer,,freewavesamples,Synthesizer
wav_files/freewavesamples_kawai-k5000w-marimba-c4_687e61844b.wav,,1.2556,Percussion,,freewavesamples,Percussion
wav_files/freewavesamples_ensoniq-sq-1-violin-1-c5_e0f22bfbad.wav,,2.3181,Strings,,freewavesamples,Strings
wav_files/freewavesamples_kawai-k5000w-fiddle-c5_bb85d8b98a.wav,,2.882,Strings,,freewavesamples,Strings
wav_files/freewavesamples_kawai-k5000w-synbass2-c1_d36f6922e5.wav,,1.0701,Synth,,freewavesamples,Synth
wav_files/freewavesamples_e-mu-proteus-fx-taiko_9b62923ae8.wav,,2.0063,Ethnic Instruments,,freewavesamples,Ethnic Instruments
wav_files/freewavesamples_kawai-k5000w-musicbox-c5_80d5c4cb02.wav,,1.7414,Melodic Percussion,,freewavesamples,Melodic Percussion
wav_files/freewavesamples_kawai-k5000w-celesta-c5_93f60f3924.wav,,1.6965,Keyboards,,freewavesamples,Keyboards
wav_files/freewavesamples_kawai-k5000w-ac-bass1-c2_c817df156c.wav,,2.9256,Acoustic,,freewavesamples,Acoustic
wav_files/freewavesamples_kawai-k5000w-revcymbl_e98cc6e927.wav,,3.3329,Sound Effects,,freewavesamples,Sound Effects
wav_files/freewavesamples_ensoniq-sq-1-jazzy-s-organ-c2_18edfa7585.wav,,3.9934,Organs,,freewavesamples,Organs
wav_files/freewavesamples_kawai-k5000w-applause_8a5d40d29d.wav,,5.7779,Sound Effects,,freewavesamples,Sound Effects
wav_files/freewavesamples_kawai-k5000w-stl-drum-c4_222bcf5be5.wav,,2.4911,Ethnic Instruments,,freewavesamples,Ethnic Instruments
wav_files/freewavesamples_kawai-k5000w-goblins-c2_4789208ac3.wav,,8.6762,Pads,,freewavesamples,Pads
wav_files/freewavesamples_kawai-k5000w-fret-noise_f46172f028.wav,,1.0717,Electric,,freewavesamples,Electric
wav_files/freewavesamples_kawai-k5000w-sweep1-c2_416a1f9dfc.wav,,8.2248,Pads,,freewavesamples,Pads
wav_files/freewavesamples_kawai-k5000w-glocken-c5_8ae27e55a0.wav,,1.3724,Percussion,,freewavesamples,Percussion
wav_files/freewavesamples_yamaha-ex5-stereo-string-c4_f86b1a84b3.wav,,3.6529,Strings,,freewavesamples,Strings
wav_files/freewavesamples_kawai-k5000w-choiraah1-c5_cbedab8114.wav,,3.1888,Vocal,,freewavesamples,Vocal
wav_files/freewavesamples_yamaha-ex5-oberbrass-c4_11f5c463ef.wav,,3.2214,Brass,,freewavesamples,Brass
wav_files/freewavesamples_kawai-k5000w-dulcimer-c4_7124943f40.wav,,1.6238,Other Fretted Instruments,,freewavesamples,Other Fretted Instruments
wav_files/freewavesamples_yamaha-ex5-swell-string-c4_538e51416c.wav,,4.5231,Strings,,freewavesamples,Strings
wav_files/freewavesamples_kawai-k5000w-cello-c2_71290f8690.wav,,3.6383,Strings,,freewavesamples,Strings
wav_files/freewavesamples_kawai-k5000w-melo-tom_24a3394797.wav,,1.8971,Toms,,freewavesamples,Toms
wav_files/freewavesamples_kawai-k5000w-helicopter_8548f855c2.wav,,7.118,Sound Effects,,freewavesamples,Sound Effects
wav_files/freewavesamples_yamaha-ex5-trumpet-c5_a04e0204d9.wav,,3.1425,Woodwinds,,freewavesamples,Woodwinds
wav_files/freewavesamples_kawai-k5000w-whistle-c4_c2e6346a81.wav,,3.0001,Wind Instruments,,freewavesamples,Wind Instruments
wav_files/freewavesamples_yamaha-ex5-18-string-c3_3601be28b0.wav,,2.4269,Electric,,freewavesamples,Electric
wav_files/freewavesamples_yamaha-ex5-glass-man-c3_78ba4e3549.wav,,3.7754,Keyboards,,freewavesamples,Keyboards
wav_files/freewavesamples_yamaha-ex5-straight-c2_c74b8f361b.wav,,3.1463,Lead,,freewavesamples,Lead
wav_files/freewavesamples_ensoniq-sq-1-classicguitar-c5_89b54d760c.wav,,2.9091,Acoustic,,freewavesamples,Acoustic
wav_files/freewavesamples_yamaha-ex5-obersync-c2_50660dc06c.wav,,3.5063,Brass,,freewavesamples,Brass
wav_files/freewavesamples_yamaha-ex5-flute-c6_87d97ceea4.wav,,3.0334,Woodwinds,,freewavesamples,Woodwinds
wav_files/freewavesamples_yamaha-ex5-fingered-c2_96e9906bb5.wav,,2.0761,Electric,,freewavesamples,Electric
wav_files/freewavesamples_yamaha-ex5-anachorus-c2_5bd3a10283.wav,,2.4638,Synth,,freewavesamples,Synth
wav_files/freewavesamples_yamaha-ex5-digiclav-c3_36837add2d.wav,,2.7964,Keyboards,,freewavesamples,Keyboards
wav_files/freewavesamples_yamaha-ex5-fretless-1-c2_2cfb97be05.wav,,2.0134,Electric,,freewavesamples,Electric
wav_files/freewavesamples_yamaha-ex5-transistor-c4_7a1937ce31.wav,,3.5498,Organs,,freewavesamples,Organs
wav_files/freewavesamples_yamaha-ex5-harpsi-gtr-c4_87333ae230.wav,,2.9452,Synth,,freewavesamples,Synth
wav_files/freewavesamples_yamaha-ex5-oberweich-c4_12cc082e57.wav,,3.521,Brass,,freewavesamples,Brass
wav_files/freewavesamples_yamaha-ex5-stereo-clav-c4_d100efc459.wav,,2.9385,Keyboards,,freewavesamples,Keyboards
wav_files/freewavesamples_ensoniq-sq-1-classicguitar-c3_6084950c26.wav,,3.3119,Acoustic,,freewavesamples,Acoustic
wav_files/freewavesamples_yamaha-ex5-smoky-organ-c5_6f99a262ee.wav,,3.4731,Organs,,freewavesamples,Organs
wav_files/freewavesamples_yamaha-ex5-jazzy-c3_a64cca5fe4.wav,,2.9207,Electric,,freewavesamples,Electric
wav_files/freewavesamples_yamaha-ex5-tine-ep-c4_afd658b3d8.wav,,2.4988,Electric Piano,,freewavesamples,Electric Piano
wav_files/freewavesamples_yamaha-ex5-smooth-brass-c5_d8a2c2b9a5.wav,,3.0969,Brass,,freewavesamples,Brass
wav_files/freewavesamples_yamaha-ex5-stereo-grand-c6_04f7691aee.wav,,2.6231,Piano,,freewavesamples,Piano
wav_files/freewavesamples_yamaha-ex5-fast-organ-c4_d7b06cdcc5.wav,,3.961,Organs,,freewavesamples,Organs
wav_files/freewavesamples_yamaha-ex5-wurli-1-c4_938a3024b9.wav,,3.1841,Electric Piano,,freewavesamples,Electric Piano
wav_files/freewavesamples_yamaha-ex5-stereo-grand-c4_5a50d18c77.wav,,2.8167,Piano,,freewavesamples,Piano
wav_files/freewavesamples_yamaha-ex5-anabrass-c2_7a86a77015.wav,,2.9574,Brass,,freewavesamples,Brass
wav_files/freewavesamples_roland-r-8-dry-tom-2_14da143453.wav,,1.328,Toms,,freewavesamples,Toms
wav_files/freewavesamples_kawai-k5000w-drawbar1-c2_559f034528.wav,,3.38,Organs,,freewavesamples,Organs
wav_files/freewavesamples_roland-r-8-dry-tom-1_ed6537f713.wav,,1.2248,Toms,,freewavesamples,Toms
wav_files/freewavesamples_roland-r-8-room-tom-1_d966356d3d.wav,,1.2357,Toms,,freewavesamples,Toms
wav_files/freewavesamples_yamaha-ex5-cathedral-c6_046fbaf647.wav,,4.9884,Organs,,freewavesamples,Organs
wav_files/freewavesamples_yamaha-ex5-jazz-grand-c3_766278fb82.wav,,2.9459,Piano,,freewavesamples,Piano
wav_files/freewavesamples_yamaha-ex5-rocking-bose-c5_02b8fe5641.wav,,2.9509,Piano,,freewavesamples,Piano
wav_files/freewavesamples_1980s-casio-harpsichord-c5_5e9bb4fe2a.wav,,1.5181,Keyboards,,freewavesamples,Keyboards
wav_files/freewavesamples_1980s-casio-trumpet-c5_df17728499.wav,,1.0902,Brass,,freewavesamples,Brass
wav_files/freewavesamples_1980s-casio-flute-c5_3c1b71f08e.wav,,1.2017,Wind Instruments,,freewavesamples,Wind Instruments
wav_files/freewavesamples_yamaha-ex5-vibe-c5_c96af7f73f.wav,,3.5558,Melodic Percussion,,freewavesamples,Melodic Percussion
wav_files/freewavesamples_1980s-casio-celesta-c5_25a665a198.wav,,2.4042,Keyboards,,freewavesamples,Keyboards
wav_files/freewavesamples_kawai-k5000w-frenchhr-c4_9897e7bdf3.wav,,3.6439,Brass,,freewavesamples,Brass
wav_files/freewavesamples_yamaha-ex5-wood-bass-c2_e444c944eb.wav,,2.2548,Acoustic,,freewavesamples,Acoustic
wav_files/freewavesamples_1980s-casio-piano-c5_7ed90deb2e.wav,,2.1031,Piano,,freewavesamples,Piano
wav_files/freewavesamples_kawai-k3-strings-c5_f5250ba498.wav,,3.0833,Strings,,freewavesamples,Strings
wav_files/freewavesamples_roland-r-8-doom-tom_149cd6ab48.wav,,1.0224,Toms,,freewavesamples,Toms
wav_files/freewavesamples_open-hi-hat-5_342e149122.wav,,1.3706,Hi-Hat,,freewavesamples,Hi-Hat
wav_files/freewavesamples_ride-cymbal-8_942f5e0a96.wav,,1.6899,Ride,,freewavesamples,Ride
wav_files/freewavesamples_roland-r-8-crash-cymbal_91de6de424.wav,,2.4522,Crash,,freewavesamples,Crash
wav_files/freewavesamples_crash-cymbal-7_4e728efc8a.wav,,1.8284,Crash,,freewavesamples,Crash
wav_files/freewavesamples_yamaha-ex5-jazzy-ballad-c5_db2a48f28c.wav,,3.3751,Organs,,freewavesamples,Organs
wav_files/freewavesamples_yamaha-ex5-rocking-bose-c3_2e164f5be4.wav,,3.044,Piano,,freewavesamples,Piano
wav_files/freewavesamples_ride-cymbal-7_288f117d31.wav,,2.2077,Ride,,freewavesamples,Ride
wav_files/freewavesamples_yamaha-ex5-cathedral-c4_f56857b44f.wav,,4.6346,Organs,,freewavesamples,Organs
wav_files/freewavesamples_ride-cymbal-6_4b24194301.wav,,2.0553,Ride,,freewavesamples,Ride
wav_files/freewavesamples_yamaha-fs1r-hyperfuzz-c5_d7892bee30.wav,,7.4747,Lead,,freewavesamples,Lead
wav_files/freewavesamples_yamaha-cs2x-synth-drum_d3d2f0f219.wav,,1.41,Drums,,freewavesamples,Drums
wav_files/freewavesamples_open-hi-hat-6_780b885a53.wav,,2.0845,Hi-Hat,,freewavesamples,Hi-Hat
wav_files/freewavesamples_yamaha-ex5-stereo-grand-c2_4dce2f7bb1.wav,,3.2993,Piano,,freewavesamples,Piano
wav_files/freewavesamples_western-gunshot_e4c547d43d.wav,,1.287,Sound Effects,,freewavesamples,Sound Effects
wav_files/freewavesamples_yamaha-cs2x-celesta-c5_cd4678f0bb.wav,,2.5876,Keyboards,,freewavesamples,Keyboards
wav_files/freewavesamples_yamaha-cs2x-pipe-organ-c3_e6ec0f293d.wav,,3.2071,Organs,,freewavesamples,Organs
wav_files/freewavesamples_synth-bass-stab-c3_a27332751e.wav,,2.7894,Synth,,freewavesamples,Synth
wav_files/freewavesamples_synth-gunshot_f077b311db.wav,,1.3825,Sound Effects,,freewavesamples,Sound Effects
wav_files/freewavesamples_90-s-office-phone_8656773b1d.wav,,2.7498,Sound Effects,,freewavesamples,Sound Effects
wav_files/freewavesamples_synth-cowbell_c450bf7831.wav,,1.2751,Percussion,,freewavesamples,Percussion
wav_files/freewavesamples_yamaha-cs2x-guitar-harmonic-c5_9fb9f041bd.wav,,3.0221,Synth,,freewavesamples,Synth
wav_files/freewavesamples_yamaha-cs2x-koto-c6_0c3f76bfae.wav,,2.362,Ethnic Instruments,,freewavesamples,Ethnic Instruments
wav_files/freewavesamples_sine-kick_b41804d959.wav,,1.5809,Kick,,freewavesamples,Kick
wav_files/freewavesamples_yamaha-cs2x-sync-lead-c4_bfe72e4199.wav,,3.136,Lead,,freewavesamples,Lead
wav_files/freewavesamples_rumble-kick_13c29e67e6.wav,,1.4858,Kick,,freewavesamples,Kick
wav_files/freewavesamples_kawai-k3-violin-c6_ca1bdaac68.wav,,1.5488,Strings,,freewavesamples,Strings
wav_files/freewavesamples_snare-drum-8_a38f2d6d2e.wav,,1.0575,Snare,,freewavesamples,Snare
wav_files/freewavesamples_steel-bell-c6_ee068331ec.wav,,2.6261,Bells,,freewavesamples,Bells
wav_files/freewavesamples_yamaha-cs2x-flute-c5_54bab4727c.wav,,3.0802,Woodwinds,,freewavesamples,Woodwinds
wav_files/freewavesamples_yamaha-an1x-string-pad-c5_e7922a2a3b.wav,,6.2945,Pads,,freewavesamples,Pads
wav_files/freewavesamples_roland-u-220-metallic-percussion-c5_c9b65ac36f.wav,,4.393,Percussion,,freewavesamples,Percussion
wav_files/freewavesamples_yamaha-an1x-brass-c6_ea6312519e.wav,,2.1637,Brass,,freewavesamples,Brass
wav_files/freewavesamples_yamaha-an1x-resonant-pad-c4_3166b95537.wav,,7.9792,Pads,,freewavesamples,Pads
wav_files/freewavesamples_steel-drum-c4_b51d3e97ce.wav,,1.4791,Ethnic Instruments,,freewavesamples,Ethnic Instruments
wav_files/freewavesamples_roland-u-220-unconvincing-guitar-c4_da52886158.wav,,3.9234,Synth,,freewavesamples,Synth
wav_files/freewavesamples_snare-drum-1_751175f68c.wav,,1.143,Snare,,freewavesamples,Snare
wav_files/freewavesamples_roland-jd-990-pizzicato-strings-c4_e9e8adad16.wav,,1.1738,Strings,,freewavesamples,Strings
wav_files/freewavesamples_string-brass-c4_eb90103b4e.wav,,4.9211,Strings,,freewavesamples,Strings
wav_files/freewavesamples_sitar-c5_3e7b6ca33e.wav,,2.2533,Ethnic Instruments,,freewavesamples,Ethnic Instruments
wav_files/freewavesamples_yamaha-an1x-filtered-bass-c4_991a5e8d78.wav,,2.0001,Synth,,freewavesamples,Synth
wav_files/freewavesamples_shamisen-c4_e80f871d7e.wav,,2.3599,Ethnic Instruments,,freewavesamples,Ethnic Instruments
wav_files/freewavesamples_roland-u-220-low-slap-bass-c3_4290f55892.wav,,2.864,Synth,,freewavesamples,Synth
wav_files/freewavesamples_synthesized-applause_e69c9e63d3.wav,,8.0446,Sound Effects,,freewavesamples,Sound Effects
wav_files/freewavesamples_roland-jd-990-saw-lead-c7_57c8780ab4.wav,,2.1308,Lead,,freewavesamples,Lead
wav_files/freewavesamples_yamaha-an1x-resonant-pad-c6_d0492f1247.wav,,7.9242,Pads,,freewavesamples,Pads
wav_files/freewavesamples_timpani-c4_cd1e886d0c.wav,,1.9604,Percussion,,freewavesamples,Percussion
wav_files/freewavesamples_roland-u-220-harp-c6_033a8473cd.wav,,3.6105,Strings,,freewavesamples,Strings
wav_files/freewavesamples_yamaha-cs2x-sitar-c4_d71b8ed091.wav,,3.1743,Ethnic Instruments,,freewavesamples,Ethnic Instruments
wav_files/freewavesamples_roland-jv-880-pipe-organ-c5_a154915640.wav,,2.1383,Organs,,freewavesamples,Organs
wav_files/freewavesamples_yamaha-cs2x-acoustic-guitar-c4_184264aafe.wav,,2.777,Synth,,freewavesamples,Synth
wav_files/freewavesamples_roland-jv-880-12-string-guitar-c5_39e3b8a86d.wav,,2.2468,Synth,,freewavesamples,Synth
wav_files/freewavesamples_roland-jd-990-windchimes_0627ab11e7.wav,,5.1144,Sound Effects,,freewavesamples,Sound Effects
wav_files/freewavesamples_roland-u-220-bass-harmonic-c7_84f61960fa.wav,,3.8197,Synth,,freewavesamples,Synth
wav_files/freewavesamples_roland-gr-1-saxophone-c5_c417365885.wav,,3.2933,Brass,,freewavesamples,Brass
wav_files/freewavesamples_roland-jd-990-guitar-c5_82dcbc9622.wav,,2.0134,Synth,,freewavesamples,Synth
wav_files/freewavesamples_roland-gr-1-sitar-c5_6f5638f341.wav,,2.3184,Ethnic Instruments,,freewavesamples,Ethnic Instruments
wav_files/freewavesamples_roland-gr-1-pick-bass-c3_af2c944a49.wav,,2.0548,Electric,,freewavesamples,Electric
wav_files/freewavesamples_roland-gr-1-vibraphone-c5_730fecfd44.wav,,2.6332,Percussion,,freewavesamples,Percussion
wav_files/freewavesamples_roland-jd-990-vox-pad-c5_cfa566719c.wav,,4.0966,Pads,,freewavesamples,Pads
wav_files/freewavesamples_ride-cymbal-3_b2c6888bf9.wav,,1.4138,Ride,,freewavesamples,Ride
wav_files/freewavesamples_roland-gr-1-acoustic-guitar-c4_bdbc9e7300.wav,,3.0071,Synth,,freewavesamples,Synth
wav_files/freewavesamples_roland-jx-8p-hi-strings-c7_d7ad176dbd.wav,,2.9794,Strings,,freewavesamples,Strings
wav_files/freewavesamples_roland-jx-8p-sync-lead-c4_d3e5d87709.wav,,2.0161,Lead,,freewavesamples,Lead
wav_files/freewavesamples_ride-cymbal-5_0a847a24a6.wav,,1.0671,Ride,,freewavesamples,Ride
wav_files/freewavesamples_roland-gr-1-slap-bass-c3_12577fcefb.wav,,2.4898,Synth,,freewavesamples,Synth
wav_files/freewavesamples_roland-gr-1-sweep-c5_372c85d833.wav,,4.4419,Pads,,freewavesamples,Pads
wav_files/freewavesamples_roland-gr-1-12-string-guitar-c4_e27d2d912f.wav,,2.7562,Synth,,freewavesamples,Synth
wav_files/freewavesamples_ride-cymbal-2_773ad9ef29.wav,,1.31,Ride,,freewavesamples,Ride
wav_files/freewavesamples_ride-cymbal-4_5845a76c76.wav,,1.135,Ride,,freewavesamples,Ride
wav_files/freewavesamples_roland-gr-1-breathy-pad-c4_58ad3723e1.wav,,4.8,Pads,,freewavesamples,Pads
wav_files/freewavesamples_roland-gr-1-pick-bass-2-c4_d1524b571b.wav,,2.5599,Electric,,freewavesamples,Electric
wav_files/freewavesamples_yamaha-sy22-genesis-c1_bbd6eb1ed4.wav,,10.0,Pads,,freewavesamples,Pads
wav_files/freewavesamples_roland-jx-8p-pipe-organ-c4_840546bf77.wav,,2.9628,Organs,,freewavesamples,Organs
wav_files/freewavesamples_roland-d-550-brass-c3_4a8be4bd58.wav,,2.9703,Brass,,freewavesamples,Brass
wav_files/freewavesamples_roland-jx-8p-bell-c5_e54d28d015.wav,,3.7049,Bells,,freewavesamples,Bells
wav_files/freewavesamples_roland-gr-1-synth-guitar-lead-c5_aac8bbb6d0.wav,,2.8628,Synth,,freewavesamples,Synth
wav_files/freewavesamples_roland-d-550-organ-c7_638df34d30.wav,,3.0266,Organs,,freewavesamples,Organs
wav_files/freewavesamples_roland-d-550-strings-c4_957db51532.wav,,4.7464,Strings,,freewavesamples,Strings
wav_files/freewavesamples_open-hi-hat-3_2584f47b42.wav,,1.1714,Hi-Hat,,freewavesamples,Hi-Hat
wav_files/freewavesamples_roland-jd-990-buzzy-pad-c4_73b6e045dc.wav,,6.9404,Pads,,freewavesamples,Pads
wav_files/freewavesamples_roland-d-20-space-lead-c4_b77bc45872.wav,,2.2459,Lead,,freewavesamples,Lead
wav_files/freewavesamples_roland-d-550-organ-c3_38257f0e58.wav,,3.3406,Organs,,freewavesamples,Organs
wav_files/freewavesamples_roland-gr-1-orchestra-hit-c5_af58b3a4bf.wav,,2.2087,Orchestral,,freewavesamples,Orchestral
wav_files/freewavesamples_roland-d-550-organ-c5_ccd45c3c66.wav,,3.2849,Organs,,freewavesamples,Organs
wav_files/freewavesamples_open-hi-hat-1_971a882aa2.wav,,2.2272,Hi-Hat,,freewavesamples,Hi-Hat
wav_files/freewavesamples_open-hi-hat-2_47220c187b.wav,,1.5001,Hi-Hat,,freewavesamples,Hi-Hat
wav_files/freewavesamples_roland-gr-1-bell-ping-c5_7b722b2c12.wav,,2.5336,Bells,,freewavesamples,Bells
wav_files/freewavesamples_roland-gr-1-steel-drum-c4_0e11aa734e.wav,,2.0732,Ethnic Instruments,,freewavesamples,Ethnic Instruments
wav_files/freewavesamples_proteus-lead-c6_87031ae4df.wav,,2.0386,Lead,,freewavesamples,Lead
wav_files/freewavesamples_roland-jx-8p-lo-strings-c4_ce1e38a309.wav,,4.4169,Strings,,freewavesamples,Strings
wav_files/freewavesamples_korg-poly-800-brass-c4_445268331d.wav,,2.1189,Brass,,freewavesamples,Brass
wav_files/freewavesamples_kick-drum-7_da4301460d.wav,,1.1234,Kick,,freewavesamples,Kick
wav_files/freewavesamples_korg-ds-8-rotary-organ-c6_7af45a5d31.wav,,2.1088,Organs,,freewavesamples,Organs
wav_files/freewavesamples_korg-poly-800-organ-c4_6731f2ca2c.wav,,2.101,Organs,,freewavesamples,Organs
wav_files/freewavesamples_korg-poly-800-saw-bass-c3_c81e186e5d.wav,,2.2789,Synth,,freewavesamples,Synth
wav_files/freewavesamples_roland-d-20-pulse-lead-c4_4312b9e418.wav,,2.8976,Lead,,freewavesamples,Lead
wav_files/freewavesamples_harsh-digital-noise_dc1fe776a9.wav,,1.38,Sound Effects,,freewavesamples,Sound Effects
wav_files/freewavesamples_korg-ds-8-strings-c4_e897f35b75.wav,,4.1021,Strings,,freewavesamples,Strings
wav_files/freewavesamples_roland-jv-880-strings-c3_555f1b4e79.wav,,3.6215,Strings,,freewavesamples,Strings
wav_files/freewavesamples_korg-ds-8-electric-piano-c5_d9287bffd0.wav,,2.2479,Electric Piano,,freewavesamples,Electric Piano
wav_files/freewavesamples_mod-organ-c4_e13f7a29d1.wav,,2.7564,Organs,,freewavesamples,Organs
wav_files/freewavesamples_hand-drum_b2e1e97647.wav,,1.3914,Percussion,,freewavesamples,Percussion
wav_files/freewavesamples_roland-gr-1-trumpet-c5_abc8cf758a.wav,,3.004,Brass,,freewavesamples,Brass
wav_files/freewavesamples_kawai-k1r-bass-c2_ef3fc1edfa.wav,,2.1126,Synth,,freewavesamples,Synth
wav_files/freewavesamples_overloaded-bass-pulse-c3_03eab5b2bc.wav,,2.7006,Synth,,freewavesamples,Synth
wav_files/freewavesamples_roland-d-20-sax-c5_98450539de.wav,,3.0974,Brass,,freewavesamples,Brass
wav_files/freewavesamples_korg-ds-8-brass-c5_57753ad0d7.wav,,2.5919,Brass,,freewavesamples,Brass
wav_files/freewavesamples_ensoniq-sq-80-sax-c4_f2b07f062c.wav,,2.0457,Brass,,freewavesamples,Brass
wav_files/freewavesamples_korg-ds-8-organ-c4_0bc8d8483d.wav,,2.0507,Organs,,freewavesamples,Organs
wav_files/freewavesamples_ensoniq-sq-80-harpsichord-c3_5a010e06ae.wav,,2.0073,Keyboards,,freewavesamples,Keyboards
wav_files/freewavesamples_ensoniq-sq-80-organ-c4_a0d3016e45.wav,,2.1132,Organs,,freewavesamples,Organs
wav_files/freewavesamples_ensoniq-sq-80-strings-c5_d2c512743d.wav,,3.5036,Strings,,freewavesamples,Strings
wav_files/freewavesamples_ensoniq-vfx-sd-breathy-strings-c4_c24ee83f7e.wav,,4.3767,Strings,,freewavesamples,Strings
wav_files/freewavesamples_roland-gr-1-clarinet-c5_e29b5c7ddf.wav,,2.7761,Woodwinds,,freewavesamples,Woodwinds
wav_files/freewavesamples_ensoniq-sq-80-strings-c3_b024ee1ac0.wav,,3.5993,Strings,,freewavesamples,Strings
wav_files/freewavesamples_kawai-k1r-piano-c3_85805e58ab.wav,,3.2325,Piano,,freewavesamples,Piano
wav_files/freewavesamples_ominous-echo-c3_ce55ef53f0.wav,,5.4966,Pads,,freewavesamples,Pads
wav_files/freewavesamples_korg-ds-8-bass-c3_f869510a30.wav,,2.5423,Synth,,freewavesamples,Synth
wav_files/freewavesamples_ensoniq-vfx-sd-organ-c4_b2e8d8c39f.wav,,2.1516,Organs,,freewavesamples,Organs
wav_files/freewavesamples_ensoniq-sq-80-piano-strings-c4_b97a0da5f0.wav,,3.1501,Strings,,freewavesamples,Strings
wav_files/freewavesamples_kettle-drum-1_93604d981e.wav,,2.8798,Percussion,,freewavesamples,Percussion
wav_files/freewavesamples_ensoniq-sd-1-slap-bass-c4_2af03c181c.wav,,2.0654,Synth,,freewavesamples,Synth
wav_files/freewavesamples_ensoniq-sd-1-saxophone-c5_60527f66d5.wav,,3.6731,Brass,,freewavesamples,Brass
wav_files/freewavesamples_ensoniq-sq-2-spacey-pad-c7_52d0844c45.wav,,5.2463,Pads,,freewavesamples,Pads
wav_files/freewavesamples_korg-ds-8-synth-wind_a3d2e1b110.wav,,7.1439,Nature,,freewavesamples,Nature
wav_files/freewavesamples_ensoniq-sq-2-piano-c2_daf68c73f9.wav,,3.6129,Piano,,freewavesamples,Piano
wav_files/freewavesamples_ensoniq-sq-80-rezo-bell-pad-c4_7a387ed873.wav,,4.9096,Pads,,freewavesamples,Pads
wav_files/freewavesamples_ethnic-flute-triplet-c5_2309f5c4f9.wav,,4.2746,Ethnic Instruments,,freewavesamples,Ethnic Instruments
wav_files/freewavesamples_ensoniq-sq-2-synth-bass-lead-c3_ac43aefbe0.wav,,3.4239,Lead,,freewavesamples,Lead
wav_files/freewavesamples_ensoniq-esq-1-rock-organ-c4_e67161dd24.wav,,2.1534,Organs,,freewavesamples,Organs
wav_files/freewavesamples_ensoniq-sq-2-piano-c4_4e6e1ff269.wav,,2.755,Piano,,freewavesamples,Piano
wav_files/freewavesamples_ensoniq-sd-1-strings-c4_e88dcc2a24.wav,,4.5397,Strings,,freewavesamples,Strings
wav_files/freewavesamples_ensoniq-sq-2-electric-piano-c4_334bb96301.wav,,3.1647,Electric Piano,,freewavesamples,Electric Piano
wav_files/freewavesamples_ensoniq-sq-2-piano-c7_ae12bf3ba2.wav,,2.6199,Piano,,freewavesamples,Piano
wav_files/freewavesamples_ensoniq-esq-1-brass-c3_4f8fbe1cc3.wav,,2.1436,Brass,,freewavesamples,Brass
wav_files/freewavesamples_resonant-stereo-pad-c3_c5f011eadc.wav,,4.8003,Pads,,freewavesamples,Pads
wav_files/freewavesamples_ensoniq-esq-1-bell-c5_0fec20d022.wav,,1.5473,Bells,,freewavesamples,Bells
wav_files/freewavesamples_ensoniq-esq-1-organ-c4_4f1268ed48.wav,,2.1609,Organs,,freewavesamples,Organs
wav_files/freewavesamples_ensoniq-sd-1-electric-piano-c6_ae75ca54c8.wav,,3.0311,Electric Piano,,freewavesamples,Electric Piano
wav_files/freewavesamples_e-mu-proteus2-synth-bass-c4_d334569336.wav,,2.2869,Synth,,freewavesamples,Synth
wav_files/freewavesamples_gong_e3131c9057.wav,,4.25,Cymbals,,freewavesamples,Cymbals
wav_files/freewavesamples_ensoniq-esq-1-synth-sweep-c4_e08897f4a3.wav,,5.5683,Pads,,freewavesamples,Pads
wav_files/freewavesamples_electro-chord_3abbfb8cb5.wav,,3.2366,Sound Effects,,freewavesamples,Sound Effects
wav_files/freewavesamples_e-mu-proteus2-timpani-c3_60d027f3ad.wav,,2.6236,Percussion,,freewavesamples,Percussion
wav_files/freewavesamples_tubular-bell-pad-c4_3da58dbd71.wav,,7.7225,Pads,,freewavesamples,Pads
wav_files/freewavesamples_ensoniq-sd-1-bass-rumble-c2_403607e010.wav,,1.3811,Sound Effects,,freewavesamples,Sound Effects
wav_files/freewavesamples_e-mu-proteus2-flute-c5_0394ebdda5.wav,,2.2883,Woodwinds,,freewavesamples,Woodwinds
wav_files/freewavesamples_e-mu-proteus2-celesta-c6_c52ee564bc.wav,,1.3022,Keyboards,,freewavesamples,Keyboards
wav_files/freewavesamples_ensoniq-esq-1-omen-pad-c2_5f1dc7c6b7.wav,,4.4501,Pads,,freewavesamples,Pads
wav_files/freewavesamples_e-mu-proteus2-electric-guitar-c4_a9b87e8b96.wav,,2.1844,Synth,,freewavesamples,Synth
wav_files/freewavesamples_crash-cymbal-2_79611ef570.wav,,1.4364,Crash,,freewavesamples,Crash
wav_files/freewavesamples_kawai-k1r-pad-c4_eaf9ee1285.wav,,5.1707,Pads,,freewavesamples,Pads
wav_files/freewavesamples_crash-cymbal-4_f61500b480.wav,,2.2376,Crash,,freewavesamples,Crash
wav_files/freewavesamples_crash-cymbal-1_52d8cf4e2e.wav,,1.7637,Crash,,freewavesamples,Crash
wav_files/freewavesamples_ensoniq-sq-2-bassoon-c4_ba501bf202.wav,,3.5565,Woodwinds,,freewavesamples,Woodwinds
wav_files/freewavesamples_ensoniq-sd-1-lead-c6_38aaa5de2d.wav,,3.0229,Lead,,freewavesamples,Lead
wav_files/freewavesamples_digital-seashore_8cc32de6a9.wav,,10.0,Nature,,freewavesamples,Nature
wav_files/freewavesamples_8-bit-noise-3_c28297ad33.wav,,1.5409,Chiptune,,freewavesamples,Chiptune
wav_files/freewavesamples_crash-cymbal-3_97a5f22cfb.wav,,2.0364,Crash,,freewavesamples,Crash
wav_files/freewavesamples_crash-cymbal-5_d00d154e11.wav,,3.0873,Crash,,freewavesamples,Crash
wav_files/freewavesamples_applause_cd689c6e6d.wav,,2.6233,Sound Effects,,freewavesamples,Sound Effects
wav_files/freewavesamples_ensoniq-sd-1-rock-organ-c5_1dbb7c9034.wav,,2.3936,Organs,,freewavesamples,Organs
wav_files/freewavesamples_boom-kick_880a52a7e3.wav,,1.8386,Kick,,freewavesamples,Kick
wav_files/freewavesamples_ensoniq-sd-1-bass-pad-c3_a4c440ae65.wav,,4.0734,Pads,,freewavesamples,Pads
wav_files/freewavesamples_e-mu-proteus2-tubular-bell-c5_377b898482.wav,,3.6943,Bells,,freewavesamples,Bells
wav_files/freewavesamples_korg-ds-8-rezo-bass-c3_be92b3bf61.wav,,7.9883,Synth,,freewavesamples,Synth
wav_files/freewavesamples_alesis-fusion-bass-c3_f6405fdd0a.wav,,3.1002,Synth,,freewavesamples,Synth
wav_files/freewavesamples_8-bit-noise-1_321d48f25c.wav,,5.2476,Chiptune,,freewavesamples,Chiptune
wav_files/freewavesamples_yamaha-tx81z-fuzz-piano-f-3_679e46268a.wav,,2.101,Piano,,freewavesamples,Piano
wav_files/freewavesamples_ensoniq-sd-1-echo-pad-c2_67a32f67dc.wav,,5.9576,Pads,,freewavesamples,Pads
wav_files/freewavesamples_cartoon-timpani_afa67cc742.wav,,2.4729,Sound Effects,,freewavesamples,Sound Effects
wav_files/freewavesamples_e-mu-proteus2-sync-lead-c6_0d240c347a.wav,,2.3355,Lead,,freewavesamples,Lead
wav_files/freewavesamples_yamaha-tg77-acoustic-bass-c4_155e2aec9f.wav,,2.0484,Acoustic,,freewavesamples,Acoustic
wav_files/freewavesamples_chirping-birds_f720af77b4.wav,,2.1843,Nature,,freewavesamples,Nature
wav_files/freewavesamples_ensoniq-esq-1-synth-echo-bell-c2_79be4ebe30.wav,,3.8342,Bells,,freewavesamples,Bells
wav_files/freewavesamples_bowed-bass-c2_9ab43fe103.wav,,3.3593,Acoustic,,freewavesamples,Acoustic
wav_files/freewavesamples_yamaha-tx81z-analog-organ-c3_6639bdf49a.wav,,2.0186,Organs,,freewavesamples,Organs
wav_files/freewavesamples_yamaha-tx81z-6-tease-c4_a1dc15527e.wav,,2.0814,Organs,,freewavesamples,Organs
wav_files/freewavesamples_yamaha-tx81z-harmo-pad-c3_fbcf91eae8.wav,,4.2401,Pads,,freewavesamples,Pads
wav_files/freewavesamples_alesis-fusion-bass-loop_4ddf1ba564.wav,,2.0081,Loops,,freewavesamples,Loops
wav_files/freewavesamples_yamaha-rx15-ride-cymbal_2258fc35c3.wav,,1.5056,Ride,,freewavesamples,Ride
wav_files/freewavesamples_ensoniq-sq-80-strings-c7_4e03dd95b1.wav,,3.4201,Strings,,freewavesamples,Strings
wav_files/freewavesamples_yamaha-tg77-clarinet-c4_475d467866.wav,,2.0625,Woodwinds,,freewavesamples,Woodwinds
wav_files/freewavesamples_yamaha-tg55-piano-c3_58e5f6ee09.wav,,2.4971,Piano,,freewavesamples,Piano
wav_files/freewavesamples_yamaha-tg33-bass-c3_0787abecd6.wav,,2.1541,Synth,,freewavesamples,Synth
wav_files/freewavesamples_yamaha-sy35-plucked-strings-c5_f4397e2696.wav,,2.646,Strings,,freewavesamples,Strings
wav_files/freewavesamples_yamaha-tx802-electric-piano-c5_287fd76455.wav,,2.1506,Electric Piano,,freewavesamples,Electric Piano
wav_files/freewavesamples_yamaha-tg77-strings-c5_af2c842493.wav,,2.7399,Strings,,freewavesamples,Strings
wav_files/freewavesamples_boom_0e9b847d16.wav,,5.0996,Sound Effects,,freewavesamples,Sound Effects
wav_files/freewavesamples_yamaha-tx802-synth-bell-c6_5e792e0ece.wav,,6.3572,Bells,,freewavesamples,Bells
wav_files/freewavesamples_8-bit-noise-2_02c7ba1f00.wav,,7.7022,Chiptune,,freewavesamples,Chiptune
wav_files/freewavesamples_yamaha-tx81z-lately-bass-c3_b28fcd841a.wav,,2.1603,Synth,,freewavesamples,Synth
wav_files/freewavesamples_yamaha-sy35-harp-c7_3f9ffcb34b.wav,,2.4787,Strings,,freewavesamples,Strings
wav_files/freewavesamples_e-mu-proteus2-glockenspiel-c4_5229f1d660.wav,,4.5771,Percussion,,freewavesamples,Percussion
wav_files/freewavesamples_yamaha-sy35-buzzy-synth-lead-c4_8e70b6a2ea.wav,,2.25,Lead,,freewavesamples,Lead
wav_files/freewavesamples_casio-vz-10m-lead-c6_5bc6b457e7.wav,,2.9399,Lead,,freewavesamples,Lead
wav_files/freewavesamples_yamaha-sy35-clarinet-c5_cc43aae5a1.wav,,4.3625,Woodwinds,,freewavesamples,Woodwinds
wav_files/freewavesamples_yamaha-sy35-brass-with-strings-c4_42ba3c501b.wav,,4.3436,Brass,,freewavesamples,Brass
wav_files/freewavesamples_crazed-bells_0f99429022.wav,,6.7007,Sound Effects,,freewavesamples,Sound Effects
wav_files/freewavesamples_yamaha-tx81z-synth-funk-bass-c4_814f651907.wav,,2.3747,Synth,,freewavesamples,Synth
wav_files/freewavesamples_yamaha-tg33-pipe-c5_0ee24f52a6.wav,,2.8156,Ethnic Instruments,,freewavesamples,Ethnic Instruments
wav_files/freewavesamples_yamaha-tg55-piano-c5_43229d1adb.wav,,2.0956,Piano,,freewavesamples,Piano
wav_files/freewavesamples_yamaha-rx15-crash-cymbal_e256093ff3.wav,,1.5034,Crash,,freewavesamples,Crash
wav_files/freewavesamples_yamaha-tg55-string-section-c3_038d33dcc8.wav,,3.5322,Strings,,freewavesamples,Strings
